team,player,stat_short,stat_type,line,True_Line,over_odds,over_imp_prob,under_odds,under_imp_prob,PPR_PTS
BUFFALO BILLS,BRADLEY CHUBB,SK_DEF,Sacks,7.5,8.3625,-130,0.5305039787798408,100,0.4694960212201591,0
BUFFALO BILLS,COLE BISHOP,INT_DEF,Interceptions,1.5,1.5,-115,0.5,-115,0.5,0
BUFFALO BILLS,DJ MOORE,TD_REC,Receiving TD's,5.5,6.5725,-140,0.5511811023622047,110,0.4488188976377953,187.485
BUFFALO BILLS,DJ MOORE,YDS_REC,Receiving Yards,825.5,825.5,-115,0.5,-115,0.5,187.485
BUFFALO BILLS,DJ MOORE,REC_REC,Receptions,65.5,65.5,-115,0.5,-115,0.5,187.485
BUFFALO BILLS,DALTON KINCAID,TD_REC,Receiving TD's,4.5,3.9825,100,0.4694960212201591,-130,0.5305039787798408,73.0125
BUFFALO BILLS,DALTON KINCAID,REC_REC,Receptions,55.5,49.1175,100,0.4694960212201591,-130,0.5305039787798408,73.0125
BUFFALO BILLS,DALTON KINCIAD,YDS_REC,Receiving Yards,650.5,575.6925,100,0.4694960212201591,-130,0.5305039787798408,57.569250000000004
BUFFALO BILLS,GREGORY ROUSSEAU,SK_DEF,Sacks,6.5,5.2325,110,0.4488188976377953,-140,0.5511811023622047,0
BUFFALO BILLS,JAMES COOK,Receiving & Rushing Yards,Receiving & Rushing Yards,1550.5,1550.5,-115,0.5,-115,0.5,180.53000000000003
BUFFALO BILLS,JAMES COOK,TD_RUSH,Rushing TD's,10.5,10.080000000000002,-110,0.48930481283422456,-120,0.5106951871657753,180.53000000000003
BUFFALO BILLS,JAMES COOK,YDS_RUSH,Rushing Yards,1200.5,1200.5,-115,0.5,-115,0.5,180.53000000000003
BUFFALO BILLS,JOSH ALLEN,Passing INT's,Passing INT's,10.5,10.5,-115,0.5,-115,0.5,374.87230000000005
BUFFALO BILLS,JOSH ALLEN,TD_PASS,Passing TD's,24.5,24.5,-115,0.5,-115,0.5,374.87230000000005
BUFFALO BILLS,JOSH ALLEN,YDS_PASS,Passing Yards,3600.5,4014.5575,-130,0.5305039787798408,100,0.4694960212201591,374.87230000000005
BUFFALO BILLS,JOSH ALLEN,TD_RUSH,Rushing TD's,11.5,11.040000000000003,-110,0.48930481283422456,-120,0.5106951871657753,374.87230000000005
BUFFALO BILLS,JOSH ALLEN,YDS_RUSH,Rushing Yards,500.5,500.5,-115,0.5,-115,0.5,374.87230000000005
BUFFALO BILLS,KHALIL SHAKIR,TD_REC,Receiving TD's,3.5,4.4275,-150,0.5684754521963824,120,0.43152454780361754,162.115
BUFFALO BILLS,KHALIL SHAKIR,YDS_REC,Receiving Yards,650.5,650.5,-115,0.5,-115,0.5,162.115
BUFFALO BILLS,KHALIL SHAKIR,REC_REC,Receptions,70.5,70.5,-115,0.5,-115,0.5,162.115
BUFFALO BILLS,TERREL BERNARD,TKL_DEF,Tackles & Assists,92.5,92.5,-115,0.5,-115,0.5,0
MIAMI DOLPHINS,DE'VON ACHANE,YDS_REC,Receiving Yards,475.5,475.5,-115,0.5,-115,0.5,241.10000000000002
MIAMI DOLPHINS,DE'VON ACHANE,REC_REC,Receptions,60.5,60.5,-115,0.5,-115,0.5,241.10000000000002
MIAMI DOLPHINS,DE'VON ACHANE,TD_RUSH,Rushing TD's,5.5,5.5,-115,0.5,-115,0.5,241.10000000000002
MIAMI DOLPHINS,DE'VON ACHANE,YDS_RUSH,Rushing Yards,1000.5,1000.5,-115,0.5,-115,0.5,241.10000000000002
MIAMI DOLPHINS,GREG DULCICH,Receiving Yrads,Receiving Yrads,475.5,420.8175,100,0.4694960212201591,-130,0.5305039787798408,0
MIAMI DOLPHINS,JORDYN BROOKS,TKL_DEF,Tackles & Assists,145.5,145.5,-115,0.5,-115,0.5,0
MIAMI DOLPHINS,MALIK WILLIS,Passing INT's,Passing INT's,10.5,10.5,-115,0.5,-115,0.5,170.01999999999998
MIAMI DOLPHINS,MALIK WILLIS,TD_PASS,Passing TD's,13.5,13.5,-115,0.5,-115,0.5,170.01999999999998
MIAMI DOLPHINS,MALIK WILLIS,YDS_PASS,Passing Yards,2900.5,2900.5,-115,0.5,-115,0.5,170.01999999999998
MIAMI DOLPHINS,UNKNOWN,De'Von Achane MIA -Total Receiving & Rushing Yards,De'Von Achane MIA -Total Receiving & Rushing Yards,1475.5,1416.4800000000002,-110,0.48930481283422456,-120,0.5106951871657753,0
NEW ENGLAND PATRIOTS,A.J. BROWN,TD_REC,Receiving TD's,6.5,8.2225,-150,0.5684754521963824,120,0.43152454780361754,241.88500000000002
NEW ENGLAND PATRIOTS,A.J. BROWN,YDS_REC,Receiving Yards,1100.5,1100.5,-115,0.5,-115,0.5,241.88500000000002
NEW ENGLAND PATRIOTS,A.J. BROWN,REC_REC,Receptions,82.5,82.5,-115,0.5,-115,0.5,241.88500000000002
NEW ENGLAND PATRIOTS,CHRISTIAN GONZALEZ,INT_DEF,Interceptions,1.5,1.5,-115,0.5,-115,0.5,0
NEW ENGLAND PATRIOTS,DRAKE MAYE,Passing INT's,Passing INT's,10.5,10.5,-115,0.5,-115,0.5,258.02
NEW ENGLAND PATRIOTS,DRAKE MAYE,TD_PASS,Passing TD's,26.5,26.5,-115,0.5,-115,0.5,258.02
NEW ENGLAND PATRIOTS,DRAKE MAYE,YDS_PASS,Passing Yards,3800.5,3800.5,-115,0.5,-115,0.5,258.02
NEW ENGLAND PATRIOTS,HAROLD LANDRY,SK_DEF,Sacks,7.5,7.5,-115,0.5,-115,0.5,0
NEW ENGLAND PATRIOTS,HUNTER HENRY,TD_REC,Receiving TD's,4.5,5.0175,-130,0.5305039787798408,100,0.4694960212201591,30.105
NEW ENGLAND PATRIOTS,RHAMONDRE STEVENSON,TD_RUSH,Rushing TD's,5.5,6.1325,-130,0.5305039787798408,100,0.4694960212201591,96.845
NEW ENGLAND PATRIOTS,RHAMONDRE STEVENSON,YDS_RUSH,Rushing Yards,600.5,600.5,-115,0.5,-115,0.5,96.845
NEW ENGLAND PATRIOTS,ROBERT SPILLANE,TKL_DEF,Tackles & Assists,120.5,120.5,-115,0.5,-115,0.5,0
NEW ENGLAND PATRIOTS,ROMEO DOUBS,TD_REC,Receiving TD's,4.5,5.535,-145,0.5598958333333334,115,0.44010416666666663,98.25999999999999
NEW ENGLAND PATRIOTS,ROMEO DOUBS,YDS_REC,Receiving Yards,650.5,650.5,-115,0.5,-115,0.5,98.25999999999999
NEW ENGLAND PATRIOTS,TREVEYON HENDERSON,TD_RUSH,Rushing TD's,5.5,6.1325,-130,0.5305039787798408,100,0.4694960212201591,111.845
NEW ENGLAND PATRIOTS,TREVEYON HENDERSON,YDS_RUSH,Rushing Yards,750.5,750.5,-115,0.5,-115,0.5,111.845
NEW ENGLAND PATRIOTS,UNKNOWN,Hunter Henry NE Total Receiving Yards,Hunter Henry NE Total Receiving Yards,550.5,404.61749999999995,120,0.43152454780361754,-150,0.5684754521963824,0
NEW YORK JETS,BREECE HALL,Receiving & Rushing Yards,Receiving & Rushing Yards,1350.5,1350.5,-115,0.5,-115,0.5,126.43374999999999
NEW YORK JETS,BREECE HALL,TD_RUSH,Rushing TD's,5.5,4.0424999999999995,120,0.43152454780361754,-150,0.5684754521963824,126.43374999999999
NEW YORK JETS,BREECE HALL,YDS_RUSH,Rushing Yards,950.5,1021.7874999999999,-125,0.5199999999999999,-105,0.48,126.43374999999999
NEW YORK JETS,DAVID BAILEY,SK_DEF,Sacks,5.5,5.280000000000001,-110,0.48930481283422456,-120,0.5106951871657753,0
NEW YORK JETS,DEMARIO DAVIS,Tackles & Assist,Tackles & Assist,110.5,110.5,-115,0.5,-115,0.5,0
NEW YORK JETS,GARRETT WILSON,TD_REC,Receiving TD's,4.5,4.5,-115,0.5,-115,0.5,203.8275
NEW YORK JETS,GARRETT WILSON,YDS_REC,Receiving Yards,999.5,999.5,-115,0.5,-115,0.5,203.8275
NEW YORK JETS,GARRETT WILSON,REC_REC,Receptions,95.5,76.8775,110,0.4488188976377953,-140,0.5511811023622047,203.8275
NEW YORK JETS,JAMIEN SHERWOOD,TKL_DEF,Tackles & Assists,140.5,140.5,-115,0.5,-115,0.5,0
NEW YORK JETS,KENYON SADIQ,TD_REC,Receiving TD's,3.5,2.5725,120,0.43152454780361754,-150,0.5684754521963824,62.985
NEW YORK JETS,KENYON SADIQ,YDS_REC,Receiving Yards,475.5,475.5,-115,0.5,-115,0.5,62.985
NEW YORK JETS,MINKAH FITZPATRICK,INT_DEF,Interceptions,1.5,1.5,-115,0.5,-115,0.5,0
NEW YORK JETS,OMAR COOPER,TD_REC,Receiving TD's,3,3,-115,0.5,-115,0.5,67.95
NEW YORK JETS,OMAR COOPER,YDS_REC,Receiving Yards,499.5,499.5,-115,0.5,-115,0.5,67.95
NEW YORK JETS,WILL MCDONALD,SK_DEF,Sacks,7.5,7.5,-115,0.5,-115,0.5,0
BALTIMORE RAVENS,DERRICK HENRY,TD_RUSH,Rushing TD's,12.5,12.5,-115,0.5,-115,0.5,197.55
BALTIMORE RAVENS,DERRICK HENRY,YDS_RUSH,Rushing Yards,1225.5,1225.5,-115,0.5,-115,0.5,197.55
BALTIMORE RAVENS,KYLE HAMILTON,TKL_DEF,Tackles & Assists,100.5,100.5,-115,0.5,-115,0.5,0
BALTIMORE RAVENS,LAMAR JACKSON,Passing INT's,Passing INT's,8.5,6.8425,110,0.4488188976377953,-140,0.5511811023622047,283.47375
BALTIMORE RAVENS,LAMAR JACKSON,TD_PASS,Passing TD's,24.5,24.5,-115,0.5,-115,0.5,283.47375
BALTIMORE RAVENS,LAMAR JACKSON,YDS_PASS,Passing Yards,3250.5,3250.5,-115,0.5,-115,0.5,283.47375
BALTIMORE RAVENS,LAMAR JACKSON,YDS_RUSH,Rushing Yards,599.5,554.5375,-105,0.48,-125,0.5199999999999999,283.47375
BALTIMORE RAVENS,MARK ANDREWS,TD_REC,Receiving TD's,5.5,6.1325,-130,0.5305039787798408,100,0.4694960212201591,139.845
BALTIMORE RAVENS,MARK ANDREWS,YDS_REC,Receiving Yards,525.5,525.5,-115,0.5,-115,0.5,139.845
BALTIMORE RAVENS,MARK ANDREWS,REC_REC,Receptions,50.5,50.5,-115,0.5,-115,0.5,139.845
BALTIMORE RAVENS,ROQUAN SMITH,TKL_DEF,Tackles & Assists,130.5,130.5,-115,0.5,-115,0.5,0
BALTIMORE RAVENS,TREY HENDRICKSON,SK_DEF,Sacks,11.5,12.8225,-130,0.5305039787798408,100,0.4694960212201591,0
BALTIMORE RAVENS,TREY HENDRICKSON,TKL_DEF,Tackles & Assists,40.5,35.8425,100,0.4694960212201591,-130,0.5305039787798408,0
BALTIMORE RAVENS,ZAY FLOWERS,TD_REC,Receiving TD's,5.5,5.5,-115,0.5,-115,0.5,211.05
BALTIMORE RAVENS,ZAY FLOWERS,YDS_REC,Receiving Yards,975.5,975.5,-115,0.5,-115,0.5,211.05
BALTIMORE RAVENS,ZAY FLOWERS,REC_REC,Receptions,80.5,80.5,-115,0.5,-115,0.5,211.05
CINCINNATI BENGALS,BARRETT CARTER,TKL_DEF,Tackles & Assists,110.5,110.5,-115,0.5,-115,0.5,0
CINCINNATI BENGALS,BOYE MAFE,SK_DEF,Sacks,5.5,5.5,-115,0.5,-115,0.5,0
CINCINNATI BENGALS,CHASE BROWN,Receiving & Rushing Yards,Receiving & Rushing Yards,1350.5,1350.5,-115,0.5,-115,0.5,227.34500000000003
CINCINNATI BENGALS,CHASE BROWN,YDS_REC,Receiving Yards,400.5,400.5,-115,0.5,-115,0.5,227.34500000000003
CINCINNATI BENGALS,CHASE BROWN,REC_REC,Receptions,55.5,55.5,-115,0.5,-115,0.5,227.34500000000003
CINCINNATI BENGALS,CHASE BROWN,TD_RUSH,Rushing TD's,5.5,6.9575000000000005,-150,0.5684754521963824,120,0.43152454780361754,227.34500000000003
CINCINNATI BENGALS,CHASE BROWN,YDS_RUSH,Rushing Yards,900.5,900.5,-115,0.5,-115,0.5,227.34500000000003
CINCINNATI BENGALS,D.J. TURNER,INT_DEF,Interceptions,1.5,1.6124999999999998,-125,0.5199999999999999,-105,0.48,0
CINCINNATI BENGALS,DEMETRIUS KNIGHT,TKL_DEF,Tackles & Assists,100.5,100.5,-115,0.5,-115,0.5,0
CINCINNATI BENGALS,DEXTER LAWRENCE,SK_DEF,Sacks,4,4,-115,0.5,-115,0.5,0
CINCINNATI BENGALS,JA'MARR CHASE,TD_REC,Receiving TD's,10.5,10.5,-115,0.5,-115,0.5,308.05
CINCINNATI BENGALS,JA'MARR CHASE,YDS_REC,Receiving Yards,1325.5,1325.5,-115,0.5,-115,0.5,308.05
CINCINNATI BENGALS,JA'MARR CHASE,REC_REC,Receptions,112.5,112.5,-115,0.5,-115,0.5,308.05
CINCINNATI BENGALS,JOE BURROW,Passing INT's,Passing INT's,10.5,10.5,-115,0.5,-115,0.5,295.17999999999995
CINCINNATI BENGALS,JOE BURROW,TD_PASS,Passing TD's,32.5,33.8,-120,0.5106951871657753,-110,0.48930481283422456,295.17999999999995
CINCINNATI BENGALS,JOE BURROW,YDS_PASS,Passing Yards,3999.5,3999.5,-115,0.5,-115,0.5,295.17999999999995
CINCINNATI BENGALS,TEE HIGGINS,"Receiving TD""s","Receiving TD""s",8.5,5.907500000000001,125,0.4215938303341903,-155,0.5784061696658098,147.28575
CINCINNATI BENGALS,TEE HIGGINS,YDS_REC,Receiving Yards,899.5,796.0575,100,0.4694960212201591,-130,0.5305039787798408,147.28575
CINCINNATI BENGALS,TEE HIGGINS,REC_REC,Receptions,70.5,67.68,-110,0.48930481283422456,-120,0.5106951871657753,147.28575
CLEVELAND BROWNS,CARSON SCHWESINGER,TKL_DEF,Tackles & Assists,140.5,140.5,-115,0.5,-115,0.5,0
CLEVELAND BROWNS,DENZEL BOSTON,TD_REC,Receiving TD's,3,3,-115,0.5,-115,0.5,65.55000000000001
CLEVELAND BROWNS,DENZEL BOSTON,YDS_REC,Receiving Yards,475.5,475.5,-115,0.5,-115,0.5,65.55000000000001
CLEVELAND BROWNS,HAROLD FANNIN,TD_REC,Receiving TD's,4.5,4.5,-115,0.5,-115,0.5,99.55
CLEVELAND BROWNS,HAROLD FANNIN,YDS_REC,Receiving Yards,725.5,725.5,-115,0.5,-115,0.5,99.55
CLEVELAND BROWNS,HAROLD FANNIN,Reception,Reception,72.5,72.5,-115,0.5,-115,0.5,99.55
CLEVELAND BROWNS,JARED VERSE,SK_DEF,Sacks,7.5,5.512499999999999,120,0.43152454780361754,-150,0.5684754521963824,0
CLEVELAND BROWNS,JERRY JEUDY,TD_REC,Receiving TD's,2.5,2.7875,-130,0.5305039787798408,100,0.4694960212201591,124.775
CLEVELAND BROWNS,JERRY JEUDY,YDS_REC,Receiving Yards,625.5,625.5,-115,0.5,-115,0.5,124.775
CLEVELAND BROWNS,JERRY JEUDY,REC_REC,Receptions,45.5,45.5,-115,0.5,-115,0.5,124.775
CLEVELAND BROWNS,KC CONCEPCION,"Receiving TD""s","Receiving TD""s",3.5,3.5,-115,0.5,-115,0.5,114.94800000000001
CLEVELAND BROWNS,KC CONCEPCION,YDS_REC,Receiving Yards,650.5,624.4800000000001,-110,0.48930481283422456,-120,0.5106951871657753,114.94800000000001
CLEVELAND BROWNS,KC CONCEPCION,REC_REC,Receptions,52.5,52.5,-115,0.5,-115,0.5,114.94800000000001
CLEVELAND BROWNS,QUINCY WILLIAMS,TKL_DEF,Tackles & Assists,105.5,105.5,-115,0.5,-115,0.5,0
CLEVELAND BROWNS,QUINSHON JUDKINS,TD_RUSH,Rushing TD's,7.5,5.775,115,0.44010416666666663,-145,0.5598958333333334,100.83675
CLEVELAND BROWNS,QUINSHON JUDKINS,YDS_RUSH,Rushing Yards,900.5,661.8674999999998,120,0.43152454780361754,-150,0.5684754521963824,100.83675
CLEVELAND BROWNS,UNKNOWN,Quinshon Judkins CLE - Receiving & Rushing Yards,Quinshon Judkins CLE - Receiving & Rushing Yards,1050.5,929.6925,100,0.4694960212201591,-130,0.5305039787798408,0
PITTSBURGH STEELERS,AARON RODGERS,Passing INT's,Passing INT's,9.5,7.647500000000001,110,0.4488188976377953,-140,0.5511811023622047,184.5754
PITTSBURGH STEELERS,AARON RODGERS,TD_PASS,Passing TD's,21.5,21.5,-115,0.5,-115,0.5,184.5754
PITTSBURGH STEELERS,AARON RODGERS,YDS_PASS,Passing Yards,3200.5,2464.385,115,0.44010416666666663,-145,0.5598958333333334,184.5754
PITTSBURGH STEELERS,ALEX HIGHSMITH,SK_DEF,Sacks,8.5,8.5,-115,0.5,-115,0.5,0
PITTSBURGH STEELERS,DK METCALF,TD_REC,Receiving TD's,5.5,5.5,-115,0.5,-115,0.5,115.55000000000001
PITTSBURGH STEELERS,DK METCALF,YDS_REC,Receiving Yards,825.5,825.5,-115,0.5,-115,0.5,115.55000000000001
PITTSBURGH STEELERS,GERMIE BERNARD,TD_REC,Receiving TD's,2.5,2.2125,100,0.4694960212201591,-130,0.5305039787798408,52.633750000000006
PITTSBURGH STEELERS,GERMIE BERNARD,YDS_REC,Receiving Yards,425.5,393.58750000000003,-105,0.48,-125,0.5199999999999999,52.633750000000006
PITTSBURGH STEELERS,JALEN RAMSEY,TKL_DEF,Tackles & Assists,80.5,71.2425,100,0.4694960212201591,-130,0.5305039787798408,0
PITTSBURGH STEELERS,JAYLEN WARREN,TD_RUSH,Rushing TD's,4,4,-115,0.5,-115,0.5,86.55000000000001
PITTSBURGH STEELERS,JAYLEN WARREN,YDS_RUSH,Rushing Yards,625.5,625.5,-115,0.5,-115,0.5,86.55000000000001
PITTSBURGH STEELERS,JOEY PORTER,INT_DEF,Interceptions,1.5,1.5,-115,0.5,-115,0.5,0
PITTSBURGH STEELERS,MICHAEL PITTMAN,TD_REC,Receiving TD's,4.5,3.6225000000000005,110,0.4488188976377953,-140,0.5511811023622047,167.285
PITTSBURGH STEELERS,MICHAEL PITTMAN,YDS_REC,Receiving Yards,750.5,750.5,-115,0.5,-115,0.5,167.285
PITTSBURGH STEELERS,MICHAEL PITTMAN,REC_REC,Receptions,70.5,70.5,-115,0.5,-115,0.5,167.285
PITTSBURGH STEELERS,PATRICK QUEEN,TKL_DEF,Tackles & Assists,115.5,115.5,-115,0.5,-115,0.5,0
PITTSBURGH STEELERS,RICO DOWDLE,TD_RUSH,Rushing TD's,4.5,4.5,-115,0.5,-115,0.5,102.05
PITTSBURGH STEELERS,RICO DOWDLE,YDS_RUSH,Rushing Yards,750.5,750.5,-115,0.5,-115,0.5,102.05
PITTSBURGH STEELERS,T.J. WATT,SK_DEF,Sacks,10.5,11.2875,-125,0.5199999999999999,-105,0.48,0
PITTSBURGH STEELERS,T.J. WATT,TKL_DEF,Tackles & Assists,60.5,60.5,-115,0.5,-115,0.5,0
HOUSTON TEXANS,AZEEZ AL-SHAAIR,TKL_DEF,Tackles & Assists,109.5,109.5,-115,0.5,-115,0.5,0
HOUSTON TEXANS,C.J. STROUD,Passing INT's,Passing INT's,11.5,11.5,-115,0.5,-115,0.5,143.98
HOUSTON TEXANS,C.J. STROUD,"Passing TD""s","Passing TD""s",22.5,22.5,-115,0.5,-115,0.5,143.98
HOUSTON TEXANS,C.J. STROUD,YDS_PASS,Passing Yards,3599.5,3599.5,-115,0.5,-115,0.5,143.98
HOUSTON TEXANS,DALTON SCHULTZ,TD_REC,Receiving TD's,2.5,3.1625000000000005,-150,0.5684754521963824,120,0.43152454780361754,74.025
HOUSTON TEXANS,DALTON SCHULTZ,YDS_REC,Receiving Yards,550.5,550.5,-115,0.5,-115,0.5,74.025
HOUSTON TEXANS,DANIELLE HUNTER,SK_DEF,Sacks,11.5,11.5,-115,0.5,-115,0.5,0
HOUSTON TEXANS,DANIELLE HUNTER,TKL_DEF,Tackles & Assists,54.5,54.5,-115,0.5,-115,0.5,0
HOUSTON TEXANS,DAVID MONTGOMERY,TD_RUSH,Rushing TD's,7.5,7.200000000000001,-110,0.48930481283422456,-120,0.5106951871657753,126.348
HOUSTON TEXANS,DAVID MONTGOMERY,YDS_RUSH,Rushing Yards,799.5,831.4799999999999,-120,0.5106951871657753,-110,0.48930481283422456,126.348
HOUSTON TEXANS,DEREK STINGLEY JR.,INT_DEF,Interceptions,2.5,2.5,-115,0.5,-115,0.5,0
HOUSTON TEXANS,HENRY TO'OTO'O,TKL_DEF,Tackles & Assists,96.5,96.5,-115,0.5,-115,0.5,0
HOUSTON TEXANS,JAYDEN HIGGINS,TD_REC,Receiving TD's,3.5,3.5,-115,0.5,-115,0.5,78.55000000000001
HOUSTON TEXANS,JAYDEN HIGGINS,YDS_REC,Receiving Yards,575.5,575.5,-115,0.5,-115,0.5,78.55000000000001
HOUSTON TEXANS,WILL ANDERSON,SK_DEF,Sacks,11.5,11.5,-115,0.5,-115,0.5,0
HOUSTON TEXANS,WILL ANDERSON,TKL_DEF,Tackles & Assists,54.5,54.5,-115,0.5,-115,0.5,0
INDIANAPOLIS COLTS,AKEEM DAVIS-GAITHER,TKL_DEF,Tackles & Assists,99.5,99.5,-115,0.5,-115,0.5,0
INDIANAPOLIS COLTS,DANIEL JONES,Passing INT's,Passing INT's,10.5,10.5,-115,0.5,-115,0.5,214.13
INDIANAPOLIS COLTS,DANIEL JONES,TD_PASS,Passing TD's,21.5,19.0275,100,0.4694960212201591,-130,0.5305039787798408,214.13
INDIANAPOLIS COLTS,DANIEL JONES,YDS_PASS,Passing Yards,3450.5,3450.5,-115,0.5,-115,0.5,214.13
INDIANAPOLIS COLTS,DEFOREST BUCKNER,SK_DEF,Sacks,5.5,5.5,-115,0.5,-115,0.5,0
INDIANAPOLIS COLTS,JONATHAN TAYLOR,YDS_REC,Receiving Yards,325.5,312.4800000000001,-110,0.48930481283422456,-120,0.5106951871657753,246.91175
INDIANAPOLIS COLTS,JONATHAN TAYLOR,REC_REC,Receptions,38.5,30.9925,110,0.4488188976377953,-140,0.5511811023622047,246.91175
INDIANAPOLIS COLTS,JONATHAN TAYLOR,TD_RUSH,Rushing TD's,11.5,11.5,-115,0.5,-115,0.5,246.91175
INDIANAPOLIS COLTS,JONATHAN TAYLOR,YDS_RUSH,Rushing Yards,1250.5,1156.7125,-105,0.48,-125,0.5199999999999999,246.91175
INDIANAPOLIS COLTS,JOSH DOWNS,TD_REC,Receiving TD's,3.5,4.4275,-150,0.5684754521963824,120,0.43152454780361754,99.115
INDIANAPOLIS COLTS,JOSH DOWNS,YDS_REC,Receiving Yards,725.5,725.5,-115,0.5,-115,0.5,99.115
INDIANAPOLIS COLTS,LAIATU LATU,SK_DEF,Sacks,7.5,7.5,-115,0.5,-115,0.5,0
INDIANAPOLIS COLTS,SAUCE GARDNER,INT_DEF,Interceptions,1.5,1.5,-115,0.5,-115,0.5,0
INDIANAPOLIS COLTS,TYLER WARREN,TD_REC,Receiving TD's,5.5,4.235,115,0.44010416666666663,-145,0.5598958333333334,194.40225000000004
INDIANAPOLIS COLTS,TYLER WARREN,YDS_REC,Receiving Yards,775.5,926.7225,-140,0.5511811023622047,110,0.4488188976377953,194.40225000000004
INDIANAPOLIS COLTS,TYLER WARREN,REC_REC,Receptions,79.5,76.32000000000002,-110,0.48930481283422456,-120,0.5106951871657753,194.40225000000004
INDIANAPOLIS COLTS,UNKNOWN,Jonathan Taylor IND Total Receiving & Rushing Yard,Jonathan Taylor IND Total Receiving & Rushing Yard,1600.5,1600.5,-115,0.5,-115,0.5,0
JACKSONVILLE JAGUARS,BHAYSHUL TUTEN,"Rushing TD""s","Rushing TD""s",5.5,4.647500000000001,105,0.4591029023746703,-135,0.5408970976253298,66.41925
JACKSONVILLE JAGUARS,BHAYSHUL TUTEN,YDS_RUSH,Rushing Yards,750.5,664.1925,100,0.4694960212201591,-130,0.5305039787798408,66.41925
JACKSONVILLE JAGUARS,BRENTON STRANGE,TD_REC,Receiving TD's,3.5,2.3100000000000005,130,0.413265306122449,-160,0.586734693877551,68.91000000000001
JACKSONVILLE JAGUARS,BRENTON STRANGE,YDS_REC,Receiving Yards,550.5,550.5,-115,0.5,-115,0.5,68.91000000000001
JACKSONVILLE JAGUARS,BRIAN THOMAS,TD_REC,Receiving TD's,4.5,3.9825,100,0.4694960212201591,-130,0.5305039787798408,96.445
JACKSONVILLE JAGUARS,BRIAN THOMAS,YDS_REC,Receiving Yards,725.5,725.5,-115,0.5,-115,0.5,96.445
JACKSONVILLE JAGUARS,FOYESADE OLUOKUN,TKL_DEF,Tackles & Assists,130.5,130.5,-115,0.5,-115,0.5,0
JACKSONVILLE JAGUARS,JAKOBI MEYERS,TD_REC,Receiving TD's,4.5,3.6225000000000005,110,0.4488188976377953,-140,0.5511811023622047,161.285
JACKSONVILLE JAGUARS,JAKOBI MEYERS,YDS_REC,Receiving Yards,700.5,700.5,-115,0.5,-115,0.5,161.285
JACKSONVILLE JAGUARS,JAKOBI MEYERS,REC_REC,Receptions,69.5,69.5,-115,0.5,-115,0.5,161.285
JACKSONVILLE JAGUARS,JOSH HINES-ALLEN,SK_DEF,Sacks,9.5,9.5,-115,0.5,-115,0.5,0
JACKSONVILLE JAGUARS,PARKER WASHINGTON,TD_REC,Receiving TD's,4.5,4.5,-115,0.5,-115,0.5,107.67875
JACKSONVILLE JAGUARS,PARKER WASHINGTON,YDS_REC,Receiving Yards,750.5,806.7874999999999,-125,0.5199999999999999,-105,0.48,107.67875
JACKSONVILLE JAGUARS,TRAVIS HUNTER,INT_DEF,Interceptions,1.5,0.795,150,0.38423645320197053,-180,0.6157635467980296,0
JACKSONVILLE JAGUARS,TRAVON WALKER,SK_DEF,Sacks,6.5,6.5,-115,0.5,-115,0.5,0
JACKSONVILLE JAGUARS,TREVOR LAWRENCE,Passing INT's,Passing INT's,11.5,11.5,-115,0.5,-115,0.5,243.82080000000005
JACKSONVILLE JAGUARS,TREVOR LAWRENCE,TD_PASS,Passing TD's,25.5,24.480000000000004,-110,0.48930481283422456,-120,0.5106951871657753,243.82080000000005
JACKSONVILLE JAGUARS,TREVOR LAWRENCE,YDS_PASS,Passing Yards,3799.5,3647.520000000001,-110,0.48930481283422456,-120,0.5106951871657753,243.82080000000005
TENNESSEE TITANS,CALVIN RIDLEY,TD_REC,Receiving TD's,3.5,2.8175,110,0.4488188976377953,-140,0.5511811023622047,63.23275000000001
TENNESSEE TITANS,CALVIN RIDLEY,YDS_REC,Receiving Yards,575.5,463.27750000000003,110,0.4488188976377953,-140,0.5511811023622047,63.23275000000001
TENNESSEE TITANS,CAM WARD,Passing INT's,Passing INT's,9.5,9.5,-115,0.5,-115,0.5,204.02
TENNESSEE TITANS,CAM WARD,TD_PASS,Passing TD's,18.5,18.5,-115,0.5,-115,0.5,204.02
TENNESSEE TITANS,CAM WARD,YDS_PASS,Passing Yards,3250.5,3250.5,-115,0.5,-115,0.5,204.02
TENNESSEE TITANS,CARNELL TATE,TD_REC,Receiving TD's,4.5,3.9825,100,0.4694960212201591,-130,0.5305039787798408,92.52674999999999
TENNESSEE TITANS,CARNELL TATE,YDS_REC,Receiving Yards,775.5,686.3175,100,0.4694960212201591,-130,0.5305039787798408,92.52674999999999
TENNESSEE TITANS,CEDRIC GRAY,TKL_DEF,Tackles & Assists,145.5,145.5,-115,0.5,-115,0.5,0
TENNESSEE TITANS,GUNNAR HELM,TD_REC,Receiving TD's,2.5,2.5,-115,0.5,-115,0.5,55.050000000000004
TENNESSEE TITANS,GUNNAR HELM,YDS_REC,Receiving Yards,400.5,400.5,-115,0.5,-115,0.5,55.050000000000004
TENNESSEE TITANS,JEFFERY SIMMONS,SK_DEF,Sacks,8.5,7.5225,100,0.4694960212201591,-130,0.5305039787798408,0
TENNESSEE TITANS,JEFFERY SIMMONS,TKL_DEF,Tackles & Assists,74.5,65.9325,100,0.4694960212201591,-130,0.5305039787798408,0
TENNESSEE TITANS,KELDRIC,SK_DEF,Sacks,4,3.580000000000001,-105,0.4715447154471546,-135,0.5284552845528455,0
TENNESSEE TITANS,TONY POLLARD,TD_RUSH,Rushing TD's,5.5,4.8675,100,0.4694960212201591,-130,0.5305039787798408,109.25500000000001
TENNESSEE TITANS,TONY POLLARD,YDS_RUSH,Rushing Yards,800.5,800.5,-115,0.5,-115,0.5,109.25500000000001
TENNESSEE TITANS,WAN'DALE ROBINSON,TD_REC,Receiving TD's,2.5,2.5,-115,0.5,-115,0.5,85.05
TENNESSEE TITANS,WAN'DALE ROBINSON,YDS_REC,Receiving Yards,700.5,700.5,-115,0.5,-115,0.5,85.05
DENVER BRONCOS,ALEX SINGLETON,TKL_DEF,Tackles & Assists,130.5,130.5,-115,0.5,-115,0.5,0
DENVER BRONCOS,BO NIX,Passing INT's,Passing INT's,10.5,11.7075,-130,0.5305039787798408,100,0.4694960212201591,238.02
DENVER BRONCOS,BO NIX,TD_PASS,Passing TD's,24.5,24.5,-115,0.5,-115,0.5,238.02
DENVER BRONCOS,BO NIX,YDS_PASS,Passing Yards,3500.5,3500.5,-115,0.5,-115,0.5,238.02
DENVER BRONCOS,COURTLAND SUTTON,TD_REC,Receiving TD's,6.5,7.2475,-130,0.5305039787798408,100,0.4694960212201591,184.15750000000003
DENVER BRONCOS,COURTLAND SUTTON,YDS_REC,Receiving Yards,800.5,800.5,-115,0.5,-115,0.5,184.15750000000003
DENVER BRONCOS,COURTLAND SUTTON,REC_REC,Receptions,68.5,60.6225,100,0.4694960212201591,-130,0.5305039787798408,184.15750000000003
DENVER BRONCOS,EVAN ENGRAM,YDS_REC,Receiving Yards,425.5,393.58750000000003,-105,0.48,-125,0.5199999999999999,39.35875000000001
DENVER BRONCOS,JAYLEN WADDLE,TD_REC,Receiving TD's,5.5,5.5,-115,0.5,-115,0.5,224.25975
DENVER BRONCOS,JAYLEN WADDLE,YDS_REC,Receiving Yards,875.5,1046.2224999999999,-140,0.5511811023622047,110,0.4488188976377953,224.25975
DENVER BRONCOS,JAYLEN WADDLE,REC_REC,Receptions,72.5,86.63749999999999,-140,0.5511811023622047,110,0.4488188976377953,224.25975
DENVER BRONCOS,NIK BONITTO,SK_DEF,Sacks,10.5,10.5,-115,0.5,-115,0.5,0
DENVER BRONCOS,PATRICK SURTAIN,INT_DEF,Interceptions,1.5,1.5,-115,0.5,-115,0.5,0
DENVER BRONCOS,TALANOA HUFANGA,TKL_DEF,Tackles & Assists,92.5,81.8625,100,0.4694960212201591,-130,0.5305039787798408,0
KANSAS CITY CHIEFS,CHRIS JONES,SK_DEF,Sacks,7.5,8.0625,-125,0.5199999999999999,-105,0.48,0
KANSAS CITY CHIEFS,DRUE TRANQUILL,TKL_DEF,Tackles & Assists,95.5,95.5,-115,0.5,-115,0.5,0
KANSAS CITY CHIEFS,GEORGE KARLAFTIS,SK_DEF,Sacks,6.5,7.7675,-140,0.5511811023622047,110,0.4488188976377953,0
KANSAS CITY CHIEFS,KENNETH WALKER,TD_RUSH,Rushing TD's,7.5,7.5,-115,0.5,-115,0.5,140.05
KANSAS CITY CHIEFS,KENNETH WALKER,YDS_RUSH,Rushing Yards,950.5,950.5,-115,0.5,-115,0.5,140.05
KANSAS CITY CHIEFS,NICK BOLTON,TKL_DEF,Tackles & Assists,140.5,140.5,-115,0.5,-115,0.5,0
KANSAS CITY CHIEFS,PATRICK MAHOMES,Passing IND's,Passing IND's,10.5,10.5,-115,0.5,-115,0.5,265.97
KANSAS CITY CHIEFS,PATRICK MAHOMES,TD_PASS,Passing TD's,26.5,28.487499999999997,-125,0.5199999999999999,-105,0.48,265.97
KANSAS CITY CHIEFS,PATRICK MAHOMES,YDS_PASS,Passing Yards,3800.5,3800.5,-115,0.5,-115,0.5,265.97
KANSAS CITY CHIEFS,RASHEE RICE,TD_REC,Receiving TD's,7.5,7.5,-115,0.5,-115,0.5,142.55
KANSAS CITY CHIEFS,RASHEE RICE,YDS_REC,Receiving Yards,975.5,975.5,-115,0.5,-115,0.5,142.55
KANSAS CITY CHIEFS,TRAVIS KELCE,YDS_REC,Receiving Yards,675.5,675.5,-115,0.5,-115,0.5,140.05
KANSAS CITY CHIEFS,TRAVIS KELCE,REC_REC,Receptions,72.5,72.5,-115,0.5,-115,0.5,140.05
KANSAS CITY CHIEFS,UNKNOWN,Kenneth Walker KC -Total Receiving & Rushing Yards,Kenneth Walker KC -Total Receiving & Rushing Yards,1300.5,1300.5,-115,0.5,-115,0.5,0
KANSAS CITY CHIEFS,UNKNOWN,Travis Kelce KC- Total Receiving TD's,Travis Kelce KC- Total Receiving TD's,4.5,4.5,-115,0.5,-115,0.5,0
KANSAS CITY CHIEFS,XAVIER WORTHY,TD_REC,Receiving TD's,4.5,4.1625000000000005,-105,0.48,-125,0.5199999999999999,87.45875000000001
KANSAS CITY CHIEFS,XAVIER WORTHY,YDS_REC,Receiving Yards,675.5,624.8375,-105,0.48,-125,0.5199999999999999,87.45875000000001
LAS VEGAS RAIDERS,ASHTON JEANTY,Receiving & Rushing Yards,Receiving & Rushing Yards,1399.5,1343.5200000000002,-110,0.48930481283422456,-120,0.5106951871657753,234.68175000000002
LAS VEGAS RAIDERS,ASHTON JEANTY,YDS_REC,Receiving Yards,375.5,332.3175,100,0.4694960212201591,-130,0.5305039787798408,234.68175000000002
LAS VEGAS RAIDERS,ASHTON JEANTY,REC_REC,Receptions,56.5,56.5,-115,0.5,-115,0.5,234.68175000000002
LAS VEGAS RAIDERS,ASHTON JEANTY,TD_RUSH,Rushing TD's,7.5,7.5,-115,0.5,-115,0.5,234.68175000000002
LAS VEGAS RAIDERS,ASHTON JEANTY,YDS_RUSH,Rushing Yards,999.5,999.5,-115,0.5,-115,0.5,234.68175000000002
LAS VEGAS RAIDERS,BROCK BOWERS,TD_REC,Receiving TD's,6.5,7.995,-145,0.5598958333333334,115,0.44010416666666663,249.06725
LAS VEGAS RAIDERS,BROCK BOWERS,YDS_REC,Receiving Yards,925.5,1105.9724999999999,-140,0.5511811023622047,110,0.4488188976377953,249.06725
LAS VEGAS RAIDERS,BROCK BOWERS,REC_REC,Receptions,90.5,90.5,-115,0.5,-115,0.5,249.06725
LAS VEGAS RAIDERS,JALEN NAILOR,TD_REC,Receiving TD's,2.5,3.1625000000000005,-150,0.5684754521963824,120,0.43152454780361754,65.27125000000001
LAS VEGAS RAIDERS,JALEN NAILOR,YDS_REC,Receiving Yards,500.5,462.96250000000003,-105,0.48,-125,0.5199999999999999,65.27125000000001
LAS VEGAS RAIDERS,JEREMY CHINN,TKL_DEF,Tackles & Assists,110.5,110.5,-115,0.5,-115,0.5,0
LAS VEGAS RAIDERS,MAXX,SK_DEF,Sacks,10.5,10.5,-115,0.5,-115,0.5,0
LAS VEGAS RAIDERS,MAXX,Tackles & Assist,Tackles & Assist,75.5,75.5,-115,0.5,-115,0.5,0
LAS VEGAS RAIDERS,QUAY WALKER,TKL_DEF,Tackles & Assists,120.5,120.5,-115,0.5,-115,0.5,0
LAS VEGAS RAIDERS,TRE TUCKER,TD_REC,Receiving TD's,3.5,2.3100000000000005,130,0.413265306122449,-160,0.586734693877551,71.41000000000001
LAS VEGAS RAIDERS,TRE TUCKER,YDS_REC,Receiving Yards,575.5,575.5,-115,0.5,-115,0.5,71.41000000000001
LOS ANGELES CHARGERS,AKHEEM,SK_DEF,Sacks,4.5,4.5,-115,0.5,-115,0.5,0
LOS ANGELES CHARGERS,DAIYAN HENLEY,TKL_DEF,Tackles & Assists,110.5,110.5,-115,0.5,-115,0.5,0
LOS ANGELES CHARGERS,DERWIN JAMES,INT_DEF,Interceptions,1.5,1.5,-115,0.5,-115,0.5,0
LOS ANGELES CHARGERS,DERWIN JAMES,TKL_DEF,Tackles & Assists,95.5,95.5,-115,0.5,-115,0.5,0
LOS ANGELES CHARGERS,JUSTIN HERBERT,Passing INT's,Passing INT's,10.5,11.7075,-130,0.5305039787798408,100,0.4694960212201591,256.8215
LOS ANGELES CHARGERS,JUSTIN HERBERT,TD_PASS,Passing TD's,25.5,25.5,-115,0.5,-115,0.5,256.8215
LOS ANGELES CHARGERS,JUSTIN HERBERT,YDS_PASS,Passing Yards,3600.5,3870.5375,-125,0.5199999999999999,-105,0.48,256.8215
LOS ANGELES CHARGERS,KHALIL MACK,SK_DEF,Sacks,6.5,7.2475,-130,0.5305039787798408,100,0.4694960212201591,0
LOS ANGELES CHARGERS,LADD MCCONKEY,TD_REC,Receiving TD's,5.5,6.1325,-130,0.5305039787798408,100,0.4694960212201591,201.62500000000003
LOS ANGELES CHARGERS,LADD MCCONKEY,YDS_REC,Receiving Yards,875.5,875.5,-115,0.5,-115,0.5,201.62500000000003
LOS ANGELES CHARGERS,LADD MCCONKEY,REC_REC,Receptions,80.5,77.28000000000002,-110,0.48930481283422456,-120,0.5106951871657753,201.62500000000003
LOS ANGELES CHARGERS,OMARION HAMPTON,TD_RUSH,Rushing TD's,7.5,8.662499999999998,-135,0.5408970976253298,105,0.4591029023746703,150.82699999999997
LOS ANGELES CHARGERS,OMARION HAMPTON,YDS_RUSH,Rushing Yards,950.5,988.5199999999999,-120,0.5106951871657753,-110,0.48930481283422456,150.82699999999997
LOS ANGELES CHARGERS,QUENTIN JOHNSTON,TD_REC,Receiving TD's,6.5,5.2325,110,0.4488188976377953,-140,0.5511811023622047,101.445
LOS ANGELES CHARGERS,QUENTIN JOHNSTON,YDS_REC,Receiving Yards,700.5,700.5,-115,0.5,-115,0.5,101.445
LOS ANGELES CHARGERS,TULI TUIPULOTU,SK_DEF,Sacks,9.5,9.5,-115,0.5,-115,0.5,0
LOS ANGELES CHARGERS,UNKNOWN,Omarion Hampton LAC - Receiving & Rushing Yards,Omarion Hampton LAC - Receiving & Rushing Yards,1300.5,1300.5,-115,0.5,-115,0.5,0
DALLAS COWBOYS,CALEB DOWNS,INT_DEF,Interceptions,1.5,1.5,-115,0.5,-115,0.5,0
DALLAS COWBOYS,CALEB DOWNS,TKL_DEF,Tackles & Assists,85.5,85.5,-115,0.5,-115,0.5,0
DALLAS COWBOYS,CEEDEE LAMB,TD_REC,Receiving TD's,7.5,7.5,-115,0.5,-115,0.5,259.55
DALLAS COWBOYS,CEEDEE LAMB,YDS_REC,Receiving Yards,1200.5,1200.5,-115,0.5,-115,0.5,259.55
DALLAS COWBOYS,CEEDEE LAMB,REC_REC,Receptions,94.5,94.5,-115,0.5,-115,0.5,259.55
DALLAS COWBOYS,DAK PRESCOTT,Passing INT's,Passing INT's,11.5,11.5,-115,0.5,-115,0.5,0
DALLAS COWBOYS,DAL PRESCOTT,TD_PASS,Passing TD's,27.5,27.5,-115,0.5,-115,0.5,269.98
DALLAS COWBOYS,DAL PRESCOTT,YDS_PASS,Passing Yards,3999.5,3999.5,-115,0.5,-115,0.5,269.98
DALLAS COWBOYS,GEORGE PICKENS,TD_REC,Receiving TD's,6.5,8.2225,-150,0.5684754521963824,120,0.43152454780361754,235.88500000000002
DALLAS COWBOYS,GEORGE PICKENS,YDS_REC,Receiving Yards,1050.5,1050.5,-115,0.5,-115,0.5,235.88500000000002
DALLAS COWBOYS,GEORGE PICKENS,REC_REC,Receptions,81.5,81.5,-115,0.5,-115,0.5,235.88500000000002
DALLAS COWBOYS,JAKE FERGUSON,TD_REC,Receiving TD's,5.5,4.4275,110,0.4488188976377953,-140,0.5511811023622047,140.9205
DALLAS COWBOYS,JAKE FERGUSON,YDS_REC,Receiving Yards,550.5,528.4800000000001,-110,0.48930481283422456,-120,0.5106951871657753,140.9205
DALLAS COWBOYS,JAKE FERGUSON,REC_REC,Receptions,69.5,61.5075,100,0.4694960212201591,-130,0.5305039787798408,140.9205
DALLAS COWBOYS,JAVONTE WILLIAMS,TD_RUSH,Rushing TD's,9.5,10.5925,-130,0.5305039787798408,100,0.4694960212201591,151.47625
DALLAS COWBOYS,JAVONTE WILLIAMS,YDS_RUSH,Rushing Yards,950.5,879.2125000000001,-105,0.48,-125,0.5199999999999999,151.47625
DALLAS COWBOYS,MALACHI LAWRENCE,SK_DEF,Sacks,5.5,4.8675,100,0.4694960212201591,-130,0.5305039787798408,0
DALLAS COWBOYS,RASHAN GARY,SK_DEF,Sacks,6.5,6.5,-115,0.5,-115,0.5,0
DALLAS COWBOYS,UNKNOWN,Javonte Williams DAL - Receiving & Rushing Yards,Javonte Williams DAL - Receiving & Rushing Yards,1200.5,1110.4625,-105,0.48,-125,0.5199999999999999,0
NEW YORK GIANTS,ABDUL CARTER,SK_DEF,Sacks,6.5,8.709999999999999,-160,0.586734693877551,130,0.413265306122449,0
NEW YORK GIANTS,ARVELL REESE,SK_DEF,Sacks,3.5,3.0975,100,0.4694960212201591,-130,0.5305039787798408,0
NEW YORK GIANTS,ARVELL REESE,TKL_DEF,Tackles & Assists,110.5,102.2125,-105,0.48,-125,0.5199999999999999,0
NEW YORK GIANTS,BRIAN BURNS,SK_DEF,Sacks,10.5,10.5,-115,0.5,-115,0.5,0
NEW YORK GIANTS,CAM SKATTEBO,Receiving & Rushing Yards,Receiving & Rushing Yards,1200.5,1062.4425,100,0.4694960212201591,-130,0.5305039787798408,124.05000000000001
NEW YORK GIANTS,CAM SKATTEBO,TD_RUSH,Rushing TD's,6.5,6.5,-115,0.5,-115,0.5,124.05000000000001
NEW YORK GIANTS,CAM SKATTEBO,YDS_RUSH,Rushing Yards,850.5,850.5,-115,0.5,-115,0.5,124.05000000000001
NEW YORK GIANTS,DARNELL MOONEY,YDS_REC,Receiving Yards,450.5,398.6925,100,0.4694960212201591,-130,0.5305039787798408,39.86925
NEW YORK GIANTS,ISAIAH LIKELY,TD_REC,Receiving TD's,3.5,3.5,-115,0.5,-115,0.5,76.24800000000002
NEW YORK GIANTS,ISAIAH LIKELY,YDS_REC,Receiving Yards,575.5,552.4800000000001,-110,0.48930481283422456,-120,0.5106951871657753,76.24800000000002
NEW YORK GIANTS,JAXSON DART,Passing INT's,Passing INT's,9.5,9.5,-115,0.5,-115,0.5,288.045
NEW YORK GIANTS,JAXSON DART,TD_PASS,Passing TD's,20.5,20.5,-115,0.5,-115,0.5,288.045
NEW YORK GIANTS,JAXSON DART,YDS_PASS,Passing Yards,3200.5,3200.5,-115,0.5,-115,0.5,288.045
NEW YORK GIANTS,JAXSON DART,TD_RUSH,Rushing TD's,5.5,5.9125,-125,0.5199999999999999,-105,0.48,288.045
NEW YORK GIANTS,JAXSON DART,YDS_RUSH,Rushing Yards,425.5,425.5,-115,0.5,-115,0.5,288.045
NEW YORK GIANTS,KAYVON THIBODEAUX,SK_DEF,Sacks,5.5,5.5,-115,0.5,-115,0.5,0
NEW YORK GIANTS,MALIK NABERS,TD_REC,Receiving TD's,7.5,7.200000000000001,-110,0.48930481283422456,-120,0.5106951871657753,216.52800000000008
NEW YORK GIANTS,MALIK NABERS,YDS_REC,Receiving Yards,1000.5,960.4800000000002,-110,0.48930481283422456,-120,0.5106951871657753,216.52800000000008
NEW YORK GIANTS,MALIK NABERS,REC_REC,Receptions,80.5,77.28000000000002,-110,0.48930481283422456,-120,0.5106951871657753,216.52800000000008
NEW YORK GIANTS,TREMAINE EDMUNDS,TKL_DEF,Tackles & Assists,115.5,115.5,-115,0.5,-115,0.5,0
PHILADELPHIA EAGLES,DALLAS GOEDERT,TD_REC,Receiving TD's,5.5,5.5,-115,0.5,-115,0.5,33
PHILADELPHIA EAGLES,DEVONTA SMITH,TD_REC,Receiving TD's,5.5,5.5,-115,0.5,-115,0.5,220.13000000000002
PHILADELPHIA EAGLES,DEVONTA SMITH,YDS_REC,Receiving Yards,1050.5,1050.5,-115,0.5,-115,0.5,220.13000000000002
PHILADELPHIA EAGLES,DEVONTA SMITH,REC_REC,Receptions,85.5,82.08000000000001,-110,0.48930481283422456,-120,0.5106951871657753,220.13000000000002
PHILADELPHIA EAGLES,JALEN CARTER,SK_DEF,Sacks,5.5,4.0424999999999995,120,0.43152454780361754,-150,0.5684754521963824,0
PHILADELPHIA EAGLES,JALEN HURTS,Passing INT's,Passing INT's,7.5,7.5,-115,0.5,-115,0.5,296.05499999999995
PHILADELPHIA EAGLES,JALEN HURTS,TD_PASS,Passing TD's,22.5,22.5,-115,0.5,-115,0.5,296.05499999999995
PHILADELPHIA EAGLES,JALEN HURTS,YDS_PASS,Passing Yards,3150.5,3150.5,-115,0.5,-115,0.5,296.05499999999995
PHILADELPHIA EAGLES,JALEN HURTS,TD_RUSH,Rushing TD's,8.5,6.247499999999999,120,0.43152454780361754,-150,0.5684754521963824,296.05499999999995
PHILADELPHIA EAGLES,JALEN HURTS,YDS_RUSH,Rushing Yards,425.5,425.5,-115,0.5,-115,0.5,296.05499999999995
PHILADELPHIA EAGLES,JIHAAD CAMPBELL,TKL_DEF,Tackles & Assists,105.5,105.5,-115,0.5,-115,0.5,0
PHILADELPHIA EAGLES,JONATHAN GREENARD,SK_DEF,Sacks,7.5,7.5,-115,0.5,-115,0.5,0
PHILADELPHIA EAGLES,MAKAI LEMON,TD_REC,Receiving TD's,4.5,2.6775,140,0.3984962406015038,-170,0.6015037593984962,81.115
PHILADELPHIA EAGLES,MAKAI LEMON,YDS_REC,Receiving Yards,650.5,650.5,-115,0.5,-115,0.5,81.115
PHILADELPHIA EAGLES,SAQUON BARKLEY,TD_RUSH,Rushing TD's,7.5,7.5,-115,0.5,-115,0.5,155.05
PHILADELPHIA EAGLES,SAQUON BARKLEY,YDS_RUSH,Rushing Yards,1100.5,1100.5,-115,0.5,-115,0.5,155.05
PHILADELPHIA EAGLES,UNKNOWN,Dallas Goedert PHI- Total Receiving Yards,Dallas Goedert PHI- Total Receiving Yards,575.5,575.5,-115,0.5,-115,0.5,0
PHILADELPHIA EAGLES,UNKNOWN,Saquon Barkley PHI Total Receiving & Rushing Yards,Saquon Barkley PHI Total Receiving & Rushing Yards,1400.5,1400.5,-115,0.5,-115,0.5,0
PHILADELPHIA EAGLES,ZACK BAUN,TKL_DEF,Tackles & Assists,120.5,120.5,-115,0.5,-115,0.5,0
WASHINGTON COMMANDERS,CHIQ OKONKWO,YDS_REC,Receiving Yards,475.5,601.5075,-150,0.5684754521963824,120,0.43152454780361754,60.15075000000001
WASHINGTON COMMANDERS,FRANKIE LUVU,TKL_DEF,Tackles & Assists,90.5,90.5,-115,0.5,-115,0.5,0
WASHINGTON COMMANDERS,JACORY CROSKEY-MERRITT,TD_RUSH,Rushing TD's,5.5,5.5,-115,0.5,-115,0.5,101.77225
WASHINGTON COMMANDERS,JACORY CROSKEY-MERRITT,YDS_RUSH,Rushing Yards,575.5,687.7225,-140,0.5511811023622047,110,0.4488188976377953,101.77225
WASHINGTON COMMANDERS,JAYDEN DANIELS,Passing INT's,Passing INT's,9.5,9.5,-115,0.5,-115,0.5,218.02
WASHINGTON COMMANDERS,JAYDEN DANIELS,TD_PASS,Passing TD's,21.5,21.5,-115,0.5,-115,0.5,218.02
WASHINGTON COMMANDERS,JAYDEN DANIELS,YDS_PASS,Passing Yards,3300.5,3300.5,-115,0.5,-115,0.5,218.02
WASHINGTON COMMANDERS,MIKE SAINRISTIL,INT_DEF,Interceptions,1.5,1.6724999999999999,-130,0.5305039787798408,100,0.4694960212201591,0
WASHINGTON COMMANDERS,ODAFE OWEH,SK_DEF,Sacks,6.5,6.5,-115,0.5,-115,0.5,0
WASHINGTON COMMANDERS,SONNY STYLES,TKL_DEF,Tackles & Assists,115.5,115.5,-115,0.5,-115,0.5,0
WASHINGTON COMMANDERS,TERRY MCLAURIN,Receiving TD;s,Receiving TD;s,5.5,6.9575000000000005,-150,0.5684754521963824,120,0.43152454780361754,177.41474999999997
WASHINGTON COMMANDERS,TERRY MCLAURIN,YDS_REC,Receiving Yards,925.5,1105.9724999999999,-140,0.5511811023622047,110,0.4488188976377953,177.41474999999997
WASHINGTON COMMANDERS,TERRY MCLAURIN,REC_REC,Receptions,75.5,66.8175,100,0.4694960212201591,-130,0.5305039787798408,177.41474999999997
WASHINGTON COMMANDERS,UNKNOWN,Jayden Daniels WSH - Rushing Yards,Jayden Daniels WSH - Rushing Yards,550.5,550.5,-115,0.5,-115,0.5,0
WASHINGTON COMMANDERS,UNKNOWN,Rachaad White WSH -Total Receiving & Rushing Yards,Rachaad White WSH -Total Receiving & Rushing Yards,800.5,740.4625000000001,-105,0.48,-125,0.5199999999999999,0
CHICAGO BEARS,CALEB WILLIAMS,Passing INT's,Passing INT's,9,8.325000000000001,-105,0.48,-125,0.5199999999999999,241.98
CHICAGO BEARS,CALEB WILLIAMS,TD_PASS,Passing TD's,24.5,24.5,-115,0.5,-115,0.5,241.98
CHICAGO BEARS,CALEB WILLIAMS,YDS_PASS,Passing Yards,3599.5,3599.5,-115,0.5,-115,0.5,241.98
CHICAGO BEARS,COBY BRYANT,INT_DEF,Interceptions,1.5,1.5,-115,0.5,-115,0.5,0
CHICAGO BEARS,COLSTON LOVELAND,TD_REC,Receiving TD's,5.5,6.5725,-140,0.5511811023622047,110,0.4488188976377953,203.67624999999998
CHICAGO BEARS,COLSTON LOVELAND,YDS_REC,Receiving Yards,825.5,887.4124999999999,-125,0.5199999999999999,-105,0.48,203.67624999999998
CHICAGO BEARS,COLSTON LOVELAND,REC_REC,Receptions,75.5,75.5,-115,0.5,-115,0.5,203.67624999999998
CHICAGO BEARS,D'ANDRE SWIFT,"Rushing TD""s","Rushing TD""s",6.5,6.5,-115,0.5,-115,0.5,80.05000000000001
CHICAGO BEARS,D'ANDRE SWIFT,YDS_RUSH,Rushing Yards,800.5,800.5,-115,0.5,-115,0.5,80.05000000000001
CHICAGO BEARS,KYLE MONANGAI,TD_RUSH,Rushing TD's,4.5,5.3774999999999995,-140,0.5511811023622047,110,0.4488188976377953,94.815
CHICAGO BEARS,KYLE MONANGAI,YDS_RUSH,Rushing Yards,625.5,625.5,-115,0.5,-115,0.5,94.815
CHICAGO BEARS,LUTHER BURDEN,TD_REC,Receiving TD's,4.5,5.3774999999999995,-140,0.5511811023622047,110,0.4488188976377953,207.38725
CHICAGO BEARS,LUTHER BURDEN,YDS_REC,Receiving Yards,875.5,1046.2224999999999,-140,0.5511811023622047,110,0.4488188976377953,207.38725
CHICAGO BEARS,LUTHER BURDEN,REC_REC,Receptions,70.5,70.5,-115,0.5,-115,0.5,207.38725
CHICAGO BEARS,MONTEZ SWEAT,SK_DEF,Sacks,6.5,6.5,-115,0.5,-115,0.5,0
CHICAGO BEARS,ROME ODUNZE,TD_REC,Receiving TD's,5.5,6.5725,-140,0.5511811023622047,110,0.4488188976377953,181.2975
CHICAGO BEARS,ROME ODUNZE,YDS_REC,Receiving Yards,800.5,800.5,-115,0.5,-115,0.5,181.2975
CHICAGO BEARS,ROME ODUNZE,REC_REC,Receptions,57.5,61.8125,-125,0.5199999999999999,-105,0.48,181.2975
CHICAGO BEARS,T.J. EDWARDS,TKL_DEF,Tackles & Assists,120.5,120.5,-115,0.5,-115,0.5,0
CHICAGO BEARS,UNKNOWN,D'Andre Swift CHI Total Receiving & Rushing Yards,D'Andre Swift CHI Total Receiving & Rushing Yards,1200.5,1200.5,-115,0.5,-115,0.5,0
DETROIT LIONS,AIDAN HUTCHINSON,SK_DEF,Sacks,12.5,12.5,-115,0.5,-115,0.5,0
DETROIT LIONS,AIDAN HUTCHINSON,TKL_DEF,Tackles & Assists,52.5,52.5,-115,0.5,-115,0.5,0
DETROIT LIONS,AMON-RA ST. BROWN,TD_REC,Receiving TD's,9.5,10.2125,-125,0.5199999999999999,-105,0.48,284.44425
DETROIT LIONS,AMON-RA ST. BROWN,YDS_REC,Receiving Yards,1250.5,1106.6925,100,0.4694960212201591,-130,0.5305039787798408,284.44425
DETROIT LIONS,AMON-RA ST. BROWN,REC_REC,Receptions,112.5,112.5,-115,0.5,-115,0.5,284.44425
DETROIT LIONS,JACK CAMPBELL,TKL_DEF,Tackles & Assists,145.5,145.5,-115,0.5,-115,0.5,0
DETROIT LIONS,JAHMYR GIBBS,Receiving & Rushing TD's,Receiving & Rushing TD's,15.5,15.5,-115,0.5,-115,0.5,304.97875
DETROIT LIONS,JAHMYR GIBBS,Receiving & Rushing Yards,Receiving & Rushing Yards,1650.5,1650.5,-115,0.5,-115,0.5,304.97875
DETROIT LIONS,JAHMYR GIBBS,YDS_REC,Receiving Yards,450.5,484.28749999999997,-125,0.5199999999999999,-105,0.48,304.97875
DETROIT LIONS,JAHMYR GIBBS,REC_REC,Receptions,66.5,66.5,-115,0.5,-115,0.5,304.97875
DETROIT LIONS,JAHMYR GIBBS,TD_RUSH,Rushing TD's,12.5,12.5,-115,0.5,-115,0.5,304.97875
DETROIT LIONS,JAHMYR GIBBS,YDS_RUSH,Rushing Yards,1150.5,1150.5,-115,0.5,-115,0.5,304.97875
DETROIT LIONS,JAMESON WILLIAMS,TD_REC,Receiving TD's,5.5,6.1325,-130,0.5305039787798408,100,0.4694960212201591,194.34500000000003
DETROIT LIONS,JAMESON WILLIAMS,YDS_REC,Receiving Yards,950.5,950.5,-115,0.5,-115,0.5,194.34500000000003
DETROIT LIONS,JAMESON WILLIAMS,REC_REC,Receptions,62.5,62.5,-115,0.5,-115,0.5,194.34500000000003
DETROIT LIONS,JARED GOFF,Passing INT's,Passing INT's,9.5,9.5,-115,0.5,-115,0.5,281.98
DETROIT LIONS,JARED GOFF,TD_PASS,Passing TD's,29.5,29.5,-115,0.5,-115,0.5,281.98
DETROIT LIONS,JARED GOFF,YDS_PASS,Passing Yards,4099.5,4099.5,-115,0.5,-115,0.5,281.98
DETROIT LIONS,SAM LAPORTA,TD_REC,Receiving TD's,5.5,5.5,-115,0.5,-115,0.5,169.05
DETROIT LIONS,SAM LAPORTA,YDS_REC,Receiving Yards,675.5,675.5,-115,0.5,-115,0.5,169.05
DETROIT LIONS,SAM LAPORTA,REC_REC,Receptions,68.5,68.5,-115,0.5,-115,0.5,169.05
GREEN BAY PACKERS,CHRISTIAN WATSON,TD_REC,Receiving TD's,6.5,6.9875,-125,0.5199999999999999,-105,0.48,96.425
GREEN BAY PACKERS,CHRISTIAN WATSON,Receiving Yrards,Receiving Yrards,800.5,800.5,-115,0.5,-115,0.5,96.425
GREEN BAY PACKERS,CHRISTIAN WATSON,REC_REC,Receptions,54.5,54.5,-115,0.5,-115,0.5,96.425
GREEN BAY PACKERS,EDGERRIN COOPER,TKL_DEF,Tackles & Assists,118.5,118.5,-115,0.5,-115,0.5,0
GREEN BAY PACKERS,JAYDEN REED,TD_REC,Receiving TD's,4.5,4.8374999999999995,-125,0.5199999999999999,-105,0.48,96.57499999999999
GREEN BAY PACKERS,JAYDEN REED,YDS_REC,Receiving Yards,675.5,675.5,-115,0.5,-115,0.5,96.57499999999999
GREEN BAY PACKERS,JORDAN LOVE,Passing INT's,Passing INT's,10.5,7.7174999999999985,120,0.43152454780361754,-150,0.5684754521963824,240.02
GREEN BAY PACKERS,JORDAN LOVE,TD_PASS,Passing TD's,24.5,24.5,-115,0.5,-115,0.5,240.02
GREEN BAY PACKERS,JORDAN LOVE,YDS_PASS,Passing Yards,3550.5,3550.5,-115,0.5,-115,0.5,240.02
GREEN BAY PACKERS,JOSH JACOBS,Receiving & Rushing Yards,Receiving & Rushing Yards,1299.5,1299.5,-115,0.5,-115,0.5,161.115
GREEN BAY PACKERS,JOSH JACOBS,TD_RUSH,Rushing TD's,11.5,10.1775,100,0.4694960212201591,-130,0.5305039787798408,161.115
GREEN BAY PACKERS,JOSH JACOBS,YDS_RUSH,Rushing Yards,1000.5,1000.5,-115,0.5,-115,0.5,161.115
GREEN BAY PACKERS,MATTHEW GOLDEN,TD_REC,Receiving TD's,3.5,4.4275,-150,0.5684754521963824,120,0.43152454780361754,139.115
GREEN BAY PACKERS,MATTHEW GOLDEN,YDS_REC,Receiving Yards,600.5,600.5,-115,0.5,-115,0.5,139.115
GREEN BAY PACKERS,MATTHEW GOLDEN,REC_REC,Receptions,52.5,52.5,-115,0.5,-115,0.5,139.115
GREEN BAY PACKERS,TUCKER KRAFT,TD_REC,Receiving TD's,4.5,5.3774999999999995,-140,0.5511811023622047,110,0.4488188976377953,104.88125000000001
GREEN BAY PACKERS,TUCKER KRAFT,YDS_REC,Receiving Yards,675.5,726.1625,-125,0.5199999999999999,-105,0.48,104.88125000000001
GREEN BAY PACKERS,XAVIER MCKINNEY,INT_DEF,Interceptions,2.5,2.5,-115,0.5,-115,0.5,0
GREEN BAY PACKERS,XAVIER MCKINNEY,Tackles & Assist,Tackles & Assist,95.5,95.5,-115,0.5,-115,0.5,0
MINNESOTA VIKINGS,AARON JONES,Receiving & Rushing Yards,Receiving & Rushing Yards,875.5,809.8375000000001,-105,0.48,-125,0.5199999999999999,61.22025000000001
MINNESOTA VIKINGS,AARON JONES,TD_RUSH,Rushing TD's,3.5,2.8175,110,0.4488188976377953,-140,0.5511811023622047,61.22025000000001
MINNESOTA VIKINGS,AARON JONES,YDS_RUSH,Rushing Yards,550.5,443.15250000000003,110,0.4488188976377953,-140,0.5511811023622047,61.22025000000001
MINNESOTA VIKINGS,ANDREW VAN GINKEL,SK_DEF,Sacks,5.5,5.5,-115,0.5,-115,0.5,0
MINNESOTA VIKINGS,BLAKE CASHMAN,TKL_DEF,Tackles & Assists,145.5,145.5,-115,0.5,-115,0.5,0
MINNESOTA VIKINGS,DALLAS TURNER,SK_DEF,Sacks,6.5,6.5,-115,0.5,-115,0.5,0
MINNESOTA VIKINGS,JAUAN JENNINGS,TD_REC,Receiving TD's,3.5,3.5,-115,0.5,-115,0.5,68.55000000000001
MINNESOTA VIKINGS,JAUAN JENNINGS,YDS_REC,Receiving Yards,475.5,475.5,-115,0.5,-115,0.5,68.55000000000001
MINNESOTA VIKINGS,JORDAN ADDISON,TD_REC,Receiving TD's,4.5,3.6225000000000005,110,0.4488188976377953,-140,0.5511811023622047,86.785
MINNESOTA VIKINGS,JORDAN ADDISON,YDS_REC,Receiving Yards,650.5,650.5,-115,0.5,-115,0.5,86.785
MINNESOTA VIKINGS,JORDAN MASON,Rushing TD;s,Rushing TD;s,4.5,4.5,-115,0.5,-115,0.5,65.05
MINNESOTA VIKINGS,JORDAN MASON,YDS_RUSH,Rushing Yards,650.5,650.5,-115,0.5,-115,0.5,65.05
MINNESOTA VIKINGS,JOSHUA METELLUS,INT_DEF,Interceptions,1.5,1.5,-115,0.5,-115,0.5,0
MINNESOTA VIKINGS,JUSTIN JEFFERSON,TD_REC,Receiving TD's,6.5,8.2225,-150,0.5684754521963824,120,0.43152454780361754,264.885
MINNESOTA VIKINGS,JUSTIN JEFFERSON,YDS_REC,Receiving Yards,1150.5,1150.5,-115,0.5,-115,0.5,264.885
MINNESOTA VIKINGS,JUSTIN JEFFERSON,REC_REC,Receptions,100.5,100.5,-115,0.5,-115,0.5,264.885
MINNESOTA VIKINGS,T.J. HOCKENSON,TD_REC,Receiving TD's,3,3,-115,0.5,-115,0.5,73.05000000000001
MINNESOTA VIKINGS,T.J. HOCKENSON,YDS_REC,Receiving Yards,550.5,550.5,-115,0.5,-115,0.5,73.05000000000001
ATLANTA FALCONS,BIJAN ROBINSON,YDS_REC,Receiving Yards,600.5,531.4425,100,0.4694960212201591,-130,0.5305039787798408,288.41425000000004
ATLANTA FALCONS,BIJAN ROBINSON,REC_REC,Receptions,65.5,65.5,-115,0.5,-115,0.5,288.41425000000004
ATLANTA FALCONS,BIJAN ROBINSON,TD_RUSH,Rushing TD's,9.5,9.120000000000001,-110,0.48930481283422456,-120,0.5106951871657753,288.41425000000004
ATLANTA FALCONS,BIJAN ROBINSON,YDS_RUSH,Rushing Yards,1150.5,1150.5,-115,0.5,-115,0.5,288.41425000000004
ATLANTA FALCONS,DIVINE DEABLO,TKL_DEF,Tackles & Assists,105.5,105.5,-115,0.5,-115,0.5,0
ATLANTA FALCONS,DRAKE LONDON,TD_REC,Receiving TD's,6.5,8.709999999999999,-160,0.586734693877551,130,0.413265306122449,255.31
ATLANTA FALCONS,DRAKE LONDON,YDS_REC,Receiving Yards,1125.5,1125.5,-115,0.5,-115,0.5,255.31
ATLANTA FALCONS,DRAKE LONDON,REC_REC,Receptions,90.5,90.5,-115,0.5,-115,0.5,255.31
ATLANTA FALCONS,JAMES PEARCE JR.,SK_DEF,Sacks,7.5,7.5,-115,0.5,-115,0.5,0
ATLANTA FALCONS,JESSIE BATES,TKL_DEF,Tackles & Assists,95.5,106.4825,-130,0.5305039787798408,100,0.4694960212201591,0
ATLANTA FALCONS,KYLE PITTS,TD_REC,Receiving TD's,4.5,4.5,-115,0.5,-115,0.5,174.55
ATLANTA FALCONS,KYLE PITTS,YDS_REC,Receiving Yards,750.5,750.5,-115,0.5,-115,0.5,174.55
ATLANTA FALCONS,KYLE PITTS,REC_REC,Receptions,72.5,72.5,-115,0.5,-115,0.5,174.55
ATLANTA FALCONS,UNKNOWN,Bijan Robinson ATL Total Rushing & Receiving Yards,Bijan Robinson ATL Total Rushing & Receiving Yards,1850.5,1850.5,-115,0.5,-115,0.5,0
ATLANTA FALCONS,XAVIER WATTS,INT_DEF,Interceptions,2.5,2.2125,100,0.4694960212201591,-130,0.5305039787798408,0
CAROLINA PANTHERS,BRYCE YOUNG,Passing INT's,Passing INT's,10.5,7.7174999999999985,120,0.43152454780361754,-150,0.5684754521963824,202.01999999999998
CAROLINA PANTHERS,BRYCE YOUNG,TD_PASS,Passing TD's,20.5,20.5,-115,0.5,-115,0.5,202.01999999999998
CAROLINA PANTHERS,BRYCE YOUNG,YDS_PASS,Passing Yards,3000.5,3000.5,-115,0.5,-115,0.5,202.01999999999998
CAROLINA PANTHERS,DEVIN LLOYD,TKL_DEF,Tackles & Assists,95.5,102.6625,-125,0.5199999999999999,-105,0.48,0
CAROLINA PANTHERS,JALEN COKER,TD_REC,Receiving TD's,3.5,3.0975,100,0.4694960212201591,-130,0.5305039787798408,78.635
CAROLINA PANTHERS,JALEN COKER,YDS_REC,Receiving Yards,600.5,600.5,-115,0.5,-115,0.5,78.635
CAROLINA PANTHERS,NICK SCOTT,TKL_DEF,Tackles & Assists,95.5,95.5,-115,0.5,-115,0.5,0
CAROLINA PANTHERS,TETAIROA MCMILLAN,"Receiving TD""s","Receiving TD""s",6.5,6.240000000000001,-110,0.48930481283422456,-120,0.5106951871657753,167.05
CAROLINA PANTHERS,TETAIROA MCMILLAN,YDS_REC,Receiving Yards,925.5,925.5,-115,0.5,-115,0.5,167.05
CAROLINA PANTHERS,TETAIROA MCMILLAN,REC_REC,Receptions,74.5,74.5,-115,0.5,-115,0.5,167.05
CAROLINA PANTHERS,TREVON MOEHRIG,TKL_DEF,Tackles & Assists,95.5,95.5,-115,0.5,-115,0.5,0
NEW ORLEANS SAINTS,ALVIN KAMARA,Receiving & Rushing Yards,Receiving & Rushing Yards,650.5,650.5,-115,0.5,-115,0.5,0
NEW ORLEANS SAINTS,CHASE YOUNG,SK_DEF,Sacks,7.5,6.9375,-105,0.48,-125,0.5199999999999999,0
NEW ORLEANS SAINTS,CHRIS OLAVE,TD_REC,Receiving TD's,5.5,6.1325,-130,0.5305039787798408,100,0.4694960212201591,220.46625
NEW ORLEANS SAINTS,CHRIS OLAVE,YDS_REC,Receiving Yards,1050.5,971.7125000000001,-105,0.48,-125,0.5199999999999999,220.46625
NEW ORLEANS SAINTS,CHRIS OLAVE,REC_REC,Receptions,86.5,86.5,-115,0.5,-115,0.5,220.46625
NEW ORLEANS SAINTS,JORDYN TYSON,TD_REC,Receiving TD's,4.5,3.307499999999999,120,0.43152454780361754,-150,0.5684754521963824,94.895
NEW ORLEANS SAINTS,JORDYN TYSON,YDS_REC,Receiving Yards,750.5,750.5,-115,0.5,-115,0.5,94.895
NEW ORLEANS SAINTS,JUWAN JOHNSON,"Receiving TD""s","Receiving TD""s",3,2.415,110,0.4488188976377953,-140,0.5511811023622047,57.550000000000004
NEW ORLEANS SAINTS,JUWAN JOHNSON,YDS_REC,Receiving Yards,575.5,575.5,-115,0.5,-115,0.5,57.550000000000004
NEW ORLEANS SAINTS,KADEN ELLISS,TKL_DEF,Tackles & Assists,110.5,110.5,-115,0.5,-115,0.5,0
NEW ORLEANS SAINTS,KOOL-AID MCKINSTRY,INT_DEF,Interceptions,1.5,1.6724999999999999,-130,0.5305039787798408,100,0.4694960212201591,0
NEW ORLEANS SAINTS,TRAVIS ETIENNE,TD_RUSH,Rushing TD's,5.5,5.5,-115,0.5,-115,0.5,115.55000000000001
NEW ORLEANS SAINTS,TRAVIS ETIENNE,YDS_RUSH,Rushing Yards,825.5,825.5,-115,0.5,-115,0.5,115.55000000000001
NEW ORLEANS SAINTS,TYLER SHOUGH,Passing INT's,Passing INT's,10.5,10.5,-115,0.5,-115,0.5,223.98
NEW ORLEANS SAINTS,TYLER SHOUGH,TD_PASS,Passing TD's,20.5,20.5,-115,0.5,-115,0.5,223.98
NEW ORLEANS SAINTS,TYLER SHOUGH,YDS_PASS,Passing Yards,3549.5,3549.5,-115,0.5,-115,0.5,223.98
TAMPA BAY BUCS,ALEX ANZALONE,TKL_DEF,Tackles & Assists,100.5,80.9025,110,0.4488188976377953,-140,0.5511811023622047,0
TAMPA BAY BUCS,ANTOINE WINFIELD,INT_DEF,Interceptions,1.5,1.5,-115,0.5,-115,0.5,0
TAMPA BAY BUCS,BAKER MAYFIELD,Passing INT's,Passing INT's,11.5,11.5,-115,0.5,-115,0.5,244.02
TAMPA BAY BUCS,BAKER MAYFIELD,TD_PASS,Passing TD's,25.5,25.5,-115,0.5,-115,0.5,244.02
TAMPA BAY BUCS,BAKER MAYFIELD,YDS_PASS,Passing Yards,3550.5,3550.5,-115,0.5,-115,0.5,244.02
TAMPA BAY BUCS,BUCKY IRVING,TD_RUSH,Rushing TD's,5.5,5.5,-115,0.5,-115,0.5,105.49025
TAMPA BAY BUCS,BUCKY IRVING,YDS_RUSH,Rushing Yards,900.5,724.9025,110,0.4488188976377953,-140,0.5511811023622047,105.49025
TAMPA BAY BUCS,CADE OTTON,TD_REC,Receiving TD's,2.5,2.5,-115,0.5,-115,0.5,62.550000000000004
TAMPA BAY BUCS,CADE OTTON,YDS_REC,Receiving Yards,475.5,475.5,-115,0.5,-115,0.5,62.550000000000004
TAMPA BAY BUCS,CHRIS GODWIN,TD_REC,Receiving TD's,4.5,5.0175,-130,0.5305039787798408,100,0.4694960212201591,97.25700000000002
TAMPA BAY BUCS,CHRIS GODWIN,YDS_REC,Receiving Yards,699.5,671.5200000000001,-110,0.48930481283422456,-120,0.5106951871657753,97.25700000000002
TAMPA BAY BUCS,EMEKA EGBUKA,TD_REC,Receiving TD's,6.5,6.5,-115,0.5,-115,0.5,135.80374999999998
TAMPA BAY BUCS,EMEKA EGBUKA,YDS_REC,Receiving Yards,900.5,968.0374999999999,-125,0.5199999999999999,-105,0.48,135.80374999999998
TAMPA BAY BUCS,REUBEN BAIN JR,SK_DEF,Sacks,5.5,5.719999999999999,-120,0.5106951871657753,-110,0.48930481283422456,0
TAMPA BAY BUCS,UNKNOWN,Bucky Irving TB Total Receiving & Rushing Yards,Bucky Irving TB Total Receiving & Rushing Yards,1200.5,1200.5,-115,0.5,-115,0.5,0
TAMPA BAY BUCS,UNKNOWN,Kenny Gainwell TB Total Receiving & Rushing Yards,Kenny Gainwell TB Total Receiving & Rushing Yards,700.5,700.5,-115,0.5,-115,0.5,0
TAMPA BAY BUCS,YAYA DIABY,SK_DEF,Sacks,6.5,6.5,-115,0.5,-115,0.5,0
ARIZONA CARDINALS,BUDDA BAKER,TKL_DEF,Tackles & Assists,115.5,115.5,-115,0.5,-115,0.5,0
ARIZONA CARDINALS,JEREMIYAH LOVE,YDS_REC,Receiving Yards,375.5,332.3175,100,0.4694960212201591,-130,0.5305039787798408,201.75675
ARIZONA CARDINALS,JEREMIYAH LOVE,REC_REC,Receptions,50.5,50.5,-115,0.5,-115,0.5,201.75675
ARIZONA CARDINALS,JEREMIYAH LOVE,TD_RUSH,Rushing TD's,5.5,5.9125,-125,0.5199999999999999,-105,0.48,201.75675
ARIZONA CARDINALS,JEREMIYAH LOVE,YDS_RUSH,Rushing Yards,825.5,825.5,-115,0.5,-115,0.5,201.75675
ARIZONA CARDINALS,JOSH SWEAT,SK_DEF,Sacks,8.5,8.839999999999998,-120,0.5106951871657753,-110,0.48930481283422456,0
ARIZONA CARDINALS,MARVIN HARRISON,TD_REC,Receiving TD's,5.5,4.0424999999999995,120,0.43152454780361754,-150,0.5684754521963824,169.305
ARIZONA CARDINALS,MARVIN HARRISON,YDS_REC,Receiving Yards,825.5,825.5,-115,0.5,-115,0.5,169.305
ARIZONA CARDINALS,MARVIN HARRISON,REC_REC,Receptions,62.5,62.5,-115,0.5,-115,0.5,169.305
ARIZONA CARDINALS,MICHAEL WILSON,TD_REC,Receiving TD's,3.5,3.0975,100,0.4694960212201591,-130,0.5305039787798408,149.337
ARIZONA CARDINALS,MICHAEL WILSON,YDS_REC,Receiving Yards,675.5,702.5199999999999,-120,0.5106951871657753,-110,0.48930481283422456,149.337
ARIZONA CARDINALS,MICHAEL WILSON,REC_REC,Receptions,60.5,60.5,-115,0.5,-115,0.5,149.337
ARIZONA CARDINALS,TREY MCBRIDE,TD_REC,Receiving TD's,6.5,6.5,-115,0.5,-115,0.5,227.95575000000002
ARIZONA CARDINALS,TREY MCBRIDE,YDS_REC,Receiving Yards,999.5,884.5575,100,0.4694960212201591,-130,0.5305039787798408,227.95575000000002
ARIZONA CARDINALS,TREY MCBRIDE,REC_REC,Receptions,100.5,100.5,-115,0.5,-115,0.5,227.95575000000002
ARIZONA CARDINALS,UNKNOWN,Jeremiyah Love ARI Total Receiving & Rushing Yards,Jeremiyah Love ARI Total Receiving & Rushing Yards,1275.5,1275.5,-115,0.5,-115,0.5,0
LOS ANGELES RAMS,BLAKE CORUM,TD_RUSH,Rushing TD's,5.5,5.9125,-125,0.5199999999999999,-105,0.48,103.02499999999999
LOS ANGELES RAMS,BLAKE CORUM,YDS_RUSH,Rushing Yards,675.5,675.5,-115,0.5,-115,0.5,103.02499999999999
LOS ANGELES RAMS,DAVANTE ADAMS,TD_REC,Receiving TD's,9.5,8.4075,100,0.4694960212201591,-130,0.5305039787798408,120.19975000000002
LOS ANGELES RAMS,DAVANTE ADAMS,YDS_REC,Receiving Yards,825.5,697.5475000000001,105,0.4591029023746703,-135,0.5408970976253298,120.19975000000002
LOS ANGELES RAMS,KAMREN CURL,TKL_DEF,Tackles & Assists,105.5,105.5,-115,0.5,-115,0.5,0
LOS ANGELES RAMS,KYREN WILLIAMS,TD_RUSH,Rushing TD's,9.5,9.5,-115,0.5,-115,0.5,157.05
LOS ANGELES RAMS,KYREN WILLIAMS,YDS_RUSH,Rushing Yards,1000.5,1000.5,-115,0.5,-115,0.5,157.05
LOS ANGELES RAMS,MATTHEW STAFFORD,Passing INT's,Passing INT's,8.5,8.5,-115,0.5,-115,0.5,269.9815
LOS ANGELES RAMS,MATTHEW STAFFORD,TD_PASS,Passing TD's,30.5,30.5,-115,0.5,-115,0.5,269.9815
LOS ANGELES RAMS,MATTHEW STAFFORD,YDS_PASS,Passing Yards,3999.5,3699.5375000000004,-105,0.48,-125,0.5199999999999999,269.9815
LOS ANGELES RAMS,MYLES GARRETT,SK_DEF,Sacks,15.5,19.6075,-150,0.5684754521963824,120,0.43152454780361754,0
LOS ANGELES RAMS,MYLES GARRETT,TKL_DEF,Tackles & Assists,56.5,52.2625,-105,0.48,-125,0.5199999999999999,0
LOS ANGELES RAMS,NATE LANDMAN,TKL_DEF,Tackles & Assists,120.5,120.5,-115,0.5,-115,0.5,0
LOS ANGELES RAMS,PUKA NACUA,TD_REC,Receiving TD's,7.5,8.9625,-140,0.5511811023622047,110,0.4488188976377953,306.82500000000005
LOS ANGELES RAMS,PUKA NACUA,YDS_REC,Receiving Yards,1375.5,1375.5,-115,0.5,-115,0.5,306.82500000000005
LOS ANGELES RAMS,PUKA NACUA,REC_REC,Receptions,115.5,115.5,-115,0.5,-115,0.5,306.82500000000005
LOS ANGELES RAMS,TERRANCE FERGUSON,YDS_REC,Receiving Yards,450.5,398.6925,100,0.4694960212201591,-130,0.5305039787798408,39.86925
LOS ANGELES RAMS,UNKNOWN,Kyren Williams LAR Total Receiving & Rushing Yards,Kyren Williams LAR Total Receiving & Rushing Yards,1250.5,1250.5,-115,0.5,-115,0.5,0
SAN FRANCISCO 49ERS,BROCK PURDY,Passing INT's,Passing INT's,11.5,11.5,-115,0.5,-115,0.5,262.02
SAN FRANCISCO 49ERS,BROCK PURDY,TD_PASS,Passing TD's,27.5,27.5,-115,0.5,-115,0.5,262.02
SAN FRANCISCO 49ERS,BROCK PURDY,YDS_PASS,Passing Yards,3800.5,3800.5,-115,0.5,-115,0.5,262.02
SAN FRANCISCO 49ERS,CHRISTIAN,REC_REC,Receptions,70.5,70.5,-115,0.5,-115,0.5,70.5
SAN FRANCISCO 49ERS,CHRISTIAN MCCAFFREY,TD_RUSH,Rushing TD's,8.5,8.5,-115,0.5,-115,0.5,137.33175
SAN FRANCISCO 49ERS,CHRISTIAN MCCAFFREY,YDS_RUSH,Rushing Yards,975.5,863.3175,100,0.4694960212201591,-130,0.5305039787798408,137.33175
SAN FRANCISCO 49ERS,DRE GREENLAW,TKL_DEF,Tackles & Assists,95.5,80.69750000000002,105,0.4591029023746703,-135,0.5408970976253298,0
SAN FRANCISCO 49ERS,FRED WARNER,TKL_DEF,Tackles & Assists,129.5,129.5,-115,0.5,-115,0.5,0
SAN FRANCISCO 49ERS,GEORGE KITTLE,TD_REC,Receiving TD's,5.5,5.719999999999999,-120,0.5106951871657753,-110,0.48930481283422456,158.22275
SAN FRANCISCO 49ERS,GEORGE KITTLE,YDS_REC,Receiving Yards,725.5,584.0275,110,0.4488188976377953,-140,0.5511811023622047,158.22275
SAN FRANCISCO 49ERS,GEORGE KITTLE,REC_REC,Receptions,65.5,65.5,-115,0.5,-115,0.5,158.22275
SAN FRANCISCO 49ERS,MIKE EVANS,"Receiving TD""s","Receiving TD""s",6.5,6.240000000000001,-110,0.48930481283422456,-120,0.5106951871657753,56.5
SAN FRANCISCO 49ERS,MIKE EVANS,REC_REC,Receptions,56.5,56.5,-115,0.5,-115,0.5,56.5
SAN FRANCISCO 49ERS,NICK BOSA,SK_DEF,Sacks,10.5,10.5,-115,0.5,-115,0.5,0
SAN FRANCISCO 49ERS,UNKNOWN,Christian McCaffrey Total Receiving & Rushing TD's,Christian McCaffrey Total Receiving & Rushing TD's,13.5,11.9475,100,0.4694960212201591,-130,0.5305039787798408,0
SAN FRANCISCO 49ERS,UNKNOWN,Christian McCaffrey Total Receiving & Rushing Yard,Christian McCaffrey Total Receiving & Rushing Yard,1599.5,1599.5,-115,0.5,-115,0.5,0
SAN FRANCISCO 49ERS,UNKNOWN,Mike Evans SF Total Receiving Yards,Mike Evans SF Total Receiving Yards,825.5,763.5875000000001,-105,0.48,-125,0.5199999999999999,0
SEATTLE SEAHAWKS,AJ BARNER,TD_REC,Receiving TD's,3.5,3.5,-115,0.5,-115,0.5,21
SEATTLE SEAHAWKS,AJ BARNER SEA,YDS_REC,Receiving Yards,425.5,425.5,-115,0.5,-115,0.5,42.550000000000004
SEATTLE SEAHAWKS,COOPER KUPP,YDS_REC,Receiving Yards,475.5,475.5,-115,0.5,-115,0.5,47.550000000000004
SEATTLE SEAHAWKS,DEMARCUS LAWRENCE,SK_DEF,Sacks,5.5,5.5,-115,0.5,-115,0.5,0
SEATTLE SEAHAWKS,DEVON WITHERSPOON,TKL_DEF,Tackles & Assists,95.5,95.5,-115,0.5,-115,0.5,0
SEATTLE SEAHAWKS,ERNEST JONES,Tackles & Assist,Tackles & Assist,130.5,130.5,-115,0.5,-115,0.5,0
SEATTLE SEAHAWKS,JADARIAN PRICE,TD_RUSH,Rushing TD's,6.5,7.2475,-130,0.5305039787798408,100,0.4694960212201591,127.16575
SEATTLE SEAHAWKS,JADARIAN PRICE,YDS_RUSH,Rushing Yards,750.5,836.8075,-130,0.5305039787798408,100,0.4694960212201591,127.16575
SEATTLE SEAHAWKS,JAXON SMITH-NJIGBA,TD_REC,Receiving TD's,8.5,7.5225,100,0.4694960212201591,-130,0.5305039787798408,257.72749999999996
SEATTLE SEAHAWKS,JAXON SMITH-NJIGBA,YDS_REC,Receiving Yards,1350.5,1350.5,-115,0.5,-115,0.5,257.72749999999996
SEATTLE SEAHAWKS,JAXON SMITH-NJIGBA,REC_REC,Receptions,105.5,77.54249999999999,120,0.43152454780361754,-150,0.5684754521963824,257.72749999999996
SEATTLE SEAHAWKS,JULIAN LOVE,INT_DEF,Interceptions,1.5,1.6724999999999999,-130,0.5305039787798408,100,0.4694960212201591,0
SEATTLE SEAHAWKS,LEONARD WILLIAMS,TKL_DEF,Tackles & Assists,56.5,56.5,-115,0.5,-115,0.5,0
SEATTLE SEAHAWKS,RASHID SHAHEED,TD_REC,Receiving TD's,3,3,-115,0.5,-115,0.5,70.55000000000001
SEATTLE SEAHAWKS,RASHID SHAHEED,YDS_REC,Receiving Yards,525.5,525.5,-115,0.5,-115,0.5,70.55000000000001
SEATTLE SEAHAWKS,SAM DARNOLD,Passing INT's,Passing INT's,11.5,12.8225,-130,0.5305039787798408,100,0.4694960212201591,242.02
SEATTLE SEAHAWKS,SAM DARNOLD,TD_PASS,Passing TD's,23.5,23.5,-115,0.5,-115,0.5,242.02
SEATTLE SEAHAWKS,SAM DARNOLD,YDS_PASS,Passing Yards,3700.5,3700.5,-115,0.5,-115,0.5,242.02
