,week,player_name,playerTeam,proj_passingAttempts,proj_passingCompletions,proj_passingYards,proj_passingTouchdowns,proj_passingInterceptions,proj_rushingAttempts,proj_rushingYards,proj_rushingTouchdowns,proj_receivingReceptions,proj_receivingYards,proj_receivingTouchdowns,proj_lostFumbles,proj_defensiveSacks,proj_defensiveInterceptions,proj_defensiveFumbles,proj_defensiveTouchdowns,proj_defensiveSafeties,proj_defensivePointsAllowed,proj_defensiveYardsAllowed,STD_FantasyPoints,TimeStamp
0,1,Jalen Hurts,PHI,27.8,18.9,219.0,1.4,0.6,8.3,43.0,0.9,0.0,0.0,0.0,0.3,0.0,0.0,0.0,0.0,0.0,0.0,0.0,22.9,2025-09-02 17:31:21
1,1,Lamar Jackson,BAL,30.1,20.1,234.8,1.8,0.6,7.5,52.6,0.2,0.0,0.0,0.0,0.3,0.0,0.0,0.0,0.0,0.0,0.0,0.0,22.0,2025-09-02 17:31:21
2,1,Josh Allen,BUF,32.8,20.8,239.7,1.6,0.7,6.7,33.9,0.6,0.0,0.0,0.0,0.2,0.0,0.0,0.0,0.0,0.0,0.0,0.0,21.8,2025-09-02 17:31:21
3,1,Jayden Daniels,WAS,30.9,20.8,229.1,1.5,0.6,7.8,46.6,0.4,0.0,0.0,0.0,0.2,0.0,0.0,0.0,0.0,0.0,0.0,0.0,21.2,2025-09-02 17:31:21
4,1,Joe Burrow,CIN,35.4,24.2,273.4,2.2,0.7,2.8,11.4,0.1,0.0,0.0,0.0,0.2,0.0,0.0,0.0,0.0,0.0,0.0,0.0,20.4,2025-09-02 17:31:21
5,1,Patrick Mahomes,KC,35.2,23.6,253.3,1.8,0.7,4.8,21.8,0.2,0.0,0.0,0.0,0.2,0.0,0.0,0.0,0.0,0.0,0.0,0.0,19.7,2025-09-02 17:31:21
6,1,Baker Mayfield,TB,32.9,22.8,247.1,2.0,0.8,3.8,17.7,0.1,0.0,0.0,0.0,0.3,0.0,0.0,0.0,0.0,0.0,0.0,0.0,19.1,2025-09-02 17:31:21
7,1,Kyler Murray,ARI,31.0,20.9,220.7,1.4,0.7,5.7,33.5,0.3,0.0,0.0,0.0,0.2,0.0,0.0,0.0,0.0,0.0,0.0,0.0,18.4,2025-09-02 17:31:21
8,1,Bo Nix,DEN,31.9,21.0,224.7,1.6,0.7,5.3,25.1,0.2,0.0,0.0,0.0,0.2,0.0,0.0,0.0,0.0,0.0,0.0,0.0,18.1,2025-09-02 17:31:21
9,1,Trevor Lawrence,JAC,32.7,21.3,246.5,1.6,0.7,3.4,17.7,0.2,0.0,0.0,0.0,0.3,0.0,0.0,0.0,0.0,0.0,0.0,0.0,17.9,2025-09-02 17:31:21
10,1,Brock Purdy,SF,31.5,20.8,254.7,1.5,0.8,3.4,16.2,0.2,0.0,0.0,0.0,0.2,0.0,0.0,0.0,0.0,0.0,0.0,0.0,17.8,2025-09-02 17:31:21
11,1,Drake Maye,NE,29.6,19.9,213.4,1.5,0.7,4.7,27.4,0.2,0.0,0.0,0.0,0.3,0.0,0.0,0.0,0.0,0.0,0.0,0.0,17.0,2025-09-02 17:31:21
12,1,J.J. McCarthy,MIN,34.4,22.3,241.7,1.5,0.8,3.4,15.9,0.1,0.0,0.0,0.0,0.2,0.0,0.0,0.0,0.0,0.0,0.0,0.0,16.9,2025-09-02 17:31:21
13,1,Dak Prescott,DAL,36.1,23.4,251.8,1.6,0.8,2.6,10.8,0.1,0.0,0.0,0.0,0.2,0.0,0.0,0.0,0.0,0.0,0.0,0.0,16.9,2025-09-02 17:31:21
14,1,Jordan Love,GB,31.8,19.9,232.7,1.6,0.8,2.9,12.7,0.2,0.0,0.0,0.0,0.2,0.0,0.0,0.0,0.0,0.0,0.0,0.0,16.8,2025-09-02 17:31:21
15,1,Justin Herbert,LAC,33.2,21.8,236.2,1.4,0.6,3.9,17.1,0.1,0.0,0.0,0.0,0.2,0.0,0.0,0.0,0.0,0.0,0.0,0.0,16.7,2025-09-02 17:31:21
16,1,C.J. Stroud,HOU,34.1,21.9,244.9,1.4,0.7,3.8,15.8,0.1,0.0,0.0,0.0,0.2,0.0,0.0,0.0,0.0,0.0,0.0,0.0,16.7,2025-09-02 17:31:21
17,1,Jared Goff,DET,33.5,22.9,258.0,1.6,0.7,1.5,5.1,0.1,0.0,0.0,0.0,0.2,0.0,0.0,0.0,0.0,0.0,0.0,0.0,16.5,2025-09-02 17:31:21
18,1,Tua Tagovailoa,MIA,34.7,24.0,259.2,1.6,0.8,1.6,6.3,0.1,0.0,0.0,0.0,0.3,0.0,0.0,0.0,0.0,0.0,0.0,0.0,16.3,2025-09-02 17:31:21
19,1,Russell Wilson,NYG,32.8,20.7,234.2,1.4,0.6,4.1,16.6,0.1,0.0,0.0,0.0,0.2,0.0,0.0,0.0,0.0,0.0,0.0,0.0,16.3,2025-09-02 17:31:21
20,1,Justin Fields,NYJ,28.1,17.5,191.4,1.0,0.8,8.2,41.1,0.3,0.0,0.0,0.0,0.3,0.0,0.0,0.0,0.0,0.0,0.0,0.0,16.3,2025-09-02 17:31:21
21,1,Sam Darnold,SEA,32.0,20.8,230.5,1.5,0.9,3.7,14.5,0.1,0.0,0.0,0.0,0.2,0.0,0.0,0.0,0.0,0.0,0.0,0.0,15.9,2025-09-02 17:31:21
22,1,Caleb Williams,CHI,31.2,19.7,211.5,1.3,0.7,5.3,26.6,0.1,0.0,0.0,0.0,0.3,0.0,0.0,0.0,0.0,0.0,0.0,0.0,15.8,2025-09-02 17:31:21
23,1,Joe Flacco,CLE,34.8,22.4,255.0,1.5,0.9,1.9,6.0,0.1,0.0,0.0,0.0,0.3,0.0,0.0,0.0,0.0,0.0,0.0,0.0,15.7,2025-09-02 17:31:21
24,1,Bryce Young,CAR,32.5,20.4,220.3,1.3,0.7,3.4,18.0,0.2,0.0,0.0,0.0,0.3,0.0,0.0,0.0,0.0,0.0,0.0,0.0,15.7,2025-09-02 17:31:21
25,1,Geno Smith,LV,33.5,22.8,246.7,1.3,0.8,3.1,13.4,0.1,0.0,0.0,0.0,0.2,0.0,0.0,0.0,0.0,0.0,0.0,0.0,15.6,2025-09-02 17:31:21
26,1,Matthew Stafford,LAR,32.7,21.0,236.2,1.5,0.7,2.4,5.8,0.1,0.0,0.0,0.0,0.2,0.0,0.0,0.0,0.0,0.0,0.0,0.0,15.5,2025-09-02 17:31:21
27,1,Michael Penix Jr.,ATL,31.8,20.3,224.7,1.4,0.7,3.3,13.3,0.2,0.0,0.0,0.0,0.2,0.0,0.0,0.0,0.0,0.0,0.0,0.0,15.5,2025-09-02 17:31:21
28,1,Daniel Jones,IND,30.0,19.1,194.3,1.1,0.6,6.0,28.8,0.2,0.0,0.0,0.0,0.3,0.0,0.0,0.0,0.0,0.0,0.0,0.0,15.2,2025-09-02 17:31:21
29,1,Cam Ward,TEN,32.2,20.4,217.4,1.1,0.8,4.5,19.2,0.1,0.0,0.0,0.0,0.3,0.0,0.0,0.0,0.0,0.0,0.0,0.0,14.8,2025-09-02 17:31:21
30,1,Spencer Rattler,NO,32.2,20.3,191.0,1.2,0.7,3.2,15.3,0.1,0.0,0.0,0.0,0.3,0.0,0.0,0.0,0.0,0.0,0.0,0.0,13.2,2025-09-02 17:31:21
31,1,Aaron Rodgers,PIT,31.2,20.0,216.5,1.4,0.5,0.9,4.5,0.0,0.0,0.0,0.0,0.2,0.0,0.0,0.0,0.0,0.0,0.0,0.0,13.9,2025-09-02 17:31:21
32,1,Mason Rudolph,PIT,0.5,0.3,3.2,0.0,0.0,2.0,8.9,0.1,0.0,0.0,0.0,0.0,0.0,0.0,0.0,0.0,0.0,0.0,0.0,1.6,2025-09-02 17:31:21
33,1,Jalen Milroe,SEA,0.3,0.2,2.3,0.0,0.0,0.3,1.3,0.0,0.0,0.0,0.0,0.0,0.0,0.0,0.0,0.0,0.0,0.0,0.0,0.4,2025-09-02 17:31:21
34,1,Nick Mullens,JAC,0.3,0.2,2.7,0.0,0.0,0.0,0.1,0.0,0.0,0.0,0.0,0.0,0.0,0.0,0.0,0.0,0.0,0.0,0.0,0.2,2025-09-02 17:31:21
35,1,Jake Browning,CIN,0.4,0.2,2.6,0.0,0.0,0.0,0.1,0.0,0.0,0.0,0.0,0.0,0.0,0.0,0.0,0.0,0.0,0.0,0.0,0.2,2025-09-02 17:31:21
36,1,Gardner Minshew,KC,0.4,0.2,2.6,0.0,0.0,0.0,0.1,0.0,0.0,0.0,0.0,0.0,0.0,0.0,0.0,0.0,0.0,0.0,0.0,0.2,2025-09-02 17:31:21
37,1,Sam Howell,PHI,0.4,0.2,2.4,0.0,0.0,0.0,0.1,0.0,0.0,0.0,0.0,0.0,0.0,0.0,0.0,0.0,0.0,0.0,0.0,0.2,2025-09-02 17:31:21
38,1,Teddy Bridgewater,TB,0.3,0.2,2.5,0.0,0.0,0.0,0.1,0.0,0.0,0.0,0.0,0.0,0.0,0.0,0.0,0.0,0.0,0.0,0.0,0.2,2025-09-02 17:31:21
39,1,Carson Wentz,MIN,0.4,0.2,2.5,0.0,0.0,0.0,0.1,0.0,0.0,0.0,0.0,0.0,0.0,0.0,0.0,0.0,0.0,0.0,0.0,0.2,2025-09-02 17:31:21
40,1,Jimmy Garoppolo,LAR,0.3,0.2,2.6,0.0,0.0,0.0,0.0,0.0,0.0,0.0,0.0,0.0,0.0,0.0,0.0,0.0,0.0,0.0,0.0,0.2,2025-09-02 17:31:21
41,1,Marcus Mariota,WAS,0.3,0.2,2.3,0.0,0.0,0.0,0.1,0.0,0.0,0.0,0.0,0.0,0.0,0.0,0.0,0.0,0.0,0.0,0.0,0.2,2025-09-02 17:31:21
42,1,Jarrett Stidham,DEN,0.3,0.2,2.2,0.0,0.0,0.0,0.1,0.0,0.0,0.0,0.0,0.0,0.0,0.0,0.0,0.0,0.0,0.0,0.0,0.2,2025-09-02 17:31:21
43,1,Cooper Rush,BAL,0.3,0.2,2.2,0.0,0.0,0.0,0.0,0.0,0.0,0.0,0.0,0.0,0.0,0.0,0.0,0.0,0.0,0.0,0.0,0.2,2025-09-02 17:31:21
44,1,Tanner McKee,PHI,0.3,0.2,2.1,0.0,0.0,0.0,0.1,0.0,0.0,0.0,0.0,0.0,0.0,0.0,0.0,0.0,0.0,0.0,0.0,0.2,2025-09-02 17:31:21
45,1,Joshua Dobbs,NE,0.3,0.2,2.0,0.0,0.0,0.0,0.1,0.0,0.0,0.0,0.0,0.0,0.0,0.0,0.0,0.0,0.0,0.0,0.0,0.2,2025-09-02 17:31:21
46,1,Joe Milton III,DAL,0.4,0.2,2.5,0.0,0.0,0.0,0.1,0.0,0.0,0.0,0.0,0.0,0.0,0.0,0.0,0.0,0.0,0.0,0.0,0.1,2025-09-02 17:31:21
47,1,Trey Lance,LAC,0.3,0.2,2.4,0.0,0.0,0.0,0.1,0.0,0.0,0.0,0.0,0.0,0.0,0.0,0.0,0.0,0.0,0.0,0.0,0.1,2025-09-02 17:31:21
48,1,Davis Mills,HOU,0.4,0.2,2.5,0.0,0.0,0.0,0.1,0.0,0.0,0.0,0.0,0.0,0.0,0.0,0.0,0.0,0.0,0.0,0.0,0.1,2025-09-02 17:31:21
49,1,Kirk Cousins,ATL,0.3,0.2,2.6,0.0,0.0,0.0,0.0,0.0,0.0,0.0,0.0,0.0,0.0,0.0,0.0,0.0,0.0,0.0,0.0,0.1,2025-09-02 17:31:21
50,1,Andy Dalton,CAR,0.4,0.2,2.5,0.0,0.0,0.0,0.1,0.0,0.0,0.0,0.0,0.0,0.0,0.0,0.0,0.0,0.0,0.0,0.0,0.1,2025-09-02 17:31:21
51,1,Drew Lock,SEA,0.3,0.2,2.2,0.0,0.0,0.0,0.1,0.0,0.0,0.0,0.0,0.0,0.0,0.0,0.0,0.0,0.0,0.0,0.0,0.1,2025-09-02 17:31:21
52,1,Zach Wilson,MIA,0.3,0.2,2.2,0.0,0.0,0.0,0.1,0.0,0.0,0.0,0.0,0.0,0.0,0.0,0.0,0.0,0.0,0.0,0.0,0.1,2025-09-02 17:31:21
53,1,Tyson Bagent,CHI,0.3,0.2,2.2,0.0,0.0,0.0,0.1,0.0,0.0,0.0,0.0,0.0,0.0,0.0,0.0,0.0,0.0,0.0,0.0,0.1,2025-09-02 17:31:21
54,1,Malik Willis,GB,0.3,0.2,2.1,0.0,0.0,0.0,0.1,0.0,0.0,0.0,0.0,0.0,0.0,0.0,0.0,0.0,0.0,0.0,0.0,0.1,2025-09-02 17:31:21
55,1,Aidan O'Connell,LV,0.4,0.2,2.4,0.0,0.0,0.0,0.0,0.0,0.0,0.0,0.0,0.0,0.0,0.0,0.0,0.0,0.0,0.0,0.0,0.1,2025-09-02 17:31:21
56,1,Kenny Pickett,LV,0.4,0.2,2.3,0.0,0.0,0.0,0.1,0.0,0.0,0.0,0.0,0.0,0.0,0.0,0.0,0.0,0.0,0.0,0.0,0.1,2025-09-02 17:31:21
57,1,Hendon Hooker,CAR,0.3,0.2,2.2,0.0,0.0,0.0,0.1,0.0,0.0,0.0,0.0,0.0,0.0,0.0,0.0,0.0,0.0,0.0,0.0,0.1,2025-09-02 17:31:21
58,1,Tyrod Taylor,NYJ,0.3,0.2,1.9,0.0,0.0,0.0,0.2,0.0,0.0,0.0,0.0,0.0,0.0,0.0,0.0,0.0,0.0,0.0,0.0,0.1,2025-09-02 17:31:21
59,1,Jacoby Brissett,ARI,0.3,0.2,2.1,0.0,0.0,0.0,0.1,0.0,0.0,0.0,0.0,0.0,0.0,0.0,0.0,0.0,0.0,0.0,0.0,0.1,2025-09-02 17:31:21
60,1,Mac Jones,SF,0.3,0.2,2.2,0.0,0.0,0.0,0.0,0.0,0.0,0.0,0.0,0.0,0.0,0.0,0.0,0.0,0.0,0.0,0.0,0.1,2025-09-02 17:31:21
61,1,Mitchell Trubisky,BUF,0.3,0.2,2.1,0.0,0.0,0.0,0.0,0.0,0.0,0.0,0.0,0.0,0.0,0.0,0.0,0.0,0.0,0.0,0.0,0.1,2025-09-02 17:31:21
62,1,Case Keenum,CHI,0.3,0.2,2.0,0.0,0.0,0.0,0.1,0.0,0.0,0.0,0.0,0.0,0.0,0.0,0.0,0.0,0.0,0.0,0.0,0.1,2025-09-02 17:31:21
63,1,Brandon Allen,TEN,0.3,0.2,2.0,0.0,0.0,0.0,0.1,0.0,0.0,0.0,0.0,0.0,0.0,0.0,0.0,0.0,0.0,0.0,0.0,0.1,2025-09-02 17:31:21
64,1,Kyle Allen,DET,0.3,0.2,2.0,0.0,0.0,0.0,0.0,0.0,0.0,0.0,0.0,0.0,0.0,0.0,0.0,0.0,0.0,0.0,0.0,0.1,2025-09-02 17:31:21
65,1,Josh Johnson,WAS,0.0,0.0,0.0,0.0,0.0,0.0,0.0,0.0,0.0,0.0,0.0,0.0,0.0,0.0,0.0,0.0,0.0,0.0,0.0,0.0,2025-09-02 17:31:21
66,1,Jameis Winston,NYG,0.0,0.0,0.0,0.0,0.0,0.0,0.0,0.0,0.0,0.0,0.0,0.0,0.0,0.0,0.0,0.0,0.0,0.0,0.0,0.0,2025-09-02 17:31:21
67,1,Trevor Siemian,TEN,0.0,0.0,0.0,0.0,0.0,0.0,0.0,0.0,0.0,0.0,0.0,0.0,0.0,0.0,0.0,0.0,0.0,0.0,0.0,0.0,2025-09-02 17:31:21
68,1,Jeff Driskel,LV,0.0,0.0,0.0,0.0,0.0,0.0,0.0,0.0,0.0,0.0,0.0,0.0,0.0,0.0,0.0,0.0,0.0,0.0,0.0,0.0,2025-09-02 17:31:21
69,1,Deshaun Watson,CLE,0.0,0.0,0.0,0.0,0.0,0.0,0.0,0.0,0.0,0.0,0.0,0.0,0.0,0.0,0.0,0.0,0.0,0.0,0.0,0.0,2025-09-02 17:31:21
70,1,Brett Rypien,CIN,0.0,0.0,0.0,0.0,0.0,0.0,0.0,0.0,0.0,0.0,0.0,0.0,0.0,0.0,0.0,0.0,0.0,0.0,0.0,0.0,2025-09-02 17:31:21
71,1,Easton Stick,ATL,0.0,0.0,0.0,0.0,0.0,0.0,0.0,0.0,0.0,0.0,0.0,0.0,0.0,0.0,0.0,0.0,0.0,0.0,0.0,0.0,2025-09-02 17:31:21
72,1,Tyler Huntley,BAL,0.0,0.0,0.0,0.0,0.0,0.0,0.0,0.0,0.0,0.0,0.0,0.0,0.0,0.0,0.0,0.0,0.0,0.0,0.0,0.0,2025-09-02 17:31:21
73,1,Shane Buechele,BUF,0.0,0.0,0.0,0.0,0.0,0.0,0.0,0.0,0.0,0.0,0.0,0.0,0.0,0.0,0.0,0.0,0.0,0.0,0.0,0.0,2025-09-02 17:31:21
74,1,Sam Ehlinger,DEN,0.0,0.0,0.0,0.0,0.0,0.0,0.0,0.0,0.0,0.0,0.0,0.0,0.0,0.0,0.0,0.0,0.0,0.0,0.0,0.0,2025-09-02 17:31:21
75,1,Kyle McCord,PHI,0.0,0.0,0.0,0.0,0.0,0.0,0.0,0.0,0.0,0.0,0.0,0.0,0.0,0.0,0.0,0.0,0.0,0.0,0.0,0.0,2025-09-02 17:31:21
76,1,Tyler Shough,NO,0.0,0.0,0.0,0.0,0.0,0.0,0.0,0.0,0.0,0.0,0.0,0.0,0.0,0.0,0.0,0.0,0.0,0.0,0.0,0.0,2025-09-02 17:31:21
77,1,Dillon Gabriel,CLE,0.0,0.0,0.0,0.0,0.0,0.0,0.0,0.0,0.0,0.0,0.0,0.0,0.0,0.0,0.0,0.0,0.0,0.0,0.0,0.0,2025-09-02 17:31:21
78,1,Jaxson Dart,NYG,0.0,0.0,0.0,0.0,0.0,0.0,0.0,0.0,0.0,0.0,0.0,0.0,0.0,0.0,0.0,0.0,0.0,0.0,0.0,0.0,2025-09-02 17:31:21
79,1,Graham Mertz,HOU,0.0,0.0,0.0,0.0,0.0,0.0,0.0,0.0,0.0,0.0,0.0,0.0,0.0,0.0,0.0,0.0,0.0,0.0,0.0,0.0,2025-09-02 17:31:21
80,1,Quinn Ewers,MIA,0.0,0.0,0.0,0.0,0.0,0.0,0.0,0.0,0.0,0.0,0.0,0.0,0.0,0.0,0.0,0.0,0.0,0.0,0.0,0.0,2025-09-02 17:31:21
81,1,Stetson Bennett IV,LAR,0.0,0.0,0.0,0.0,0.0,0.0,0.0,0.0,0.0,0.0,0.0,0.0,0.0,0.0,0.0,0.0,0.0,0.0,0.0,0.0,2025-09-02 17:31:21
82,1,Bailey Zappe,CLE,0.0,0.0,0.0,0.0,0.0,0.0,0.0,0.0,0.0,0.0,0.0,0.0,0.0,0.0,0.0,0.0,0.0,0.0,0.0,0.0,2025-09-02 17:31:21
83,1,Skylar Thompson,PIT,0.0,0.0,0.0,0.0,0.0,0.0,0.0,0.0,0.0,0.0,0.0,0.0,0.0,0.0,0.0,0.0,0.0,0.0,0.0,0.0,2025-09-02 17:31:21
84,1,Anthony Richardson Sr.,IND,0.0,0.0,0.0,0.0,0.0,0.0,0.0,0.0,0.0,0.0,0.0,0.0,0.0,0.0,0.0,0.0,0.0,0.0,0.0,0.0,2025-09-02 17:31:21
85,1,Chris Oladokun,KC,0.0,0.0,0.0,0.0,0.0,0.0,0.0,0.0,0.0,0.0,0.0,0.0,0.0,0.0,0.0,0.0,0.0,0.0,0.0,0.0,2025-09-02 17:31:21
86,1,Jake Haener,NO,0.0,0.0,0.0,0.0,0.0,0.0,0.0,0.0,0.0,0.0,0.0,0.0,0.0,0.0,0.0,0.0,0.0,0.0,0.0,0.0,2025-09-02 17:31:21
87,1,Clayton Tune,GB,0.0,0.0,0.0,0.0,0.0,0.0,0.0,0.0,0.0,0.0,0.0,0.0,0.0,0.0,0.0,0.0,0.0,0.0,0.0,0.0,2025-09-02 17:31:21
88,1,Riley Leonard,IND,0.0,0.0,0.0,0.0,0.0,0.0,0.0,0.0,0.0,0.0,0.0,0.0,0.0,0.0,0.0,0.0,0.0,0.0,0.0,0.0,2025-09-02 17:31:21
89,1,Tommy DeVito,NE,0.0,0.0,0.0,0.0,0.0,0.0,0.0,0.0,0.0,0.0,0.0,0.0,0.0,0.0,0.0,0.0,0.0,0.0,0.0,0.0,2025-09-02 17:31:21
90,1,Shedeur Sanders,CLE,0.0,0.0,0.0,0.0,0.0,0.0,0.0,0.0,0.0,0.0,0.0,0.0,0.0,0.0,0.0,0.0,0.0,0.0,0.0,0.0,2025-09-02 17:31:21
91,1,Will Howard,PIT,0.0,0.0,0.0,0.0,0.0,0.0,0.0,0.0,0.0,0.0,0.0,0.0,0.0,0.0,0.0,0.0,0.0,0.0,0.0,0.0,2025-09-02 17:31:21
92,1,Kurtis Rourke,SF,0.0,0.0,0.0,0.0,0.0,0.0,0.0,0.0,0.0,0.0,0.0,0.0,0.0,0.0,0.0,0.0,0.0,0.0,0.0,0.0,2025-09-02 17:31:21
93,1,Cam Miller,LV,0.0,0.0,0.0,0.0,0.0,0.0,0.0,0.0,0.0,0.0,0.0,0.0,0.0,0.0,0.0,0.0,0.0,0.0,0.0,0.0,2025-09-02 17:31:21
94,1,Saquon Barkley,PHI,0.0,0.0,0.0,0.0,0.0,21.3,108.9,0.8,2.6,20.5,0.1,0.1,0.0,0.0,0.0,0.0,0.0,0.0,0.0,18.3,2025-09-02 17:31:22
95,1,Bijan Robinson,ATL,0.0,0.0,0.0,0.0,0.0,18.4,84.4,0.7,3.5,27.3,0.2,0.1,0.0,0.0,0.0,0.0,0.0,0.0,0.0,16.1,2025-09-02 17:31:22
96,1,Jonathan Taylor,IND,0.0,0.0,0.0,0.0,0.0,19.0,91.6,0.8,1.9,14.2,0.1,0.1,0.0,0.0,0.0,0.0,0.0,0.0,0.0,15.7,2025-09-02 17:31:22
97,1,Jahmyr Gibbs,DET,0.0,0.0,0.0,0.0,0.0,14.0,71.7,0.7,3.6,30.5,0.2,0.1,0.0,0.0,0.0,0.0,0.0,0.0,0.0,15.1,2025-09-02 17:31:22
98,1,Christian McCaffrey,SF,0.0,0.0,0.0,0.0,0.0,14.8,74.2,0.4,4.4,37.4,0.2,0.1,0.0,0.0,0.0,0.0,0.0,0.0,0.0,15.1,2025-09-02 17:31:22
99,1,Derrick Henry,BAL,0.0,0.0,0.0,0.0,0.0,17.2,88.9,0.8,0.8,7.4,0.1,0.1,0.0,0.0,0.0,0.0,0.0,0.0,0.0,14.5,2025-09-02 17:31:22
100,1,De'Von Achane,MIA,0.0,0.0,0.0,0.0,0.0,14.7,67.2,0.5,4.3,31.8,0.2,0.1,0.0,0.0,0.0,0.0,0.0,0.0,0.0,14.3,2025-09-02 17:31:22
101,1,Kyren Williams,LAR,0.0,0.0,0.0,0.0,0.0,17.7,75.4,0.7,2.0,13.8,0.1,0.1,0.0,0.0,0.0,0.0,0.0,0.0,0.0,13.7,2025-09-02 17:31:22
102,1,Chase Brown,CIN,0.0,0.0,0.0,0.0,0.0,16.2,72.4,0.5,3.5,25.2,0.1,0.1,0.0,0.0,0.0,0.0,0.0,0.0,0.0,13.7,2025-09-02 17:31:22
103,1,Bucky Irving,TB,0.0,0.0,0.0,0.0,0.0,14.5,72.7,0.5,2.9,23.6,0.2,0.1,0.0,0.0,0.0,0.0,0.0,0.0,0.0,13.4,2025-09-02 17:31:22
104,1,Ashton Jeanty,LV,0.0,0.0,0.0,0.0,0.0,15.2,73.1,0.5,2.9,24.4,0.1,0.1,0.0,0.0,0.0,0.0,0.0,0.0,0.0,13.4,2025-09-02 17:31:22
105,1,Josh Jacobs,GB,0.0,0.0,0.0,0.0,0.0,16.7,68.8,0.7,2.2,17.9,0.1,0.1,0.0,0.0,0.0,0.0,0.0,0.0,0.0,13.1,2025-09-02 17:31:22
106,1,James Conner,ARI,0.0,0.0,0.0,0.0,0.0,14.7,67.6,0.6,2.5,18.4,0.1,0.1,0.0,0.0,0.0,0.0,0.0,0.0,0.0,12.6,2025-09-02 17:31:22
107,1,Chuba Hubbard,CAR,0.0,0.0,0.0,0.0,0.0,16.5,70.5,0.6,2.6,16.9,0.1,0.1,0.0,0.0,0.0,0.0,0.0,0.0,0.0,12.5,2025-09-02 17:31:22
108,1,James Cook,BUF,0.0,0.0,0.0,0.0,0.0,13.6,60.2,0.6,2.1,16.5,0.1,0.1,0.0,0.0,0.0,0.0,0.0,0.0,0.0,11.5,2025-09-02 17:31:22
109,1,Alvin Kamara,NO,0.0,0.0,0.0,0.0,0.0,13.5,58.3,0.4,3.7,29.1,0.1,0.1,0.0,0.0,0.0,0.0,0.0,0.0,0.0,11.7,2025-09-02 17:31:22
110,1,Omarion Hampton,LAC,0.0,0.0,0.0,0.0,0.0,13.2,62.5,0.5,2.4,17.6,0.1,0.1,0.0,0.0,0.0,0.0,0.0,0.0,0.0,11.2,2025-09-02 17:31:22
111,1,TreVeyon Henderson,NE,0.0,0.0,0.0,0.0,0.0,11.7,48.6,0.3,1.8,14.1,0.1,0.1,0.0,0.0,0.0,0.0,0.0,0.0,0.0,8.4,2025-09-02 17:31:22
112,1,Kenneth Walker III,SEA,0.0,0.0,0.0,0.0,0.0,14.1,57.3,0.5,2.5,18.9,0.1,0.1,0.0,0.0,0.0,0.0,0.0,0.0,0.0,11.0,2025-09-02 17:31:22
113,1,Tony Pollard,TEN,0.0,0.0,0.0,0.0,0.0,15.8,64.8,0.4,2.8,18.2,0.1,0.1,0.0,0.0,0.0,0.0,0.0,0.0,0.0,10.7,2025-09-02 17:31:22
114,1,Breece Hall,NYJ,0.0,0.0,0.0,0.0,0.0,13.9,59.1,0.3,2.7,22.0,0.1,0.1,0.0,0.0,0.0,0.0,0.0,0.0,0.0,10.5,2025-09-02 17:31:22
115,1,Isiah Pacheco,KC,0.0,0.0,0.0,0.0,0.0,13.0,59.2,0.4,2.2,15.8,0.1,0.1,0.0,0.0,0.0,0.0,0.0,0.0,0.0,10.3,2025-09-02 17:31:22
116,1,Jerome Ford,CLE,0.0,0.0,0.0,0.0,0.0,13.5,56.6,0.3,2.7,20.7,0.1,0.1,0.0,0.0,0.0,0.0,0.0,0.0,0.0,10.3,2025-09-02 17:31:22
117,1,Aaron Jones Sr.,MIN,0.0,0.0,0.0,0.0,0.0,12.0,53.9,0.3,2.7,20.1,0.2,0.1,0.0,0.0,0.0,0.0,0.0,0.0,0.0,10.0,2025-09-02 17:31:22
118,1,D'Andre Swift,CHI,0.0,0.0,0.0,0.0,0.0,14.0,57.7,0.4,1.9,14.6,0.1,0.1,0.0,0.0,0.0,0.0,0.0,0.0,0.0,9.9,2025-09-02 17:31:22
119,1,Tyrone Tracy Jr.,NYG,0.0,0.0,0.0,0.0,0.0,11.3,54.7,0.4,2.1,17.4,0.1,0.1,0.0,0.0,0.0,0.0,0.0,0.0,0.0,9.9,2025-09-02 17:31:22
120,1,David Montgomery,DET,0.0,0.0,0.0,0.0,0.0,11.2,46.4,0.5,1.8,14.8,0.1,0.1,0.0,0.0,0.0,0.0,0.0,0.0,0.0,9.6,2025-09-02 17:31:22
121,1,RJ Harvey,DEN,0.0,0.0,0.0,0.0,0.0,11.5,50.7,0.4,2.0,17.0,0.1,0.1,0.0,0.0,0.0,0.0,0.0,0.0,0.0,9.5,2025-09-02 17:31:22
122,1,Jaylen Warren,PIT,0.0,0.0,0.0,0.0,0.0,10.9,51.7,0.3,3.1,22.3,0.1,0.1,0.0,0.0,0.0,0.0,0.0,0.0,0.0,9.4,2025-09-02 17:31:22
123,1,J.K. Dobbins,DEN,0.0,0.0,0.0,0.0,0.0,9.3,43.4,0.3,2.1,14.2,0.1,0.1,0.0,0.0,0.0,0.0,0.0,0.0,0.0,8.3,2025-09-02 17:31:22
124,1,Austin Ekeler,WAS,0.0,0.0,0.0,0.0,0.0,6.8,31.5,0.4,2.6,21.8,0.1,0.1,0.0,0.0,0.0,0.0,0.0,0.0,0.0,8.2,2025-09-02 17:31:22
125,1,Travis Etienne Jr.,JAC,0.0,0.0,0.0,0.0,0.0,9.3,42.1,0.3,2.4,19.6,0.1,0.1,0.0,0.0,0.0,0.0,0.0,0.0,0.0,8.2,2025-09-02 17:31:22
126,1,Jacory Croskey-Merritt,WAS,0.0,0.0,0.0,0.0,0.0,11.2,45.3,0.3,1.5,10.8,0.1,0.0,0.0,0.0,0.0,0.0,0.0,0.0,0.0,8.0,2025-09-02 17:31:22
127,1,Javonte Williams,DAL,0.0,0.0,0.0,0.0,0.0,9.8,42.5,0.3,2.3,14.5,0.1,0.1,0.0,0.0,0.0,0.0,0.0,0.0,0.0,7.9,2025-09-02 17:31:22
128,1,Kaleb Johnson,PIT,0.0,0.0,0.0,0.0,0.0,11.0,45.1,0.3,1.3,10.7,0.1,0.0,0.0,0.0,0.0,0.0,0.0,0.0,0.0,7.9,2025-09-02 17:31:22
129,1,Jordan Mason,MIN,0.0,0.0,0.0,0.0,0.0,9.4,48.2,0.3,1.1,8.7,0.1,0.1,0.0,0.0,0.0,0.0,0.0,0.0,0.0,7.8,2025-09-02 17:31:22
130,1,Dylan Sampson,CLE,0.0,0.0,0.0,0.0,0.0,8.9,43.3,0.3,1.6,12.9,0.1,0.1,0.0,0.0,0.0,0.0,0.0,0.0,0.0,7.7,2025-09-02 17:31:22
131,1,Zach Charbonnet,SEA,0.0,0.0,0.0,0.0,0.0,8.9,38.0,0.3,2.1,16.4,0.1,0.0,0.0,0.0,0.0,0.0,0.0,0.0,0.0,7.7,2025-09-02 17:31:22
132,1,Tank Bigsby,JAC,0.0,0.0,0.0,0.0,0.0,10.0,45.3,0.4,0.8,7.0,0.0,0.1,0.0,0.0,0.0,0.0,0.0,0.0,0.0,7.5,2025-09-02 17:31:22
133,1,Nick Chubb,HOU,0.0,0.0,0.0,0.0,0.0,8.0,41.7,0.3,0.9,8.1,0.0,0.1,0.0,0.0,0.0,0.0,0.0,0.0,0.0,7.1,2025-09-02 17:31:22
134,1,Rhamondre Stevenson,NE,0.0,0.0,0.0,0.0,0.0,9.2,37.1,0.3,1.5,10.0,0.1,0.1,0.0,0.0,0.0,0.0,0.0,0.0,0.0,6.9,2025-09-02 17:31:22
135,1,Ollie Gordon II,MIA,0.0,0.0,0.0,0.0,0.0,8.1,38.3,0.3,1.3,9.8,0.1,0.0,0.0,0.0,0.0,0.0,0.0,0.0,0.0,6.6,2025-09-02 17:31:22
136,1,Trey Benson,ARI,0.0,0.0,0.0,0.0,0.0,8.0,35.1,0.3,1.1,9.4,0.1,0.1,0.0,0.0,0.0,0.0,0.0,0.0,0.0,6.2,2025-09-02 17:31:22
137,1,Cam Skattebo,NYG,0.0,0.0,0.0,0.0,0.0,7.9,32.0,0.2,1.2,10.2,0.1,0.0,0.0,0.0,0.0,0.0,0.0,0.0,0.0,5.7,2025-09-02 17:31:22
138,1,Rachaad White,TB,0.0,0.0,0.0,0.0,0.0,6.3,24.4,0.2,2.0,15.1,0.1,0.1,0.0,0.0,0.0,0.0,0.0,0.0,0.0,5.4,2025-09-02 17:31:22
139,1,Tyler Allgeier,ATL,0.0,0.0,0.0,0.0,0.0,5.9,26.6,0.2,0.6,3.9,0.0,0.0,0.0,0.0,0.0,0.0,0.0,0.0,0.0,4.3,2025-09-02 17:31:22
140,1,Jaydon Blue,DAL,0.0,0.0,0.0,0.0,0.0,5.8,25.6,0.2,1.1,8.7,0.1,0.0,0.0,0.0,0.0,0.0,0.0,0.0,0.0,4.7,2025-09-02 17:31:22
141,1,Rico Dowdle,CAR,0.0,0.0,0.0,0.0,0.0,5.7,25.1,0.1,1.4,10.7,0.1,0.0,0.0,0.0,0.0,0.0,0.0,0.0,0.0,4.6,2025-09-02 17:31:22
142,1,Braelon Allen,NYJ,0.0,0.0,0.0,0.0,0.0,5.9,25.5,0.2,0.9,8.1,0.0,0.0,0.0,0.0,0.0,0.0,0.0,0.0,0.0,4.5,2025-09-02 17:31:22
143,1,Kareem Hunt,KC,0.0,0.0,0.0,0.0,0.0,4.2,18.7,0.2,1.3,9.1,0.1,0.0,0.0,0.0,0.0,0.0,0.0,0.0,0.0,4.4,2025-09-02 17:31:22
144,1,Woody Marks,HOU,0.0,0.0,0.0,0.0,0.0,4.3,18.5,0.1,1.6,12.7,0.1,0.0,0.0,0.0,0.0,0.0,0.0,0.0,0.0,4.2,2025-09-02 17:31:22
145,1,Dameon Pierce,HOU,0.0,0.0,0.0,0.0,0.0,6.3,27.4,0.1,0.9,6.4,0.0,0.1,0.0,0.0,0.0,0.0,0.0,0.0,0.0,4.2,2025-09-02 17:31:22
146,1,Ray Davis,BUF,0.0,0.0,0.0,0.0,0.0,5.5,22.9,0.2,0.6,5.5,0.0,0.0,0.0,0.0,0.0,0.0,0.0,0.0,0.0,4.1,2025-09-02 17:31:22
147,1,Chris Rodriguez Jr.,WAS,0.0,0.0,0.0,0.0,0.0,6.0,24.5,0.2,0.5,4.2,0.0,0.0,0.0,0.0,0.0,0.0,0.0,0.0,0.0,4.4,2025-09-02 17:31:22
148,1,Kendre Miller,NO,0.0,0.0,0.0,0.0,0.0,6.2,24.1,0.1,0.7,5.9,0.0,0.0,0.0,0.0,0.0,0.0,0.0,0.0,0.0,3.9,2025-09-02 17:31:22
149,1,Roschon Johnson,CHI,0.0,0.0,0.0,0.0,0.0,4.8,16.3,0.2,0.9,6.8,0.1,0.0,0.0,0.0,0.0,0.0,0.0,0.0,0.0,3.9,2025-09-02 17:31:22
150,1,Joe Mixon,HOU,0.0,0.0,0.0,0.0,0.0,5.1,21.0,0.1,1.0,6.6,0.0,0.0,0.0,0.0,0.0,0.0,0.0,0.0,0.0,3.8,2025-09-02 17:31:22
151,1,Brian Robinson Jr.,SF,0.0,0.0,0.0,0.0,0.0,6.0,21.2,0.2,0.6,4.7,0.0,0.0,0.0,0.0,0.0,0.0,0.0,0.0,0.0,3.7,2025-09-02 17:31:22
152,1,Blake Corum,LAR,0.0,0.0,0.0,0.0,0.0,5.4,20.0,0.1,0.9,7.1,0.0,0.0,0.0,0.0,0.0,0.0,0.0,0.0,0.0,3.7,2025-09-02 17:31:22
153,1,Bhayshul Tuten,JAC,0.0,0.0,0.0,0.0,0.0,4.1,19.0,0.1,0.9,7.7,0.0,0.0,0.0,0.0,0.0,0.0,0.0,0.0,0.0,3.6,2025-09-02 17:31:22
154,1,Najee Harris,LAC,0.0,0.0,0.0,0.0,0.0,4.9,19.9,0.2,0.6,4.2,0.0,0.0,0.0,0.0,0.0,0.0,0.0,0.0,0.0,3.5,2025-09-02 17:31:22
155,1,Kenneth Gainwell,PIT,0.0,0.0,0.0,0.0,0.0,4.2,16.6,0.1,0.8,5.9,0.0,0.0,0.0,0.0,0.0,0.0,0.0,0.0,0.0,3.2,2025-09-02 17:31:22
156,1,Justice Hill,BAL,0.0,0.0,0.0,0.0,0.0,2.3,10.4,0.1,1.6,13.1,0.1,0.0,0.0,0.0,0.0,0.0,0.0,0.0,0.0,3.1,2025-09-02 17:31:22
157,1,Emanuel Wilson,GB,0.0,0.0,0.0,0.0,0.0,3.3,16.6,0.1,0.7,5.2,0.0,0.0,0.0,0.0,0.0,0.0,0.0,0.0,0.0,3.1,2025-09-02 17:31:22
158,1,Julius Chestnut,TEN,0.0,0.0,0.0,0.0,0.0,3.7,13.2,0.1,1.2,8.9,0.0,0.0,0.0,0.0,0.0,0.0,0.0,0.0,0.0,2.8,2025-09-02 17:31:22
159,1,Samaje Perine,CIN,0.0,0.0,0.0,0.0,0.0,2.9,12.5,0.1,1.0,8.9,0.1,0.0,0.0,0.0,0.0,0.0,0.0,0.0,0.0,2.8,2025-09-02 17:31:22
160,1,Miles Sanders,DAL,0.0,0.0,0.0,0.0,0.0,4.8,17.7,0.1,0.4,2.4,0.0,0.0,0.0,0.0,0.0,0.0,0.0,0.0,0.0,2.7,2025-09-02 17:31:22
161,1,MarShawn Lloyd,GB,0.0,0.0,0.0,0.0,0.0,3.5,14.5,0.1,0.5,3.8,0.0,0.0,0.0,0.0,0.0,0.0,0.0,0.0,0.0,2.6,2025-09-02 17:31:22
162,1,Kyle Monangai,CHI,0.0,0.0,0.0,0.0,0.0,3.3,14.0,0.1,0.5,4.0,0.0,0.0,0.0,0.0,0.0,0.0,0.0,0.0,0.0,2.6,2025-09-02 17:31:22
163,1,Zamir White,LV,0.0,0.0,0.0,0.0,0.0,4.0,14.7,0.1,0.7,4.7,0.0,0.0,0.0,0.0,0.0,0.0,0.0,0.0,0.0,2.6,2025-09-02 17:31:22
164,1,Devin Neal,NO,0.0,0.0,0.0,0.0,0.0,3.8,15.2,0.1,0.5,3.8,0.0,0.0,0.0,0.0,0.0,0.0,0.0,0.0,0.0,2.6,2025-09-02 17:31:22
165,1,Devin Singletary,NYG,0.0,0.0,0.0,0.0,0.0,2.4,14.6,0.1,0.6,4.5,0.0,0.0,0.0,0.0,0.0,0.0,0.0,0.0,0.0,2.5,2025-09-02 17:31:22
166,1,Will Shipley,PHI,0.0,0.0,0.0,0.0,0.0,2.4,12.4,0.1,0.6,5.5,0.0,0.0,0.0,0.0,0.0,0.0,0.0,0.0,0.0,2.5,2025-09-02 17:31:22
167,1,Jaleel McLaughlin,DEN,0.0,0.0,0.0,0.0,0.0,2.4,11.4,0.1,1.1,6.7,0.1,0.0,0.0,0.0,0.0,0.0,0.0,0.0,0.0,2.5,2025-09-02 17:31:22
168,1,Chris Brooks,GB,0.0,0.0,0.0,0.0,0.0,2.2,12.6,0.1,0.7,4.8,0.0,0.0,0.0,0.0,0.0,0.0,0.0,0.0,0.0,2.5,2025-09-02 17:31:22
169,1,Kalel Mullings,TEN,0.0,0.0,0.0,0.0,0.0,4.6,12.4,0.1,0.8,5.7,0.0,0.0,0.0,0.0,0.0,0.0,0.0,0.0,0.0,2.5,2025-09-02 17:31:22
170,1,Ty Johnson,BUF,0.0,0.0,0.0,0.0,0.0,1.7,8.7,0.1,0.9,8.5,0.1,0.0,0.0,0.0,0.0,0.0,0.0,0.0,0.0,2.5,2025-09-02 17:31:22
171,1,Elijah Mitchell,KC,0.0,0.0,0.0,0.0,0.0,3.0,13.0,0.1,0.6,3.8,0.0,0.0,0.0,0.0,0.0,0.0,0.0,0.0,0.0,2.4,2025-09-02 17:31:22
172,1,Raheem Mostert,LV,0.0,0.0,0.0,0.0,0.0,3.0,11.5,0.1,0.7,5.3,0.0,0.0,0.0,0.0,0.0,0.0,0.0,0.0,0.0,2.4,2025-09-02 17:31:22
173,1,Sean Tucker,TB,0.0,0.0,0.0,0.0,0.0,3.0,14.2,0.1,0.4,3.3,0.0,0.0,0.0,0.0,0.0,0.0,0.0,0.0,0.0,2.3,2025-09-02 17:31:22
174,1,Hassan Haskins,LAC,0.0,0.0,0.0,0.0,0.0,2.3,8.6,0.1,0.8,5.9,0.0,0.0,0.0,0.0,0.0,0.0,0.0,0.0,0.0,2.3,2025-09-02 17:31:22
175,1,Clyde Edwards-Helaire,KC,0.0,0.0,0.0,0.0,0.0,3.2,13.8,0.1,0.4,2.7,0.0,0.0,0.0,0.0,0.0,0.0,0.0,0.0,0.0,2.2,2025-09-02 17:31:22
176,1,Antonio Gibson,NE,0.0,0.0,0.0,0.0,0.0,2.3,9.5,0.1,0.8,6.6,0.0,0.0,0.0,0.0,0.0,0.0,0.0,0.0,0.0,2.2,2025-09-02 17:31:22
177,1,Keaton Mitchell,BAL,0.0,0.0,0.0,0.0,0.0,2.9,11.6,0.1,0.6,4.4,0.0,0.0,0.0,0.0,0.0,0.0,0.0,0.0,0.0,2.2,2025-09-02 17:31:22
178,1,Tahj Brooks,CIN,0.0,0.0,0.0,0.0,0.0,3.0,11.3,0.1,0.4,3.2,0.0,0.0,0.0,0.0,0.0,0.0,0.0,0.0,0.0,2.0,2025-09-02 17:31:22
179,1,DJ Giddens,IND,0.0,0.0,0.0,0.0,0.0,1.1,8.6,0.1,0.5,4.1,0.0,0.0,0.0,0.0,0.0,0.0,0.0,0.0,0.0,1.8,2025-09-02 17:31:22
180,1,Quinshon Judkins,CLE,0.0,0.0,0.0,0.0,0.0,1.5,6.9,0.1,0.6,4.7,0.0,0.0,0.0,0.0,0.0,0.0,0.0,0.0,0.0,1.6,2025-09-02 17:31:22
181,1,Brashard Smith,KC,0.0,0.0,0.0,0.0,0.0,1.7,8.2,0.1,0.4,2.9,0.0,0.0,0.0,0.0,0.0,0.0,0.0,0.0,0.0,1.5,2025-09-02 17:31:22
182,1,Trevor Etienne,CAR,0.0,0.0,0.0,0.0,0.0,1.4,8.3,0.1,0.4,3.1,0.0,0.0,0.0,0.0,0.0,0.0,0.0,0.0,0.0,1.5,2025-09-02 17:31:22
183,1,A.J. Dillon,PHI,0.0,0.0,0.0,0.0,0.0,2.1,7.4,0.1,0.2,1.7,0.0,0.0,0.0,0.0,0.0,0.0,0.0,0.0,0.0,1.3,2025-09-02 17:31:22
184,1,Kimani Vidal,LAC,0.0,0.0,0.0,0.0,0.0,1.5,6.2,0.0,0.4,3.0,0.0,0.0,0.0,0.0,0.0,0.0,0.0,0.0,0.0,1.3,2025-09-02 17:31:22
185,1,Emari Demercado,ARI,0.0,0.0,0.0,0.0,0.0,0.8,5.3,0.0,0.5,3.9,0.0,0.0,0.0,0.0,0.0,0.0,0.0,0.0,0.0,1.2,2025-09-02 17:31:22
186,1,Isaac Guerendo,SF,0.0,0.0,0.0,0.0,0.0,2.4,7.8,0.1,0.1,1.0,0.0,0.0,0.0,0.0,0.0,0.0,0.0,0.0,0.0,1.2,2025-09-02 17:31:22
187,1,Isaiah Davis,NYJ,0.0,0.0,0.0,0.0,0.0,1.9,6.8,0.0,0.2,1.9,0.0,0.0,0.0,0.0,0.0,0.0,0.0,0.0,0.0,1.1,2025-09-02 17:31:22
188,1,Jarquez Hunter,LAR,0.0,0.0,0.0,0.0,0.0,2.4,6.6,0.0,0.2,1.4,0.0,0.0,0.0,0.0,0.0,0.0,0.0,0.0,0.0,1.1,2025-09-02 17:31:22
189,1,Dare Ogunbowale,HOU,0.0,0.0,0.0,0.0,0.0,0.4,2.9,0.0,0.6,5.4,0.0,0.0,0.0,0.0,0.0,0.0,0.0,0.0,0.0,1.1,2025-09-02 17:31:22
190,1,George Holani,SEA,0.0,0.0,0.0,0.0,0.0,0.5,6.0,0.0,0.2,1.7,0.0,0.0,0.0,0.0,0.0,0.0,0.0,0.0,0.0,1.0,2025-09-02 17:31:22
191,1,Travis Homer,CHI,0.0,0.0,0.0,0.0,0.0,1.3,5.6,0.0,0.2,1.6,0.0,0.0,0.0,0.0,0.0,0.0,0.0,0.0,0.0,1.0,2025-09-02 17:31:22
192,1,Ty Chandler,MIN,0.0,0.0,0.0,0.0,0.0,1.2,5.3,0.0,0.2,1.8,0.0,0.0,0.0,0.0,0.0,0.0,0.0,0.0,0.0,1.0,2025-09-02 17:31:22
193,1,Sincere McCormick,SF,0.0,0.0,0.0,0.0,0.0,1.4,5.6,0.0,0.3,1.8,0.0,0.0,0.0,0.0,0.0,0.0,0.0,0.0,0.0,1.0,2025-09-02 17:31:22
194,1,Kyle Juszczyk,SF,0.0,0.0,0.0,0.0,0.0,0.3,1.0,0.0,0.7,5.4,0.0,0.0,0.0,0.0,0.0,0.0,0.0,0.0,0.0,0.9,2025-09-02 17:31:22
195,1,Alec Ingold,MIA,0.0,0.0,0.0,0.0,0.0,0.5,1.9,0.0,0.5,3.8,0.0,0.0,0.0,0.0,0.0,0.0,0.0,0.0,0.0,0.8,2025-09-02 17:31:22
196,1,Craig Reynolds,DET,0.0,0.0,0.0,0.0,0.0,0.5,2.3,0.0,0.4,3.3,0.0,0.0,0.0,0.0,0.0,0.0,0.0,0.0,0.0,0.7,2025-09-02 17:31:22
197,1,Jeremy McNichols,WAS,0.0,0.0,0.0,0.0,0.0,0.6,2.8,0.0,0.2,1.6,0.0,0.0,0.0,0.0,0.0,0.0,0.0,0.0,0.0,0.6,2025-09-02 17:31:22
198,1,Carlos Washington Jr.,ATL,0.0,0.0,0.0,0.0,0.0,0.5,2.2,0.0,0.1,0.9,0.0,0.0,0.0,0.0,0.0,0.0,0.0,0.0,0.0,0.5,2025-09-02 17:31:22
199,1,Nathan Carter,ATL,0.0,0.0,0.0,0.0,0.0,0.5,2.2,0.0,0.1,0.9,0.0,0.0,0.0,0.0,0.0,0.0,0.0,0.0,0.0,0.5,2025-09-02 17:31:22
200,1,Hunter Luepke,DAL,0.0,0.0,0.0,0.0,0.0,0.3,1.4,0.0,0.3,1.9,0.0,0.0,0.0,0.0,0.0,0.0,0.0,0.0,0.0,0.4,2025-09-02 17:31:22
201,1,LeQuint Allen Jr.,JAC,0.0,0.0,0.0,0.0,0.0,0.3,1.2,0.0,0.3,1.8,0.0,0.0,0.0,0.0,0.0,0.0,0.0,0.0,0.0,0.4,2025-09-02 17:31:22
202,1,Michael Burton,DEN,0.0,0.0,0.0,0.0,0.0,0.3,1.2,0.0,0.2,1.7,0.0,0.0,0.0,0.0,0.0,0.0,0.0,0.0,0.0,0.4,2025-09-02 17:31:22
203,1,Audric Estime,PHI,0.0,0.0,0.0,0.0,0.0,0.6,2.4,0.0,0.0,0.0,0.0,0.0,0.0,0.0,0.0,0.0,0.0,0.0,0.0,0.4,2025-09-02 17:31:22
204,1,Zonovan Knight,ARI,0.0,0.0,0.0,0.0,0.0,0.3,1.2,0.0,0.1,0.9,0.0,0.0,0.0,0.0,0.0,0.0,0.0,0.0,0.0,0.3,2025-09-02 17:31:22
205,1,Rasheen Ali,BAL,0.0,0.0,0.0,0.0,0.0,0.3,1.2,0.0,0.1,0.8,0.0,0.0,0.0,0.0,0.0,0.0,0.0,0.0,0.0,0.3,2025-09-02 17:31:22
206,1,Carson Steele,KC,0.0,0.0,0.0,0.0,0.0,0.2,1.0,0.0,0.1,0.9,0.0,0.0,0.0,0.0,0.0,0.0,0.0,0.0,0.0,0.3,2025-09-02 17:31:22
207,1,Tyler Goodson,IND,0.0,0.0,0.0,0.0,0.0,0.6,2.0,0.0,0.1,0.5,0.0,0.0,0.0,0.0,0.0,0.0,0.0,0.0,0.0,0.3,2025-09-02 17:31:22
208,1,DeeJay Dallas,CAR,0.0,0.0,0.0,0.0,0.0,0.3,1.3,0.0,0.1,0.8,0.0,0.0,0.0,0.0,0.0,0.0,0.0,0.0,0.0,0.3,2025-09-02 17:31:22
209,1,Patrick Ricard,BAL,0.0,0.0,0.0,0.0,0.0,0.0,0.0,0.0,0.2,1.6,0.0,0.0,0.0,0.0,0.0,0.0,0.0,0.0,0.0,0.2,2025-09-02 17:31:22
210,1,Josh Williams,TB,0.0,0.0,0.0,0.0,0.0,0.3,1.2,0.0,0.0,0.0,0.0,0.0,0.0,0.0,0.0,0.0,0.0,0.0,0.0,0.2,2025-09-02 17:31:22
211,1,Jordan James,SF,0.0,0.0,0.0,0.0,0.0,0.3,1.1,0.0,0.0,0.2,0.0,0.0,0.0,0.0,0.0,0.0,0.0,0.0,0.0,0.2,2025-09-02 17:31:22
212,1,Dylan Laube,LV,0.0,0.0,0.0,0.0,0.0,0.2,1.0,0.0,0.0,0.0,0.0,0.0,0.0,0.0,0.0,0.0,0.0,0.0,0.0,0.2,2025-09-02 17:31:22
213,1,Robbie Ouzts,SEA,0.0,0.0,0.0,0.0,0.0,0.0,0.0,0.0,0.1,0.9,0.0,0.0,0.0,0.0,0.0,0.0,0.0,0.0,0.0,0.2,2025-09-02 17:31:22
214,1,Sione Vaki,DET,0.0,0.0,0.0,0.0,0.0,0.0,0.7,0.0,0.1,0.6,0.0,0.0,0.0,0.0,0.0,0.0,0.0,0.0,0.0,0.1,2025-09-02 17:31:22
215,1,Scott Matlock,LAC,0.0,0.0,0.0,0.0,0.0,0.0,0.0,0.0,0.1,0.9,0.0,0.0,0.0,0.0,0.0,0.0,0.0,0.0,0.0,0.1,2025-09-02 17:31:22
216,1,Eric Gray,NYG,0.0,0.0,0.0,0.0,0.0,0.0,0.0,0.0,0.0,0.0,0.0,0.0,0.0,0.0,0.0,0.0,0.0,0.0,0.0,0.0,2025-09-02 17:31:22
217,1,C.J. Ham,MIN,0.0,0.0,0.0,0.0,0.0,0.0,0.0,0.0,0.0,0.0,0.0,0.0,0.0,0.0,0.0,0.0,0.0,0.0,0.0,0.0,2025-09-02 17:31:22
218,1,Jeff Wilson Jr.,MIA,0.0,0.0,0.0,0.0,0.0,0.0,0.0,0.0,0.0,0.0,0.0,0.0,0.0,0.0,0.0,0.0,0.0,0.0,0.0,0.0,2025-09-02 17:31:22
219,1,Trayveon Williams,CLE,0.0,0.0,0.0,0.0,0.0,0.0,0.0,0.0,0.0,0.0,0.0,0.0,0.0,0.0,0.0,0.0,0.0,0.0,0.0,0.0,2025-09-02 17:31:22
220,1,Jakob Johnson,HOU,0.0,0.0,0.0,0.0,0.0,0.0,0.0,0.0,0.0,0.0,0.0,0.0,0.0,0.0,0.0,0.0,0.0,0.0,0.0,0.0,2025-09-02 17:31:22
221,1,Andrew Beck,NYJ,0.0,0.0,0.0,0.0,0.0,0.0,0.0,0.0,0.0,0.0,0.0,0.0,0.0,0.0,0.0,0.0,0.0,0.0,0.0,0.0,2025-09-02 17:31:22
222,1,Trey Sermon,PIT,0.0,0.0,0.0,0.0,0.0,0.0,0.0,0.0,0.0,0.0,0.0,0.0,0.0,0.0,0.0,0.0,0.0,0.0,0.0,0.0,2025-09-02 17:31:22
223,1,Salvon Ahmed,IND,0.0,0.0,0.0,0.0,0.0,0.0,0.0,0.0,0.0,0.0,0.0,0.0,0.0,0.0,0.0,0.0,0.0,0.0,0.0,0.0,2025-09-02 17:31:22
224,1,JaMycal Hasty,MIA,0.0,0.0,0.0,0.0,0.0,0.0,0.0,0.0,0.0,0.0,0.0,0.0,0.0,0.0,0.0,0.0,0.0,0.0,0.0,0.0,2025-09-02 17:31:22
225,1,Reggie Gilliam,BUF,0.0,0.0,0.0,0.0,0.0,0.0,0.0,0.0,0.0,0.0,0.0,0.0,0.0,0.0,0.0,0.0,0.0,0.0,0.0,0.0,2025-09-02 17:31:22
226,1,Michael Carter,ARI,0.0,0.0,0.0,0.0,0.0,0.0,0.0,0.0,0.0,0.0,0.0,0.0,0.0,0.0,0.0,0.0,0.0,0.0,0.0,0.0,2025-09-02 17:31:22
227,1,Phil Mafah,DAL,0.0,0.0,0.0,0.0,0.0,0.0,0.0,0.0,0.0,0.0,0.0,0.0,0.0,0.0,0.0,0.0,0.0,0.0,0.0,0.0,2025-09-02 17:31:22
228,1,Kendall Milton,CIN,0.0,0.0,0.0,0.0,0.0,0.0,0.0,0.0,0.0,0.0,0.0,0.0,0.0,0.0,0.0,0.0,0.0,0.0,0.0,0.0,2025-09-02 17:31:22
229,1,Keaontay Ingram,KC,0.0,0.0,0.0,0.0,0.0,0.0,0.0,0.0,0.0,0.0,0.0,0.0,0.0,0.0,0.0,0.0,0.0,0.0,0.0,0.0,2025-09-02 17:31:22
230,1,Kene Nwangwu,NYJ,0.0,0.0,0.0,0.0,0.0,0.0,0.0,0.0,0.0,0.0,0.0,0.0,0.0,0.0,0.0,0.0,0.0,0.0,0.0,0.0,2025-09-02 17:31:22
231,1,Gary Brightwell,CIN,0.0,0.0,0.0,0.0,0.0,0.0,0.0,0.0,0.0,0.0,0.0,0.0,0.0,0.0,0.0,0.0,0.0,0.0,0.0,0.0,2025-09-02 17:31:22
232,1,Adam Prentice,DEN,0.0,0.0,0.0,0.0,0.0,0.0,0.0,0.0,0.0,0.0,0.0,0.0,0.0,0.0,0.0,0.0,0.0,0.0,0.0,0.0,2025-09-02 17:31:22
233,1,Tyler Badie,DEN,0.0,0.0,0.0,0.0,0.0,0.0,0.0,0.0,0.0,0.0,0.0,0.0,0.0,0.0,0.0,0.0,0.0,0.0,0.0,0.0,2025-09-02 17:31:22
234,1,Ronnie Rivers,LAR,0.0,0.0,0.0,0.0,0.0,0.0,0.0,0.0,0.0,0.0,0.0,0.0,0.0,0.0,0.0,0.0,0.0,0.0,0.0,0.0,2025-09-02 17:31:22
235,1,Malik Davis,DAL,0.0,0.0,0.0,0.0,0.0,0.0,0.0,0.0,0.0,0.0,0.0,0.0,0.0,0.0,0.0,0.0,0.0,0.0,0.0,0.0,2025-09-02 17:31:22
236,1,Velus Jones Jr.,NO,0.0,0.0,0.0,0.0,0.0,0.0,0.0,0.0,0.0,0.0,0.0,0.0,0.0,0.0,0.0,0.0,0.0,0.0,0.0,0.0,2025-09-02 17:31:22
237,1,Israel Abanikanda,GB,0.0,0.0,0.0,0.0,0.0,0.0,0.0,0.0,0.0,0.0,0.0,0.0,0.0,0.0,0.0,0.0,0.0,0.0,0.0,0.0,2025-09-02 17:31:22
238,1,Brittain Brown,CHI,0.0,0.0,0.0,0.0,0.0,0.0,0.0,0.0,0.0,0.0,0.0,0.0,0.0,0.0,0.0,0.0,0.0,0.0,0.0,0.0,2025-09-02 17:31:22
239,1,Tyjae Spears,TEN,0.0,0.0,0.0,0.0,0.0,0.0,0.0,0.0,0.0,0.0,0.0,0.0,0.0,0.0,0.0,0.0,0.0,0.0,0.0,0.0,2025-09-02 17:31:22
240,1,Xazavian Valladay,MIN,0.0,0.0,0.0,0.0,0.0,0.0,0.0,0.0,0.0,0.0,0.0,0.0,0.0,0.0,0.0,0.0,0.0,0.0,0.0,0.0,2025-09-02 17:31:22
241,1,Lew Nichols III,PIT,0.0,0.0,0.0,0.0,0.0,0.0,0.0,0.0,0.0,0.0,0.0,0.0,0.0,0.0,0.0,0.0,0.0,0.0,0.0,0.0,2025-09-02 17:31:22
242,1,Jacob Saylors,DET,0.0,0.0,0.0,0.0,0.0,0.0,0.0,0.0,0.0,0.0,0.0,0.0,0.0,0.0,0.0,0.0,0.0,0.0,0.0,0.0,2025-09-02 17:31:22
243,1,Ben VanSumeren,PHI,0.0,0.0,0.0,0.0,0.0,0.0,0.0,0.0,0.0,0.0,0.0,0.0,0.0,0.0,0.0,0.0,0.0,0.0,0.0,0.0,2025-09-02 17:31:22
244,1,Brady Russell,SEA,0.0,0.0,0.0,0.0,0.0,0.0,0.0,0.0,0.0,0.0,0.0,0.0,0.0,0.0,0.0,0.0,0.0,0.0,0.0,0.0,2025-09-02 17:31:22
245,1,Deneric Prince,NE,0.0,0.0,0.0,0.0,0.0,0.0,0.0,0.0,0.0,0.0,0.0,0.0,0.0,0.0,0.0,0.0,0.0,0.0,0.0,0.0,2025-09-02 17:31:22
246,1,Jordan Mims,TEN,0.0,0.0,0.0,0.0,0.0,0.0,0.0,0.0,0.0,0.0,0.0,0.0,0.0,0.0,0.0,0.0,0.0,0.0,0.0,0.0,2025-09-02 17:31:22
247,1,Frank Gore Jr.,BUF,0.0,0.0,0.0,0.0,0.0,0.0,0.0,0.0,0.0,0.0,0.0,0.0,0.0,0.0,0.0,0.0,0.0,0.0,0.0,0.0,2025-09-02 17:31:22
248,1,Jaylen Wright,MIA,0.0,0.0,0.0,0.0,0.0,0.0,0.0,0.0,0.0,0.0,0.0,0.0,0.0,0.0,0.0,0.0,0.0,0.0,0.0,0.0,2025-09-02 17:31:22
249,1,Jonathon Brooks,CAR,0.0,0.0,0.0,0.0,0.0,0.0,0.0,0.0,0.0,0.0,0.0,0.0,0.0,0.0,0.0,0.0,0.0,0.0,0.0,0.0,2025-09-02 17:31:22
250,1,Cody Schrader,LAR,0.0,0.0,0.0,0.0,0.0,0.0,0.0,0.0,0.0,0.0,0.0,0.0,0.0,0.0,0.0,0.0,0.0,0.0,0.0,0.0,2025-09-02 17:31:22
251,1,Jawhar Jordan,HOU,0.0,0.0,0.0,0.0,0.0,0.0,0.0,0.0,0.0,0.0,0.0,0.0,0.0,0.0,0.0,0.0,0.0,0.0,0.0,0.0,2025-09-02 17:31:22
252,1,Dante Miller,NYG,0.0,0.0,0.0,0.0,0.0,0.0,0.0,0.0,0.0,0.0,0.0,0.0,0.0,0.0,0.0,0.0,0.0,0.0,0.0,0.0,2025-09-02 17:31:22
253,1,Chris Collier,LV,0.0,0.0,0.0,0.0,0.0,0.0,0.0,0.0,0.0,0.0,0.0,0.0,0.0,0.0,0.0,0.0,0.0,0.0,0.0,0.0,2025-09-02 17:31:22
254,1,British Brooks,HOU,0.0,0.0,0.0,0.0,0.0,0.0,0.0,0.0,0.0,0.0,0.0,0.0,0.0,0.0,0.0,0.0,0.0,0.0,0.0,0.0,2025-09-02 17:31:22
255,1,Terrell Jennings,NE,0.0,0.0,0.0,0.0,0.0,0.0,0.0,0.0,0.0,0.0,0.0,0.0,0.0,0.0,0.0,0.0,0.0,0.0,0.0,0.0,2025-09-02 17:31:22
256,1,Ja'Marr Chase,CIN,0.0,0.0,0.0,0.0,0.0,0.1,0.7,0.0,6.9,94.4,0.7,0.0,0.0,0.0,0.0,0.0,0.0,0.0,0.0,13.9,2025-09-02 17:31:22
257,1,Justin Jefferson,MIN,0.0,0.0,0.0,0.0,0.0,0.0,0.1,0.0,6.7,93.7,0.6,0.0,0.0,0.0,0.0,0.0,0.0,0.0,0.0,12.7,2025-09-02 17:31:22
258,1,CeeDee Lamb,DAL,0.0,0.0,0.0,0.0,0.0,0.3,2.8,0.0,6.7,82.8,0.5,0.0,0.0,0.0,0.0,0.0,0.0,0.0,0.0,11.3,2025-09-02 17:31:22
259,1,Mike Evans,TB,0.0,0.0,0.0,0.0,0.0,0.0,0.0,0.0,5.6,71.2,0.7,0.0,0.0,0.0,0.0,0.0,0.0,0.0,0.0,11.0,2025-09-02 17:31:22
260,1,Nico Collins,HOU,0.0,0.0,0.0,0.0,0.0,0.0,0.1,0.0,5.9,82.8,0.5,0.0,0.0,0.0,0.0,0.0,0.0,0.0,0.0,11.0,2025-09-02 17:31:22
261,1,Brian Thomas Jr.,JAC,0.0,0.0,0.0,0.0,0.0,0.1,0.9,0.0,6.1,77.6,0.5,0.0,0.0,0.0,0.0,0.0,0.0,0.0,0.0,10.8,2025-09-02 17:31:22
262,1,Malik Nabers,NYG,0.0,0.0,0.0,0.0,0.0,0.1,1.1,0.0,6.2,79.6,0.5,0.0,0.0,0.0,0.0,0.0,0.0,0.0,0.0,10.8,2025-09-02 17:31:22
263,1,A.J. Brown,PHI,0.0,0.0,0.0,0.0,0.0,0.0,0.0,0.0,5.2,75.7,0.5,0.0,0.0,0.0,0.0,0.0,0.0,0.0,0.0,10.6,2025-09-02 17:31:22
264,1,Puka Nacua,LAR,0.0,0.0,0.0,0.0,0.0,0.5,2.9,0.0,6.0,77.4,0.4,0.0,0.0,0.0,0.0,0.0,0.0,0.0,0.0,10.4,2025-09-02 17:31:22
265,1,Tyreek Hill,MIA,0.0,0.0,0.0,0.0,0.0,0.5,2.6,0.0,5.7,71.6,0.5,0.0,0.0,0.0,0.0,0.0,0.0,0.0,0.0,10.2,2025-09-02 17:31:22
266,1,Drake London,ATL,0.0,0.0,0.0,0.0,0.0,0.0,0.2,0.0,6.0,74.9,0.4,0.0,0.0,0.0,0.0,0.0,0.0,0.0,0.0,10.1,2025-09-02 17:31:22
267,1,Amon-Ra St. Brown,DET,0.0,0.0,0.0,0.0,0.0,0.1,0.8,0.0,6.7,73.2,0.5,0.0,0.0,0.0,0.0,0.0,0.0,0.0,0.0,10.1,2025-09-02 17:31:22
268,1,Tee Higgins,CIN,0.0,0.0,0.0,0.0,0.0,0.0,0.0,0.0,5.1,68.1,0.5,0.0,0.0,0.0,0.0,0.0,0.0,0.0,0.0,9.9,2025-09-02 17:31:22
269,1,Xavier Worthy,KC,0.0,0.0,0.0,0.0,0.0,0.6,4.1,0.0,5.4,64.6,0.5,0.0,0.0,0.0,0.0,0.0,0.0,0.0,0.0,9.8,2025-09-02 17:31:22
270,1,Terry McLaurin,WAS,0.0,0.0,0.0,0.0,0.0,0.1,0.5,0.0,5.4,69.3,0.4,0.0,0.0,0.0,0.0,0.0,0.0,0.0,0.0,9.6,2025-09-02 17:31:22
271,1,Ladd McConkey,LAC,0.0,0.0,0.0,0.0,0.0,0.0,0.2,0.0,5.8,69.6,0.4,0.0,0.0,0.0,0.0,0.0,0.0,0.0,0.0,9.3,2025-09-02 17:31:22
272,1,Jaxon Smith-Njigba,SEA,0.0,0.0,0.0,0.0,0.0,0.2,1.5,0.0,5.6,66.4,0.4,0.0,0.0,0.0,0.0,0.0,0.0,0.0,0.0,9.1,2025-09-02 17:31:22
273,1,Jerry Jeudy,CLE,0.0,0.0,0.0,0.0,0.0,0.0,0.3,0.0,5.2,73.2,0.3,0.0,0.0,0.0,0.0,0.0,0.0,0.0,0.0,9.1,2025-09-02 17:31:22
274,1,DK Metcalf,PIT,0.0,0.0,0.0,0.0,0.0,0.0,0.1,0.0,4.6,67.2,0.4,0.0,0.0,0.0,0.0,0.0,0.0,0.0,0.0,9.0,2025-09-02 17:31:22
275,1,Zay Flowers,BAL,0.0,0.0,0.0,0.0,0.0,0.4,2.8,0.0,5.0,64.7,0.4,0.0,0.0,0.0,0.0,0.0,0.0,0.0,0.0,8.9,2025-09-02 17:31:22
276,1,Tetairoa McMillan,CAR,0.0,0.0,0.0,0.0,0.0,0.0,0.4,0.0,5.2,64.3,0.4,0.0,0.0,0.0,0.0,0.0,0.0,0.0,0.0,8.8,2025-09-02 17:31:22
277,1,Davante Adams,LAR,0.0,0.0,0.0,0.0,0.0,0.0,0.0,0.0,4.7,59.9,0.5,0.0,0.0,0.0,0.0,0.0,0.0,0.0,0.0,8.7,2025-09-02 17:31:22
278,1,Courtland Sutton,DEN,0.0,0.0,0.0,0.0,0.0,0.0,0.0,0.0,4.5,59.6,0.5,0.1,0.0,0.0,0.0,0.0,0.0,0.0,0.0,8.6,2025-09-02 17:31:22
279,1,Calvin Ridley,TEN,0.0,0.0,0.0,0.0,0.0,0.2,1.3,0.0,4.4,63.1,0.3,0.0,0.0,0.0,0.0,0.0,0.0,0.0,0.0,8.4,2025-09-02 17:31:22
280,1,Marvin Harrison Jr.,ARI,0.0,0.0,0.0,0.0,0.0,0.0,0.3,0.0,4.9,61.4,0.4,0.0,0.0,0.0,0.0,0.0,0.0,0.0,0.0,8.4,2025-09-02 17:31:22
281,1,Emeka Egbuka,TB,0.0,0.0,0.0,0.0,0.0,0.1,0.9,0.0,5.0,58.3,0.4,0.0,0.0,0.0,0.0,0.0,0.0,0.0,0.0,8.4,2025-09-02 17:31:22
282,1,George Pickens,DAL,0.0,0.0,0.0,0.0,0.0,0.1,0.5,0.0,4.4,62.1,0.4,0.0,0.0,0.0,0.0,0.0,0.0,0.0,0.0,8.4,2025-09-02 17:31:22
283,1,Jaylen Waddle,MIA,0.0,0.0,0.0,0.0,0.0,0.3,1.2,0.0,5.2,64.1,0.3,0.0,0.0,0.0,0.0,0.0,0.0,0.0,0.0,8.2,2025-09-02 17:31:22
284,1,DJ Moore,CHI,0.0,0.0,0.0,0.0,0.0,0.5,2.7,0.0,5.0,57.9,0.4,0.0,0.0,0.0,0.0,0.0,0.0,0.0,0.0,8.2,2025-09-02 17:31:22
285,1,Jameson Williams,DET,0.0,0.0,0.0,0.0,0.0,0.4,3.1,0.0,3.9,59.3,0.3,0.0,0.0,0.0,0.0,0.0,0.0,0.0,0.0,8.2,2025-09-02 17:31:22
286,1,Garrett Wilson,NYJ,0.0,0.0,0.0,0.0,0.0,0.1,1.2,0.0,5.3,63.0,0.3,0.0,0.0,0.0,0.0,0.0,0.0,0.0,0.0,8.1,2025-09-02 17:31:22
287,1,DeVonta Smith,PHI,0.0,0.0,0.0,0.0,0.0,0.0,0.1,0.0,5.0,58.7,0.4,0.0,0.0,0.0,0.0,0.0,0.0,0.0,0.0,8.1,2025-09-02 17:31:22
288,1,Deebo Samuel Sr.,WAS,0.0,0.0,0.0,0.0,0.0,1.1,6.5,0.1,3.9,52.2,0.3,0.0,0.0,0.0,0.0,0.0,0.0,0.0,0.0,8.1,2025-09-02 17:31:22
289,1,Cooper Kupp,SEA,0.0,0.0,0.0,0.0,0.0,0.1,0.5,0.0,4.6,53.6,0.4,0.0,0.0,0.0,0.0,0.0,0.0,0.0,0.0,7.6,2025-09-02 17:31:22
290,1,Jakobi Meyers,LV,0.0,0.0,0.0,0.0,0.0,0.1,0.5,0.0,5.0,57.1,0.3,0.0,0.0,0.0,0.0,0.0,0.0,0.0,0.0,7.4,2025-09-02 17:31:22
291,1,Chris Olave,NO,0.0,0.0,0.0,0.0,0.0,0.0,0.1,0.0,4.9,59.3,0.3,0.0,0.0,0.0,0.0,0.0,0.0,0.0,0.0,7.4,2025-09-02 17:31:22
292,1,Rome Odunze,CHI,0.0,0.0,0.0,0.0,0.0,0.1,0.3,0.0,4.0,52.6,0.4,0.1,0.0,0.0,0.0,0.0,0.0,0.0,0.0,7.3,2025-09-02 17:31:22
293,1,Stefon Diggs,NE,0.0,0.0,0.0,0.0,0.0,0.1,0.5,0.0,4.7,52.3,0.3,0.0,0.0,0.0,0.0,0.0,0.0,0.0,0.0,7.3,2025-09-02 17:31:22
294,1,Travis Hunter,JAC,0.0,0.0,0.0,0.0,0.0,0.4,2.0,0.0,4.3,50.1,0.3,0.0,0.0,0.0,0.0,0.0,0.0,0.0,0.0,7.2,2025-09-02 17:31:22
295,1,Matthew Golden,GB,0.0,0.0,0.0,0.0,0.0,0.0,0.5,0.0,4.1,51.4,0.3,0.0,0.0,0.0,0.0,0.0,0.0,0.0,0.0,7.2,2025-09-02 17:31:22
296,1,Keon Coleman,BUF,0.0,0.0,0.0,0.0,0.0,0.0,0.1,0.0,3.3,50.2,0.3,0.0,0.0,0.0,0.0,0.0,0.0,0.0,0.0,7.0,2025-09-02 17:31:22
297,1,Jauan Jennings,SF,0.0,0.0,0.0,0.0,0.0,0.3,1.0,0.0,4.1,50.8,0.3,0.0,0.0,0.0,0.0,0.0,0.0,0.0,0.0,6.9,2025-09-02 17:31:22
298,1,Rashid Shaheed,NO,0.0,0.0,0.0,0.0,0.0,0.4,2.2,0.0,3.5,51.3,0.3,0.0,0.0,0.0,0.0,0.0,0.0,0.0,0.0,6.9,2025-09-02 17:31:22
299,1,Ricky Pearsall,SF,0.0,0.0,0.0,0.0,0.0,0.4,2.5,0.0,4.1,49.9,0.3,0.0,0.0,0.0,0.0,0.0,0.0,0.0,0.0,6.9,2025-09-02 17:31:22
300,1,Marquise Brown,KC,0.0,0.0,0.0,0.0,0.0,0.0,0.0,0.0,3.8,47.7,0.3,0.0,0.0,0.0,0.0,0.0,0.0,0.0,0.0,6.7,2025-09-02 17:31:22
301,1,Michael Pittman Jr.,IND,0.0,0.0,0.0,0.0,0.0,0.0,0.1,0.0,4.8,50.7,0.3,0.0,0.0,0.0,0.0,0.0,0.0,0.0,0.0,6.5,2025-09-02 17:31:22
302,1,Khalil Shakir,BUF,0.0,0.0,0.0,0.0,0.0,0.0,0.2,0.0,4.3,48.7,0.3,0.0,0.0,0.0,0.0,0.0,0.0,0.0,0.0,6.4,2025-09-02 17:31:22
303,1,Marvin Mims Jr.,DEN,0.0,0.0,0.0,0.0,0.0,0.7,3.1,0.0,3.2,42.9,0.3,0.0,0.0,0.0,0.0,0.0,0.0,0.0,0.0,6.3,2025-09-02 17:31:22
304,1,Cedric Tillman,CLE,0.0,0.0,0.0,0.0,0.0,0.0,0.1,0.0,3.7,46.7,0.3,0.0,0.0,0.0,0.0,0.0,0.0,0.0,0.0,6.2,2025-09-02 17:31:22
305,1,Darnell Mooney,ATL,0.0,0.0,0.0,0.0,0.0,0.0,0.1,0.0,3.6,47.6,0.2,0.0,0.0,0.0,0.0,0.0,0.0,0.0,0.0,6.2,2025-09-02 17:31:22
306,1,Rashod Bateman,BAL,0.0,0.0,0.0,0.0,0.0,0.0,0.0,0.0,3.3,44.7,0.3,0.0,0.0,0.0,0.0,0.0,0.0,0.0,0.0,6.2,2025-09-02 17:31:22
307,1,Josh Downs,IND,0.0,0.0,0.0,0.0,0.0,0.0,0.3,0.0,4.2,43.6,0.3,0.0,0.0,0.0,0.0,0.0,0.0,0.0,0.0,6.0,2025-09-02 17:31:22
308,1,Xavier Legette,CAR,0.0,0.0,0.0,0.0,0.0,0.4,1.9,0.0,3.5,42.3,0.2,0.1,0.0,0.0,0.0,0.0,0.0,0.0,0.0,5.8,2025-09-02 17:31:22
309,1,Christian Kirk,HOU,0.0,0.0,0.0,0.0,0.0,0.0,0.1,0.0,3.2,41.4,0.2,0.0,0.0,0.0,0.0,0.0,0.0,0.0,0.0,5.4,2025-09-02 17:31:22
310,1,Jayden Reed,GB,0.0,0.0,0.0,0.0,0.0,0.5,3.9,0.0,2.8,35.3,0.2,0.0,0.0,0.0,0.0,0.0,0.0,0.0,0.0,5.3,2025-09-02 17:31:22
311,1,Keenan Allen,LAC,0.0,0.0,0.0,0.0,0.0,0.0,0.1,0.0,3.4,38.1,0.2,0.0,0.0,0.0,0.0,0.0,0.0,0.0,0.0,5.2,2025-09-02 17:31:22
312,1,DeMario Douglas,NE,0.0,0.0,0.0,0.0,0.0,0.1,1.1,0.0,3.5,37.9,0.2,0.0,0.0,0.0,0.0,0.0,0.0,0.0,0.0,5.1,2025-09-02 17:31:22
313,1,Adam Thielen,MIN,0.0,0.0,0.0,0.0,0.0,0.0,0.1,0.0,3.4,35.2,0.3,0.1,0.0,0.0,0.0,0.0,0.0,0.0,0.0,5.0,2025-09-02 17:31:22
314,1,Wan'Dale Robinson,NYG,0.0,0.0,0.0,0.0,0.0,0.1,0.9,0.0,3.8,36.2,0.2,0.0,0.0,0.0,0.0,0.0,0.0,0.0,0.0,4.9,2025-09-02 17:31:22
315,1,Tyler Lockett,TEN,0.0,0.0,0.0,0.0,0.0,0.0,0.0,0.0,3.1,36.3,0.2,0.0,0.0,0.0,0.0,0.0,0.0,0.0,0.0,4.9,2025-09-02 17:31:22
316,1,Romeo Doubs,GB,0.0,0.0,0.0,0.0,0.0,0.0,0.0,0.0,2.8,33.3,0.2,0.0,0.0,0.0,0.0,0.0,0.0,0.0,0.0,4.7,2025-09-02 17:31:22
317,1,Joshua Palmer,BUF,0.0,0.0,0.0,0.0,0.0,0.0,0.0,0.0,2.7,35.7,0.2,0.0,0.0,0.0,0.0,0.0,0.0,0.0,0.0,4.7,2025-09-02 17:31:22
318,1,Jayden Higgins,HOU,0.0,0.0,0.0,0.0,0.0,0.0,0.1,0.0,2.6,33.1,0.2,0.0,0.0,0.0,0.0,0.0,0.0,0.0,0.0,4.4,2025-09-02 17:31:22
319,1,Brandon Aiyuk,SF,0.0,0.0,0.0,0.0,0.0,0.0,0.0,0.0,2.0,31.1,0.2,0.0,0.0,0.0,0.0,0.0,0.0,0.0,0.0,4.2,2025-09-02 17:31:22
320,1,Darius Slayton,NYG,0.0,0.0,0.0,0.0,0.0,0.1,0.3,0.0,2.1,31.5,0.2,0.0,0.0,0.0,0.0,0.0,0.0,0.0,0.0,4.2,2025-09-02 17:31:22
321,1,DeAndre Hopkins,BAL,0.0,0.0,0.0,0.0,0.0,0.0,0.0,0.0,2.4,27.6,0.2,0.0,0.0,0.0,0.0,0.0,0.0,0.0,0.0,4.2,2025-09-02 17:31:22
322,1,Michael Wilson,ARI,0.0,0.0,0.0,0.0,0.0,0.2,0.6,0.0,2.5,30.5,0.2,0.0,0.0,0.0,0.0,0.0,0.0,0.0,0.0,4.2,2025-09-02 17:31:22
323,1,Calvin Austin III,PIT,0.0,0.0,0.0,0.0,0.0,0.2,0.7,0.0,2.3,29.4,0.2,0.0,0.0,0.0,0.0,0.0,0.0,0.0,0.0,4.0,2025-09-02 17:31:22
324,1,Alec Pierce,IND,0.0,0.0,0.0,0.0,0.0,0.0,0.0,0.0,1.9,27.9,0.2,0.0,0.0,0.0,0.0,0.0,0.0,0.0,0.0,3.8,2025-09-02 17:31:22
325,1,Ray-Ray McCloud III,ATL,0.0,0.0,0.0,0.0,0.0,0.4,2.9,0.0,2.6,27.5,0.1,0.0,0.0,0.0,0.0,0.0,0.0,0.0,0.0,3.8,2025-09-02 17:31:22
326,1,Dyami Brown,JAC,0.0,0.0,0.0,0.0,0.0,0.0,0.2,0.0,2.3,28.3,0.2,0.0,0.0,0.0,0.0,0.0,0.0,0.0,0.0,3.8,2025-09-02 17:31:22
327,1,JuJu Smith-Schuster,KC,0.0,0.0,0.0,0.0,0.0,0.0,0.0,0.0,2.5,27.2,0.2,0.0,0.0,0.0,0.0,0.0,0.0,0.0,0.0,3.7,2025-09-02 17:31:22
328,1,Troy Franklin,DEN,0.0,0.0,0.0,0.0,0.0,0.1,0.4,0.0,1.9,24.6,0.2,0.0,0.0,0.0,0.0,0.0,0.0,0.0,0.0,3.6,2025-09-02 17:31:22
329,1,Jalen Nailor,MIN,0.0,0.0,0.0,0.0,0.0,0.1,0.5,0.0,2.0,25.3,0.2,0.0,0.0,0.0,0.0,0.0,0.0,0.0,0.0,3.6,2025-09-02 17:31:22
330,1,Josh Reynolds,NYJ,0.0,0.0,0.0,0.0,0.0,0.0,0.0,0.0,2.1,26.9,0.2,0.0,0.0,0.0,0.0,0.0,0.0,0.0,0.0,3.6,2025-09-02 17:31:22
331,1,Kayshon Boutte,NE,0.0,0.0,0.0,0.0,0.0,0.0,0.1,0.0,2.0,25.6,0.1,0.0,0.0,0.0,0.0,0.0,0.0,0.0,0.0,3.4,2025-09-02 17:31:22
332,1,Tory Horton,SEA,0.0,0.0,0.0,0.0,0.0,0.0,0.9,0.0,2.4,23.9,0.1,0.0,0.0,0.0,0.0,0.0,0.0,0.0,0.0,3.3,2025-09-02 17:31:22
333,1,Tre' Harris,LAC,0.0,0.0,0.0,0.0,0.0,0.0,0.1,0.0,2.0,24.1,0.1,0.0,0.0,0.0,0.0,0.0,0.0,0.0,0.0,3.3,2025-09-02 17:31:22
334,1,Tutu Atwell,LAR,0.0,0.0,0.0,0.0,0.0,0.3,1.2,0.0,2.0,24.4,0.1,0.0,0.0,0.0,0.0,0.0,0.0,0.0,0.0,3.2,2025-09-02 17:31:22
335,1,Nick Westbrook-Ikhine,MIA,0.0,0.0,0.0,0.0,0.0,0.0,0.1,0.0,1.6,21.8,0.2,0.0,0.0,0.0,0.0,0.0,0.0,0.0,0.0,3.2,2025-09-02 17:31:22
336,1,Andrei Iosivas,CIN,0.0,0.0,0.0,0.0,0.0,0.0,0.0,0.0,1.7,20.1,0.2,0.0,0.0,0.0,0.0,0.0,0.0,0.0,0.0,3.0,2025-09-02 17:31:22
337,1,Jamari Thrash,CLE,0.0,0.0,0.0,0.0,0.0,0.0,0.0,0.0,1.8,21.9,0.1,0.0,0.0,0.0,0.0,0.0,0.0,0.0,0.0,3.0,2025-09-02 17:31:22
338,1,Tre Tucker,LV,0.0,0.0,0.0,0.0,0.0,0.2,1.4,0.0,1.7,21.4,0.1,0.0,0.0,0.0,0.0,0.0,0.0,0.0,0.0,2.9,2025-09-02 17:31:22
339,1,Roman Wilson,PIT,0.0,0.0,0.0,0.0,0.0,0.0,0.0,0.0,2.0,21.9,0.1,0.0,0.0,0.0,0.0,0.0,0.0,0.0,0.0,2.9,2025-09-02 17:31:22
340,1,Sterling Shepard,TB,0.0,0.0,0.0,0.0,0.0,0.1,0.8,0.0,1.8,19.0,0.1,0.0,0.0,0.0,0.0,0.0,0.0,0.0,0.0,2.9,2025-09-02 17:31:22
341,1,Elic Ayomanor,TEN,0.0,0.0,0.0,0.0,0.0,0.0,0.3,0.0,1.9,21.2,0.1,0.0,0.0,0.0,0.0,0.0,0.0,0.0,0.0,2.8,2025-09-02 17:31:22
342,1,David Moore,CAR,0.0,0.0,0.0,0.0,0.0,0.0,0.0,0.0,1.7,21.0,0.1,0.0,0.0,0.0,0.0,0.0,0.0,0.0,0.0,2.8,2025-09-02 17:31:22
343,1,Quentin Johnston,LAC,0.0,0.0,0.0,0.0,0.0,0.1,0.4,0.0,1.5,19.6,0.1,0.0,0.0,0.0,0.0,0.0,0.0,0.0,0.0,2.8,2025-09-02 17:31:22
344,1,Noah Brown,WAS,0.0,0.0,0.0,0.0,0.0,0.0,0.0,0.0,1.7,21.6,0.1,0.0,0.0,0.0,0.0,0.0,0.0,0.0,0.0,2.7,2025-09-02 17:31:22
345,1,KaVontae Turpin,DAL,0.0,0.0,0.0,0.0,0.0,0.5,2.9,0.0,1.5,17.2,0.1,0.0,0.0,0.0,0.0,0.0,0.0,0.0,0.0,2.7,2025-09-02 17:31:22
346,1,Amari Cooper,LV,0.0,0.0,0.0,0.0,0.0,0.0,0.0,0.0,1.5,21.3,0.1,0.0,0.0,0.0,0.0,0.0,0.0,0.0,0.0,2.7,2025-09-02 17:31:22
347,1,Jalen Tolbert,DAL,0.0,0.0,0.0,0.0,0.0,0.0,0.0,0.0,1.7,18.8,0.1,0.0,0.0,0.0,0.0,0.0,0.0,0.0,0.0,2.7,2025-09-02 17:31:22
348,1,Luther Burden III,CHI,0.0,0.0,0.0,0.0,0.0,0.3,1.7,0.0,1.5,17.6,0.1,0.0,0.0,0.0,0.0,0.0,0.0,0.0,0.0,2.7,2025-09-02 17:31:22
349,1,Jordan Whittington,LAR,0.0,0.0,0.0,0.0,0.0,0.1,0.7,0.0,1.6,19.1,0.1,0.0,0.0,0.0,0.0,0.0,0.0,0.0,0.0,2.7,2025-09-02 17:31:22
350,1,Brandin Cooks,NO,0.0,0.0,0.0,0.0,0.0,0.0,0.1,0.0,1.7,19.1,0.1,0.0,0.0,0.0,0.0,0.0,0.0,0.0,0.0,2.7,2025-09-02 17:31:22
351,1,Dont'e Thornton Jr.,LV,0.0,0.0,0.0,0.0,0.0,0.0,0.1,0.0,1.8,19.6,0.1,0.0,0.0,0.0,0.0,0.0,0.0,0.0,0.0,2.6,2025-09-02 17:31:22
352,1,Malik Washington,MIA,0.0,0.0,0.0,0.0,0.0,0.1,0.7,0.0,1.7,18.1,0.1,0.0,0.0,0.0,0.0,0.0,0.0,0.0,0.0,2.6,2025-09-02 17:31:22
353,1,Dontayvion Wicks,GB,0.0,0.0,0.0,0.0,0.0,0.0,0.1,0.0,1.3,17.2,0.1,0.0,0.0,0.0,0.0,0.0,0.0,0.0,0.0,2.5,2025-09-02 17:31:22
354,1,Van Jefferson,TEN,0.0,0.0,0.0,0.0,0.0,0.0,0.0,0.0,1.5,19.3,0.1,0.0,0.0,0.0,0.0,0.0,0.0,0.0,0.0,2.5,2025-09-02 17:31:22
355,1,Greg Dortch,ARI,0.0,0.0,0.0,0.0,0.0,0.3,1.8,0.0,1.6,16.3,0.1,0.0,0.0,0.0,0.0,0.0,0.0,0.0,0.0,2.5,2025-09-02 17:31:22
356,1,Pat Bryant,DEN,0.0,0.0,0.0,0.0,0.0,0.0,0.0,0.0,1.5,17.2,0.1,0.0,0.0,0.0,0.0,0.0,0.0,0.0,0.0,2.5,2025-09-02 17:31:22
357,1,Allen Lazard,NYJ,0.0,0.0,0.0,0.0,0.0,0.0,0.0,0.0,1.5,18.0,0.1,0.0,0.0,0.0,0.0,0.0,0.0,0.0,0.0,2.3,2025-09-02 17:31:22
358,1,Adonai Mitchell,IND,0.0,0.0,0.0,0.0,0.0,0.1,0.7,0.0,1.3,15.0,0.1,0.0,0.0,0.0,0.0,0.0,0.0,0.0,0.0,2.2,2025-09-02 17:31:22
359,1,Devaughn Vele,NO,0.0,0.0,0.0,0.0,0.0,0.0,0.1,0.0,1.6,16.7,0.1,0.0,0.0,0.0,0.0,0.0,0.0,0.0,0.0,2.2,2025-09-02 17:31:22
360,1,Isaac TeSlaa,DET,0.0,0.0,0.0,0.0,0.0,0.0,0.0,0.0,1.5,16.1,0.1,0.0,0.0,0.0,0.0,0.0,0.0,0.0,0.0,2.2,2025-09-02 17:31:22
361,1,Hunter Renfrow,CAR,0.0,0.0,0.0,0.0,0.0,0.0,0.0,0.0,1.4,15.9,0.1,0.0,0.0,0.0,0.0,0.0,0.0,0.0,0.0,2.1,2025-09-02 17:31:22
362,1,Jordan Watkins,SF,0.0,0.0,0.0,0.0,0.0,0.0,0.0,0.0,1.2,16.2,0.1,0.0,0.0,0.0,0.0,0.0,0.0,0.0,0.0,2.1,2025-09-02 17:31:22
363,1,Tyquan Thornton,KC,0.0,0.0,0.0,0.0,0.0,0.0,0.0,0.0,1.3,14.7,0.1,0.0,0.0,0.0,0.0,0.0,0.0,0.0,0.0,2.1,2025-09-02 17:31:22
364,1,Olamide Zaccheaus,CHI,0.0,0.0,0.0,0.0,0.0,0.1,0.3,0.0,1.3,15.1,0.1,0.0,0.0,0.0,0.0,0.0,0.0,0.0,0.0,2.0,2025-09-02 17:31:22
365,1,Curtis Samuel,BUF,0.0,0.0,0.0,0.0,0.0,0.3,1.3,0.0,1.3,12.6,0.1,0.0,0.0,0.0,0.0,0.0,0.0,0.0,0.0,2.0,2025-09-02 17:31:22
366,1,Xavier Hutchinson,HOU,0.0,0.0,0.0,0.0,0.0,0.0,0.0,0.0,1.1,13.3,0.1,0.0,0.0,0.0,0.0,0.0,0.0,0.0,0.0,1.8,2025-09-02 17:31:22
367,1,Parker Washington,JAC,0.0,0.0,0.0,0.0,0.0,0.0,0.4,0.0,1.1,12.3,0.1,0.0,0.0,0.0,0.0,0.0,0.0,0.0,0.0,1.8,2025-09-02 17:31:22
368,1,Mack Hollins,NE,0.0,0.0,0.0,0.0,0.0,0.0,0.1,0.0,0.9,11.4,0.1,0.0,0.0,0.0,0.0,0.0,0.0,0.0,0.0,1.7,2025-09-02 17:31:22
369,1,Kyle Williams,NE,0.0,0.0,0.0,0.0,0.0,0.1,0.8,0.0,0.9,10.9,0.1,0.0,0.0,0.0,0.0,0.0,0.0,0.0,0.0,1.7,2025-09-02 17:31:22
370,1,Elijah Moore,BUF,0.0,0.0,0.0,0.0,0.0,0.0,0.0,0.0,1.0,11.1,0.1,0.0,0.0,0.0,0.0,0.0,0.0,0.0,0.0,1.5,2025-09-02 17:31:22
371,1,Jermaine Burton,CIN,0.0,0.0,0.0,0.0,0.0,0.0,0.0,0.0,0.8,10.4,0.1,0.0,0.0,0.0,0.0,0.0,0.0,0.0,0.0,1.5,2025-09-02 17:31:22
372,1,Zay Jones,ARI,0.0,0.0,0.0,0.0,0.0,0.0,0.1,0.0,0.9,10.3,0.1,0.0,0.0,0.0,0.0,0.0,0.0,0.0,0.0,1.4,2025-09-02 17:31:22
373,1,Jahan Dotson,PHI,0.0,0.0,0.0,0.0,0.0,0.0,0.1,0.0,0.8,10.1,0.1,0.0,0.0,0.0,0.0,0.0,0.0,0.0,0.0,1.4,2025-09-02 17:31:22
374,1,Tez Johnson,TB,0.0,0.0,0.0,0.0,0.0,0.0,0.1,0.0,0.9,9.7,0.1,0.0,0.0,0.0,0.0,0.0,0.0,0.0,0.0,1.4,2025-09-02 17:31:22
375,1,Bo Melton,GB,0.0,0.0,0.0,0.0,0.0,0.0,0.0,0.0,0.8,9.6,0.1,0.0,0.0,0.0,0.0,0.0,0.0,0.0,0.0,1.4,2025-09-02 17:31:22
376,1,Jake Bobo,SEA,0.0,0.0,0.0,0.0,0.0,0.0,0.0,0.0,0.8,9.6,0.1,0.0,0.0,0.0,0.0,0.0,0.0,0.0,0.0,1.3,2025-09-02 17:31:22
377,1,Kalif Raymond,DET,0.0,0.0,0.0,0.0,0.0,0.0,0.3,0.0,0.8,9.9,0.1,0.0,0.0,0.0,0.0,0.0,0.0,0.0,0.0,1.3,2025-09-02 17:31:22
378,1,Tai Felton,MIN,0.0,0.0,0.0,0.0,0.0,0.0,0.1,0.0,0.7,8.7,0.1,0.0,0.0,0.0,0.0,0.0,0.0,0.0,0.0,1.2,2025-09-02 17:31:22
379,1,Jaylin Noel,HOU,0.0,0.0,0.0,0.0,0.0,0.0,0.5,0.0,0.7,8.4,0.1,0.0,0.0,0.0,0.0,0.0,0.0,0.0,0.0,1.2,2025-09-02 17:31:22
380,1,Chimere Dike,TEN,0.0,0.0,0.0,0.0,0.0,0.1,0.5,0.0,0.8,8.3,0.0,0.0,0.0,0.0,0.0,0.0,0.0,0.0,0.0,1.1,2025-09-02 17:31:22
381,1,KhaDarel Hodge,ATL,0.0,0.0,0.0,0.0,0.0,0.0,0.1,0.0,0.6,8.2,0.0,0.0,0.0,0.0,0.0,0.0,0.0,0.0,0.0,1.1,2025-09-02 17:31:22
382,1,Devontez Walker,BAL,0.0,0.0,0.0,0.0,0.0,0.0,0.1,0.0,0.6,7.1,0.1,0.0,0.0,0.0,0.0,0.0,0.0,0.0,0.0,1.0,2025-09-02 17:31:22
383,1,Trey Palmer,NO,0.0,0.0,0.0,0.0,0.0,0.0,0.0,0.0,0.7,7.4,0.0,0.0,0.0,0.0,0.0,0.0,0.0,0.0,0.0,1.0,2025-09-02 17:31:22
384,1,Jalin Hyatt,NYG,0.0,0.0,0.0,0.0,0.0,0.0,0.0,0.0,0.6,7.8,0.0,0.0,0.0,0.0,0.0,0.0,0.0,0.0,0.0,1.0,2025-09-02 17:31:22
385,1,Marquez Valdes-Scantling,SF,0.0,0.0,0.0,0.0,0.0,0.0,0.0,0.0,0.4,6.9,0.0,0.0,0.0,0.0,0.0,0.0,0.0,0.0,0.0,1.0,2025-09-02 17:31:22
386,1,Jack Bech,LV,0.0,0.0,0.0,0.0,0.0,0.0,0.1,0.0,0.6,6.8,0.0,0.0,0.0,0.0,0.0,0.0,0.0,0.0,0.0,0.9,2025-09-02 17:31:22
387,1,Tim Jones,MIN,0.0,0.0,0.0,0.0,0.0,0.0,0.0,0.0,0.6,6.9,0.0,0.0,0.0,0.0,0.0,0.0,0.0,0.0,0.0,0.9,2025-09-02 17:31:22
388,1,Russell Gage Jr.,SF,0.0,0.0,0.0,0.0,0.0,0.0,0.0,0.0,0.6,6.6,0.0,0.0,0.0,0.0,0.0,0.0,0.0,0.0,0.0,0.9,2025-09-02 17:31:22
389,1,Malachi Corley,CLE,0.0,0.0,0.0,0.0,0.0,0.3,1.6,0.0,0.5,5.5,0.0,0.0,0.0,0.0,0.0,0.0,0.0,0.0,0.0,0.9,2025-09-02 17:31:22
390,1,Skyy Moore,SF,0.0,0.0,0.0,0.0,0.0,0.0,0.0,0.0,0.6,6.9,0.0,0.0,0.0,0.0,0.0,0.0,0.0,0.0,0.0,0.9,2025-09-02 17:31:22
391,1,Tylan Wallace,BAL,0.0,0.0,0.0,0.0,0.0,0.0,0.1,0.0,0.5,6.0,0.0,0.0,0.0,0.0,0.0,0.0,0.0,0.0,0.0,0.8,2025-09-02 17:31:22
392,1,Luke McCaffrey,WAS,0.0,0.0,0.0,0.0,0.0,0.0,0.0,0.0,0.6,6.1,0.0,0.0,0.0,0.0,0.0,0.0,0.0,0.0,0.0,0.8,2025-09-02 17:31:22
393,1,Isaiah Bond,CLE,0.0,0.0,0.0,0.0,0.0,0.0,0.0,0.0,0.6,6.4,0.0,0.0,0.0,0.0,0.0,0.0,0.0,0.0,0.0,0.8,2025-09-02 17:31:22
394,1,Savion Williams,GB,0.0,0.0,0.0,0.0,0.0,0.3,0.9,0.0,0.4,4.7,0.0,0.0,0.0,0.0,0.0,0.0,0.0,0.0,0.0,0.8,2025-09-02 17:31:22
395,1,Jaylin Lane,WAS,0.0,0.0,0.0,0.0,0.0,0.1,0.8,0.0,0.4,4.4,0.0,0.0,0.0,0.0,0.0,0.0,0.0,0.0,0.0,0.8,2025-09-02 17:31:22
396,1,Malik Heath,GB,0.0,0.0,0.0,0.0,0.0,0.0,0.4,0.0,0.4,4.9,0.0,0.0,0.0,0.0,0.0,0.0,0.0,0.0,0.0,0.7,2025-09-02 17:31:22
397,1,Tim Patrick,JAC,0.0,0.0,0.0,0.0,0.0,0.0,0.0,0.0,0.4,4.8,0.0,0.0,0.0,0.0,0.0,0.0,0.0,0.0,0.0,0.7,2025-09-02 17:31:22
398,1,Ryan Flournoy,DAL,0.0,0.0,0.0,0.0,0.0,0.0,0.0,0.0,0.5,5.1,0.0,0.0,0.0,0.0,0.0,0.0,0.0,0.0,0.0,0.7,2025-09-02 17:31:22
399,1,Arian Smith,NYJ,0.0,0.0,0.0,0.0,0.0,0.0,0.3,0.0,0.5,4.8,0.0,0.0,0.0,0.0,0.0,0.0,0.0,0.0,0.0,0.6,2025-09-02 17:31:22
400,1,KeAndre Lambert-Smith,LAC,0.0,0.0,0.0,0.0,0.0,0.0,0.1,0.0,0.4,4.2,0.0,0.0,0.0,0.0,0.0,0.0,0.0,0.0,0.0,0.6,2025-09-02 17:31:22
401,1,Jamal Agnew,ATL,0.0,0.0,0.0,0.0,0.0,0.0,0.0,0.0,0.4,4.0,0.0,0.0,0.0,0.0,0.0,0.0,0.0,0.0,0.0,0.6,2025-09-02 17:31:22
402,1,Jimmy Horn Jr.,CAR,0.0,0.0,0.0,0.0,0.0,0.0,0.0,0.0,0.4,3.9,0.0,0.0,0.0,0.0,0.0,0.0,0.0,0.0,0.0,0.5,2025-09-02 17:31:22
403,1,Xavier Gipson,NYJ,0.0,0.0,0.0,0.0,0.0,0.0,0.1,0.0,0.5,4.9,0.0,0.0,0.0,0.0,0.0,0.0,0.0,0.0,0.0,0.5,2025-09-02 17:31:22
404,1,Brycen Tremayne,CAR,0.0,0.0,0.0,0.0,0.0,0.0,0.0,0.0,0.4,4.2,0.0,0.0,0.0,0.0,0.0,0.0,0.0,0.0,0.0,0.5,2025-09-02 17:31:22
405,1,Casey Washington,ATL,0.0,0.0,0.0,0.0,0.0,0.0,0.0,0.0,0.4,4.0,0.0,0.0,0.0,0.0,0.0,0.0,0.0,0.0,0.0,0.5,2025-09-02 17:31:22
406,1,Cody White,SEA,0.0,0.0,0.0,0.0,0.0,0.0,0.0,0.0,0.3,3.8,0.0,0.0,0.0,0.0,0.0,0.0,0.0,0.0,0.0,0.5,2025-09-02 17:31:22
407,1,Efton Chism III,NE,0.0,0.0,0.0,0.0,0.0,0.0,0.0,0.0,0.3,3.3,0.0,0.0,0.0,0.0,0.0,0.0,0.0,0.0,0.0,0.5,2025-09-02 17:31:22
408,1,Tommy Mellott,NO,0.0,0.0,0.0,0.0,0.0,0.2,1.4,0.0,0.2,2.5,0.0,0.0,0.0,0.0,0.0,0.0,0.0,0.0,0.0,0.5,2025-09-02 17:31:22
409,1,DeAndre Carter,CLE,0.0,0.0,0.0,0.0,0.0,0.0,0.1,0.0,0.4,3.9,0.0,0.0,0.0,0.0,0.0,0.0,0.0,0.0,0.0,0.5,2025-09-02 17:31:22
410,1,Tyler Johnson,NYJ,0.0,0.0,0.0,0.0,0.0,0.0,0.0,0.0,0.3,3.5,0.0,0.0,0.0,0.0,0.0,0.0,0.0,0.0,0.0,0.5,2025-09-02 17:31:22
411,1,John Metchie III,PHI,0.0,0.0,0.0,0.0,0.0,0.0,0.0,0.0,0.3,3.4,0.0,0.0,0.0,0.0,0.0,0.0,0.0,0.0,0.0,0.5,2025-09-02 17:31:22
412,1,Dareke Young,SEA,0.0,0.0,0.0,0.0,0.0,0.0,0.0,0.0,0.3,3.2,0.0,0.0,0.0,0.0,0.0,0.0,0.0,0.0,0.0,0.4,2025-09-02 17:31:22
413,1,Derius Davis,LAC,0.0,0.0,0.0,0.0,0.0,0.6,1.6,0.0,0.2,2.2,0.0,0.0,0.0,0.0,0.0,0.0,0.0,0.0,0.0,0.4,2025-09-02 17:31:22
414,1,Irvin Charles,NYJ,0.0,0.0,0.0,0.0,0.0,0.0,0.0,0.0,0.3,3.1,0.0,0.0,0.0,0.0,0.0,0.0,0.0,0.0,0.0,0.4,2025-09-02 17:31:22
415,1,Scotty Miller,PIT,0.0,0.0,0.0,0.0,0.0,0.0,0.0,0.0,0.3,3.3,0.0,0.0,0.0,0.0,0.0,0.0,0.0,0.0,0.0,0.4,2025-09-02 17:31:22
416,1,Ryan Miller,TB,0.0,0.0,0.0,0.0,0.0,0.0,0.0,0.0,0.2,2.5,0.0,0.0,0.0,0.0,0.0,0.0,0.0,0.0,0.0,0.4,2025-09-02 17:31:22
417,1,Trent Sherfield Sr.,DEN,0.0,0.0,0.0,0.0,0.0,0.0,0.0,0.0,0.3,2.8,0.0,0.0,0.0,0.0,0.0,0.0,0.0,0.0,0.0,0.3,2025-09-02 17:31:22
418,1,Britain Covey,PHI,0.0,0.0,0.0,0.0,0.0,0.1,0.8,0.0,0.1,1.2,0.0,0.0,0.0,0.0,0.0,0.0,0.0,0.0,0.0,0.3,2025-09-02 17:31:22
419,1,Gage Larvadain,CLE,0.0,0.0,0.0,0.0,0.0,0.0,0.0,0.0,0.2,2.5,0.0,0.0,0.0,0.0,0.0,0.0,0.0,0.0,0.0,0.3,2025-09-02 17:31:22
420,1,Jalen Reagor,LAC,0.0,0.0,0.0,0.0,0.0,0.0,0.0,0.0,0.2,2.5,0.0,0.0,0.0,0.0,0.0,0.0,0.0,0.0,0.0,0.3,2025-09-02 17:31:22
421,1,Austin Trammell,JAC,0.0,0.0,0.0,0.0,0.0,0.0,0.0,0.0,0.2,2.4,0.0,0.0,0.0,0.0,0.0,0.0,0.0,0.0,0.0,0.3,2025-09-02 17:31:22
422,1,Nick Nash,ATL,0.0,0.0,0.0,0.0,0.0,0.0,0.0,0.0,0.2,2.3,0.0,0.0,0.0,0.0,0.0,0.0,0.0,0.0,0.0,0.3,2025-09-02 17:31:22
423,1,Bryce Oliver,TEN,0.0,0.0,0.0,0.0,0.0,0.0,0.0,0.0,0.2,2.2,0.0,0.0,0.0,0.0,0.0,0.0,0.0,0.0,0.0,0.3,2025-09-02 17:31:22
424,1,Ashton Dulin,IND,0.0,0.0,0.0,0.0,0.0,0.0,0.3,0.0,0.2,1.7,0.0,0.0,0.0,0.0,0.0,0.0,0.0,0.0,0.0,0.2,2025-09-02 17:31:22
425,1,Anthony Gould,IND,0.0,0.0,0.0,0.0,0.0,0.0,0.1,0.0,0.2,1.8,0.0,0.0,0.0,0.0,0.0,0.0,0.0,0.0,0.0,0.2,2025-09-02 17:31:22
426,1,Justin Watson,HOU,0.0,0.0,0.0,0.0,0.0,0.0,0.0,0.0,0.1,1.4,0.0,0.0,0.0,0.0,0.0,0.0,0.0,0.0,0.0,0.2,2025-09-02 17:31:22
427,1,Mitchell Tinsley,CIN,0.0,0.0,0.0,0.0,0.0,0.0,0.0,0.0,0.2,1.7,0.0,0.0,0.0,0.0,0.0,0.0,0.0,0.0,0.0,0.2,2025-09-02 17:31:22
428,1,Dee Eskridge,MIA,0.0,0.0,0.0,0.0,0.0,0.0,0.0,0.0,0.1,1.3,0.0,0.0,0.0,0.0,0.0,0.0,0.0,0.0,0.0,0.2,2025-09-02 17:31:22
429,1,Erik Ezukanma,JAC,0.0,0.0,0.0,0.0,0.0,0.0,0.0,0.0,0.1,1.3,0.0,0.0,0.0,0.0,0.0,0.0,0.0,0.0,0.0,0.2,2025-09-02 17:31:22
430,1,Ihmir Smith-Marsette,NYG,0.0,0.0,0.0,0.0,0.0,0.0,0.0,0.0,0.1,1.2,0.0,0.0,0.0,0.0,0.0,0.0,0.0,0.0,0.0,0.2,2025-09-02 17:31:22
431,1,Beaux Collins,NYG,0.0,0.0,0.0,0.0,0.0,0.0,0.0,0.0,0.1,1.2,0.0,0.0,0.0,0.0,0.0,0.0,0.0,0.0,0.0,0.2,2025-09-02 17:31:22
432,1,Tyrell Shavers,BUF,0.0,0.0,0.0,0.0,0.0,0.0,0.0,0.0,0.1,1.2,0.0,0.0,0.0,0.0,0.0,0.0,0.0,0.0,0.0,0.2,2025-09-02 17:31:22
433,1,Charlie Jones,CIN,0.0,0.0,0.0,0.0,0.0,0.0,0.1,0.0,0.2,1.7,0.0,0.0,0.0,0.0,0.0,0.0,0.0,0.0,0.0,0.2,2025-09-02 17:31:22
434,1,Konata Mumpfield,LAR,0.0,0.0,0.0,0.0,0.0,0.0,0.0,0.0,0.1,1.2,0.0,0.0,0.0,0.0,0.0,0.0,0.0,0.0,0.0,0.2,2025-09-02 17:31:22
435,1,Simi Fehoko,ARI,0.0,0.0,0.0,0.0,0.0,0.0,0.0,0.0,0.1,1.1,0.0,0.0,0.0,0.0,0.0,0.0,0.0,0.0,0.0,0.2,2025-09-02 17:31:22
436,1,Xavier Weaver,ARI,0.0,0.0,0.0,0.0,0.0,0.0,0.0,0.0,0.1,1.1,0.0,0.0,0.0,0.0,0.0,0.0,0.0,0.0,0.0,0.2,2025-09-02 17:31:22
437,1,Xavier Smith,LAR,0.0,0.0,0.0,0.0,0.0,0.1,0.9,0.0,0.1,1.1,0.0,0.0,0.0,0.0,0.0,0.0,0.0,0.0,0.0,0.2,2025-09-02 17:31:22
438,1,Bub Means,NO,0.0,0.0,0.0,0.0,0.0,0.0,0.0,0.0,0.1,1.0,0.0,0.0,0.0,0.0,0.0,0.0,0.0,0.0,0.0,0.2,2025-09-02 17:31:22
439,1,Nikko Remigio,KC,0.0,0.0,0.0,0.0,0.0,0.0,0.0,0.0,0.1,1.6,0.0,0.0,0.0,0.0,0.0,0.0,0.0,0.0,0.0,0.2,2025-09-02 17:31:22
440,1,Ainias Smith,CAR,0.0,0.0,0.0,0.0,0.0,0.0,0.0,0.0,0.1,1.0,0.0,0.0,0.0,0.0,0.0,0.0,0.0,0.0,0.0,0.2,2025-09-02 17:31:22
441,1,Devin Duvernay,CHI,0.0,0.0,0.0,0.0,0.0,0.0,0.2,0.0,0.1,1.0,0.0,0.0,0.0,0.0,0.0,0.0,0.0,0.0,0.0,0.1,2025-09-02 17:31:22
442,1,David Bell,CLE,0.0,0.0,0.0,0.0,0.0,0.0,0.0,0.0,0.1,1.2,0.0,0.0,0.0,0.0,0.0,0.0,0.0,0.0,0.0,0.1,2025-09-02 17:31:22
443,1,Cedrick Wilson Jr.,NO,0.0,0.0,0.0,0.0,0.0,0.0,0.0,0.0,0.1,1.1,0.0,0.0,0.0,0.0,0.0,0.0,0.0,0.0,0.0,0.1,2025-09-02 17:31:22
444,1,Mason Tipton,NO,0.0,0.0,0.0,0.0,0.0,0.0,0.0,0.0,0.1,1.1,0.0,0.0,0.0,0.0,0.0,0.0,0.0,0.0,0.0,0.1,2025-09-02 17:31:22
445,1,Kevin Austin Jr.,NO,0.0,0.0,0.0,0.0,0.0,0.0,0.0,0.0,0.1,1.1,0.0,0.0,0.0,0.0,0.0,0.0,0.0,0.0,0.0,0.1,2025-09-02 17:31:22
446,1,Ben Skowronek,PIT,0.0,0.0,0.0,0.0,0.0,0.0,0.0,0.0,0.1,1.0,0.0,0.0,0.0,0.0,0.0,0.0,0.0,0.0,0.0,0.1,2025-09-02 17:31:22
447,1,Kristian Wilkerson,BUF,0.0,0.0,0.0,0.0,0.0,0.0,0.0,0.0,0.0,0.0,0.0,0.0,0.0,0.0,0.0,0.0,0.0,0.0,0.0,0.0,2025-09-02 17:31:22
448,1,Andre Baccellia,ARI,0.0,0.0,0.0,0.0,0.0,0.0,0.0,0.0,0.0,0.0,0.0,0.0,0.0,0.0,0.0,0.0,0.0,0.0,0.0,0.0,2025-09-02 17:31:22
449,1,Seth Williams,LV,0.0,0.0,0.0,0.0,0.0,0.0,0.0,0.0,0.0,0.0,0.0,0.0,0.0,0.0,0.0,0.0,0.0,0.0,0.0,0.0,2025-09-02 17:31:22
450,1,Chris Blair,ATL,0.0,0.0,0.0,0.0,0.0,0.0,0.0,0.0,0.0,0.0,0.0,0.0,0.0,0.0,0.0,0.0,0.0,0.0,0.0,0.0,2025-09-02 17:31:22
451,1,Javon Baker,PHI,0.0,0.0,0.0,0.0,0.0,0.0,0.0,0.0,0.0,0.0,0.0,0.0,0.0,0.0,0.0,0.0,0.0,0.0,0.0,0.0,2025-09-02 17:31:22
452,1,Ronnie Bell,DET,0.0,0.0,0.0,0.0,0.0,0.0,0.0,0.0,0.0,0.0,0.0,0.0,0.0,0.0,0.0,0.0,0.0,0.0,0.0,0.0,2025-09-02 17:31:22
453,1,Jonathan Mingo,DAL,0.0,0.0,0.0,0.0,0.0,0.0,0.0,0.0,0.0,0.0,0.0,0.0,0.0,0.0,0.0,0.0,0.0,0.0,0.0,0.0,2025-09-02 17:31:22
454,1,Jalen McMillan,TB,0.0,0.0,0.0,0.0,0.0,0.0,0.0,0.0,0.0,0.0,0.0,0.0,0.0,0.0,0.0,0.0,0.0,0.0,0.0,0.0,2025-09-02 17:31:22
455,1,Terrace Marshall Jr.,PHI,0.0,0.0,0.0,0.0,0.0,0.0,0.0,0.0,0.0,0.0,0.0,0.0,0.0,0.0,0.0,0.0,0.0,0.0,0.0,0.0,2025-09-02 17:31:22
456,1,Brandon Smith,NYJ,0.0,0.0,0.0,0.0,0.0,0.0,0.0,0.0,0.0,0.0,0.0,0.0,0.0,0.0,0.0,0.0,0.0,0.0,0.0,0.0,2025-09-02 17:31:22
457,1,Michael Bandy,DEN,0.0,0.0,0.0,0.0,0.0,0.0,0.0,0.0,0.0,0.0,0.0,0.0,0.0,0.0,0.0,0.0,0.0,0.0,0.0,0.0,2025-09-02 17:31:22
458,1,Christian Watson,GB,0.0,0.0,0.0,0.0,0.0,0.0,0.0,0.0,0.0,0.0,0.0,0.0,0.0,0.0,0.0,0.0,0.0,0.0,0.0,0.0,2025-09-02 17:31:22
459,1,A.T. Perry,DEN,0.0,0.0,0.0,0.0,0.0,0.0,0.0,0.0,0.0,0.0,0.0,0.0,0.0,0.0,0.0,0.0,0.0,0.0,0.0,0.0,2025-09-02 17:31:22
460,1,Kaden Davis,CLE,0.0,0.0,0.0,0.0,0.0,0.0,0.0,0.0,0.0,0.0,0.0,0.0,0.0,0.0,0.0,0.0,0.0,0.0,0.0,0.0,2025-09-02 17:31:22
461,1,Dennis Houston,TB,0.0,0.0,0.0,0.0,0.0,0.0,0.0,0.0,0.0,0.0,0.0,0.0,0.0,0.0,0.0,0.0,0.0,0.0,0.0,0.0,2025-09-02 17:31:22
462,1,Maurice Alexander,CHI,0.0,0.0,0.0,0.0,0.0,0.0,0.0,0.0,0.0,0.0,0.0,0.0,0.0,0.0,0.0,0.0,0.0,0.0,0.0,0.0,2025-09-02 17:31:22
463,1,Jacob Cowing,SF,0.0,0.0,0.0,0.0,0.0,0.0,0.0,0.0,0.0,0.0,0.0,0.0,0.0,0.0,0.0,0.0,0.0,0.0,0.0,0.0,2025-09-02 17:31:22
464,1,Bryce Ford-Wheaton,NYG,0.0,0.0,0.0,0.0,0.0,0.0,0.0,0.0,0.0,0.0,0.0,0.0,0.0,0.0,0.0,0.0,0.0,0.0,0.0,0.0,2025-09-02 17:31:22
465,1,Jalen Cropper,DAL,0.0,0.0,0.0,0.0,0.0,0.0,0.0,0.0,0.0,0.0,0.0,0.0,0.0,0.0,0.0,0.0,0.0,0.0,0.0,0.0,2025-09-02 17:31:22
466,1,Tank Dell,HOU,0.0,0.0,0.0,0.0,0.0,0.0,0.0,0.0,0.0,0.0,0.0,0.0,0.0,0.0,0.0,0.0,0.0,0.0,0.0,0.0,2025-09-02 17:31:22
467,1,Tyler Scott,IND,0.0,0.0,0.0,0.0,0.0,0.0,0.0,0.0,0.0,0.0,0.0,0.0,0.0,0.0,0.0,0.0,0.0,0.0,0.0,0.0,2025-09-02 17:31:22
468,1,Jalen Brooks,DAL,0.0,0.0,0.0,0.0,0.0,0.0,0.0,0.0,0.0,0.0,0.0,0.0,0.0,0.0,0.0,0.0,0.0,0.0,0.0,0.0,2025-09-02 17:31:22
469,1,Jared Wayne,HOU,0.0,0.0,0.0,0.0,0.0,0.0,0.0,0.0,0.0,0.0,0.0,0.0,0.0,0.0,0.0,0.0,0.0,0.0,0.0,0.0,2025-09-02 17:31:22
470,1,Elijah Cooks,PHI,0.0,0.0,0.0,0.0,0.0,0.0,0.0,0.0,0.0,0.0,0.0,0.0,0.0,0.0,0.0,0.0,0.0,0.0,0.0,0.0,2025-09-02 17:31:22
471,1,Shedrick Jackson,LV,0.0,0.0,0.0,0.0,0.0,0.0,0.0,0.0,0.0,0.0,0.0,0.0,0.0,0.0,0.0,0.0,0.0,0.0,0.0,0.0,2025-09-02 17:31:22
472,1,Jason Brownlee,KC,0.0,0.0,0.0,0.0,0.0,0.0,0.0,0.0,0.0,0.0,0.0,0.0,0.0,0.0,0.0,0.0,0.0,0.0,0.0,0.0,2025-09-02 17:31:22
473,1,Dylan Drummond,ATL,0.0,0.0,0.0,0.0,0.0,0.0,0.0,0.0,0.0,0.0,0.0,0.0,0.0,0.0,0.0,0.0,0.0,0.0,0.0,0.0,2025-09-02 17:31:22
474,1,Lucky Jackson,MIN,0.0,0.0,0.0,0.0,0.0,0.0,0.0,0.0,0.0,0.0,0.0,0.0,0.0,0.0,0.0,0.0,0.0,0.0,0.0,0.0,2025-09-02 17:31:22
475,1,Dominic Lovett,DET,0.0,0.0,0.0,0.0,0.0,0.0,0.0,0.0,0.0,0.0,0.0,0.0,0.0,0.0,0.0,0.0,0.0,0.0,0.0,0.0,2025-09-02 17:31:22
476,1,Isaiah Neyor,GB,0.0,0.0,0.0,0.0,0.0,0.0,0.0,0.0,0.0,0.0,0.0,0.0,0.0,0.0,0.0,0.0,0.0,0.0,0.0,0.0,2025-09-02 17:31:22
477,1,Joshua Cephus,JAC,0.0,0.0,0.0,0.0,0.0,0.0,0.0,0.0,0.0,0.0,0.0,0.0,0.0,0.0,0.0,0.0,0.0,0.0,0.0,0.0,2025-09-02 17:31:22
478,1,Tahj Washington,MIA,0.0,0.0,0.0,0.0,0.0,0.0,0.0,0.0,0.0,0.0,0.0,0.0,0.0,0.0,0.0,0.0,0.0,0.0,0.0,0.0,2025-09-02 17:31:22
479,1,Tejhaun Palmer,ARI,0.0,0.0,0.0,0.0,0.0,0.0,0.0,0.0,0.0,0.0,0.0,0.0,0.0,0.0,0.0,0.0,0.0,0.0,0.0,0.0,2025-09-02 17:31:22
480,1,Kameron Johnson,TB,0.0,0.0,0.0,0.0,0.0,0.0,0.0,0.0,0.0,0.0,0.0,0.0,0.0,0.0,0.0,0.0,0.0,0.0,0.0,0.0,2025-09-02 17:31:22
481,1,Xavier Restrepo,TEN,0.0,0.0,0.0,0.0,0.0,0.0,0.0,0.0,0.0,0.0,0.0,0.0,0.0,0.0,0.0,0.0,0.0,0.0,0.0,0.0,2025-09-02 17:31:22
482,1,Jalen Royals,KC,0.0,0.0,0.0,0.0,0.0,0.0,0.0,0.0,0.0,0.0,0.0,0.0,0.0,0.0,0.0,0.0,0.0,0.0,0.0,0.0,2025-09-02 17:31:22
483,1,Ricky White III,SEA,0.0,0.0,0.0,0.0,0.0,0.0,0.0,0.0,0.0,0.0,0.0,0.0,0.0,0.0,0.0,0.0,0.0,0.0,0.0,0.0,2025-09-02 17:31:22
484,1,LaJohntay Wester,BAL,0.0,0.0,0.0,0.0,0.0,0.0,0.0,0.0,0.0,0.0,0.0,0.0,0.0,0.0,0.0,0.0,0.0,0.0,0.0,0.0,2025-09-02 17:31:22
485,1,Junior Bergen,SF,0.0,0.0,0.0,0.0,0.0,0.0,0.0,0.0,0.0,0.0,0.0,0.0,0.0,0.0,0.0,0.0,0.0,0.0,0.0,0.0,2025-09-02 17:31:22
486,1,Laquon Treadwell,IND,0.0,0.0,0.0,0.0,0.0,0.0,0.0,0.0,0.0,0.0,0.0,0.0,0.0,0.0,0.0,0.0,0.0,0.0,0.0,0.0,2025-09-02 17:31:22
487,1,Chris Moore,WAS,0.0,0.0,0.0,0.0,0.0,0.0,0.0,0.0,0.0,0.0,0.0,0.0,0.0,0.0,0.0,0.0,0.0,0.0,0.0,0.0,2025-09-02 17:31:22
488,1,Demarcus Robinson,SF,0.0,0.0,0.0,0.0,0.0,0.0,0.0,0.0,0.0,0.0,0.0,0.0,0.0,0.0,0.0,0.0,0.0,0.0,0.0,0.0,2025-09-02 17:31:22
489,1,Robbie Chosen,SF,0.0,0.0,0.0,0.0,0.0,0.0,0.0,0.0,0.0,0.0,0.0,0.0,0.0,0.0,0.0,0.0,0.0,0.0,0.0,0.0,2025-09-02 17:31:22
490,1,Chris Godwin Jr.,TB,0.0,0.0,0.0,0.0,0.0,0.0,0.0,0.0,0.0,0.0,0.0,0.0,0.0,0.0,0.0,0.0,0.0,0.0,0.0,0.0,2025-09-02 17:31:22
491,1,Trent Taylor,SF,0.0,0.0,0.0,0.0,0.0,0.0,0.0,0.0,0.0,0.0,0.0,0.0,0.0,0.0,0.0,0.0,0.0,0.0,0.0,0.0,2025-09-02 17:31:22
492,1,Anthony Miller,BAL,0.0,0.0,0.0,0.0,0.0,0.0,0.0,0.0,0.0,0.0,0.0,0.0,0.0,0.0,0.0,0.0,0.0,0.0,0.0,0.0,2025-09-02 17:31:22
493,1,Braxton Berrios,HOU,0.0,0.0,0.0,0.0,0.0,0.0,0.0,0.0,0.0,0.0,0.0,0.0,0.0,0.0,0.0,0.0,0.0,0.0,0.0,0.0,2025-09-02 17:31:22
494,1,Keith Kirkwood,BAL,0.0,0.0,0.0,0.0,0.0,0.0,0.0,0.0,0.0,0.0,0.0,0.0,0.0,0.0,0.0,0.0,0.0,0.0,0.0,0.0,2025-09-02 17:31:22
495,1,David Sills,ATL,0.0,0.0,0.0,0.0,0.0,0.0,0.0,0.0,0.0,0.0,0.0,0.0,0.0,0.0,0.0,0.0,0.0,0.0,0.0,0.0,2025-09-02 17:31:22
496,1,Mecole Hardman Jr.,GB,0.0,0.0,0.0,0.0,0.0,0.0,0.0,0.0,0.0,0.0,0.0,0.0,0.0,0.0,0.0,0.0,0.0,0.0,0.0,0.0,2025-09-02 17:31:22
497,1,Lil'Jordan Humphrey,NYG,0.0,0.0,0.0,0.0,0.0,0.0,0.0,0.0,0.0,0.0,0.0,0.0,0.0,0.0,0.0,0.0,0.0,0.0,0.0,0.0,2025-09-02 17:31:22
498,1,Miles Boykin,CHI,0.0,0.0,0.0,0.0,0.0,0.0,0.0,0.0,0.0,0.0,0.0,0.0,0.0,0.0,0.0,0.0,0.0,0.0,0.0,0.0,2025-09-02 17:31:22
499,1,Alex Bachman,LV,0.0,0.0,0.0,0.0,0.0,0.0,0.0,0.0,0.0,0.0,0.0,0.0,0.0,0.0,0.0,0.0,0.0,0.0,0.0,0.0,2025-09-02 17:31:22
500,1,D.J. Montgomery,IND,0.0,0.0,0.0,0.0,0.0,0.0,0.0,0.0,0.0,0.0,0.0,0.0,0.0,0.0,0.0,0.0,0.0,0.0,0.0,0.0,2025-09-02 17:31:22
501,1,Tom Kennedy,DET,0.0,0.0,0.0,0.0,0.0,0.0,0.0,0.0,0.0,0.0,0.0,0.0,0.0,0.0,0.0,0.0,0.0,0.0,0.0,0.0,2025-09-02 17:31:22
502,1,Gunner Olszewski,NYG,0.0,0.0,0.0,0.0,0.0,0.0,0.0,0.0,0.0,0.0,0.0,0.0,0.0,0.0,0.0,0.0,0.0,0.0,0.0,0.0,2025-09-02 17:31:22
503,1,James Proche II,TEN,0.0,0.0,0.0,0.0,0.0,0.0,0.0,0.0,0.0,0.0,0.0,0.0,0.0,0.0,0.0,0.0,0.0,0.0,0.0,0.0,2025-09-02 17:31:22
504,1,Gabe Davis,BUF,0.0,0.0,0.0,0.0,0.0,0.0,0.0,0.0,0.0,0.0,0.0,0.0,0.0,0.0,0.0,0.0,0.0,0.0,0.0,0.0,2025-09-02 17:31:22
505,1,Trishton Jackson,ARI,0.0,0.0,0.0,0.0,0.0,0.0,0.0,0.0,0.0,0.0,0.0,0.0,0.0,0.0,0.0,0.0,0.0,0.0,0.0,0.0,2025-09-02 17:31:22
506,1,Mason Kinsey,TEN,0.0,0.0,0.0,0.0,0.0,0.0,0.0,0.0,0.0,0.0,0.0,0.0,0.0,0.0,0.0,0.0,0.0,0.0,0.0,0.0,2025-09-02 17:31:22
507,1,Brock Bowers,LV,0.0,0.0,0.0,0.0,0.0,0.0,0.0,0.0,6.6,68.4,0.3,0.0,0.0,0.0,0.0,0.0,0.0,0.0,0.0,8.9,2025-09-02 17:31:22
508,1,George Kittle,SF,0.0,0.0,0.0,0.0,0.0,0.0,0.0,0.0,4.8,60.9,0.4,0.0,0.0,0.0,0.0,0.0,0.0,0.0,0.0,8.4,2025-09-02 17:31:22
509,1,Trey McBride,ARI,0.0,0.0,0.0,0.0,0.0,0.0,0.0,0.0,6.2,62.9,0.3,0.0,0.0,0.0,0.0,0.0,0.0,0.0,0.0,8.2,2025-09-02 17:31:22
510,1,David Njoku,CLE,0.0,0.0,0.0,0.0,0.0,0.0,0.0,0.0,5.2,53.8,0.4,0.1,0.0,0.0,0.0,0.0,0.0,0.0,0.0,7.5,2025-09-02 17:31:22
511,1,Mark Andrews,BAL,0.0,0.0,0.0,0.0,0.0,0.0,0.0,0.0,4.0,44.5,0.4,0.0,0.0,0.0,0.0,0.0,0.0,0.0,0.0,6.7,2025-09-02 17:31:22
512,1,Travis Kelce,KC,0.0,0.0,0.0,0.0,0.0,0.0,0.0,0.0,4.8,47.4,0.3,0.0,0.0,0.0,0.0,0.0,0.0,0.0,0.0,6.7,2025-09-02 17:31:22
513,1,Sam LaPorta,DET,0.0,0.0,0.0,0.0,0.0,0.0,0.0,0.0,4.3,46.0,0.3,0.0,0.0,0.0,0.0,0.0,0.0,0.0,0.0,6.6,2025-09-02 17:31:22
514,1,T.J. Hockenson,MIN,0.0,0.0,0.0,0.0,0.0,0.0,0.0,0.0,4.5,47.2,0.3,0.0,0.0,0.0,0.0,0.0,0.0,0.0,0.0,6.2,2025-09-02 17:31:22
515,1,Kyle Pitts Sr.,ATL,0.0,0.0,0.0,0.0,0.0,0.0,0.0,0.0,3.2,40.7,0.2,0.0,0.0,0.0,0.0,0.0,0.0,0.0,0.0,5.5,2025-09-02 17:31:22
516,1,Tyler Warren,IND,0.0,0.0,0.0,0.0,0.0,0.0,0.0,0.0,3.7,36.9,0.3,0.0,0.0,0.0,0.0,0.0,0.0,0.0,0.0,5.3,2025-09-02 17:31:22
517,1,Dallas Goedert,PHI,0.0,0.0,0.0,0.0,0.0,0.0,0.0,0.0,3.4,38.0,0.2,0.0,0.0,0.0,0.0,0.0,0.0,0.0,0.0,5.1,2025-09-02 17:31:22
518,1,Tucker Kraft,GB,0.0,0.0,0.0,0.0,0.0,0.0,0.0,0.0,3.3,37.1,0.2,0.0,0.0,0.0,0.0,0.0,0.0,0.0,0.0,5.1,2025-09-02 17:31:22
519,1,Cade Otton,TB,0.0,0.0,0.0,0.0,0.0,0.0,0.0,0.0,3.3,33.6,0.3,0.0,0.0,0.0,0.0,0.0,0.0,0.0,0.0,5.0,2025-09-02 17:31:22
520,1,Evan Engram,DEN,0.0,0.0,0.0,0.0,0.0,0.0,0.0,0.0,4.2,37.2,0.2,0.0,0.0,0.0,0.0,0.0,0.0,0.0,0.0,4.9,2025-09-02 17:31:22
521,1,Dalton Kincaid,BUF,0.0,0.0,0.0,0.0,0.0,0.0,0.0,0.0,3.4,36.2,0.2,0.0,0.0,0.0,0.0,0.0,0.0,0.0,0.0,4.7,2025-09-02 17:31:22
522,1,Brenton Strange,JAC,0.0,0.0,0.0,0.0,0.0,0.0,0.0,0.0,3.4,33.7,0.2,0.0,0.0,0.0,0.0,0.0,0.0,0.0,0.0,4.7,2025-09-02 17:31:22
523,1,Jake Ferguson,DAL,0.0,0.0,0.0,0.0,0.0,0.0,0.0,0.0,4.0,36.0,0.2,0.0,0.0,0.0,0.0,0.0,0.0,0.0,0.0,4.7,2025-09-02 17:31:22
524,1,Hunter Henry,NE,0.0,0.0,0.0,0.0,0.0,0.0,0.0,0.0,2.9,30.8,0.3,0.0,0.0,0.0,0.0,0.0,0.0,0.0,0.0,4.6,2025-09-02 17:31:22
525,1,Zach Ertz,WAS,0.0,0.0,0.0,0.0,0.0,0.0,0.0,0.0,3.2,29.3,0.3,0.0,0.0,0.0,0.0,0.0,0.0,0.0,0.0,4.4,2025-09-02 17:31:22
526,1,Chig Okonkwo,TEN,0.0,0.0,0.0,0.0,0.0,0.0,0.0,0.0,3.5,34.4,0.2,0.0,0.0,0.0,0.0,0.0,0.0,0.0,0.0,4.4,2025-09-02 17:31:22
527,1,Colston Loveland,CHI,0.0,0.0,0.0,0.0,0.0,0.0,0.0,0.0,3.0,31.1,0.2,0.0,0.0,0.0,0.0,0.0,0.0,0.0,0.0,4.3,2025-09-02 17:31:22
528,1,Darren Waller,MIA,0.0,0.0,0.0,0.0,0.0,0.0,0.0,0.0,2.8,31.0,0.2,0.0,0.0,0.0,0.0,0.0,0.0,0.0,0.0,4.1,2025-09-02 17:31:22
529,1,Mike Gesicki,CIN,0.0,0.0,0.0,0.0,0.0,0.0,0.0,0.0,2.9,28.6,0.2,0.0,0.0,0.0,0.0,0.0,0.0,0.0,0.0,4.0,2025-09-02 17:31:22
530,1,Theo Johnson,NYG,0.0,0.0,0.0,0.0,0.0,0.0,0.0,0.0,2.8,30.0,0.2,0.0,0.0,0.0,0.0,0.0,0.0,0.0,0.0,4.0,2025-09-02 17:31:22
531,1,Pat Freiermuth,PIT,0.0,0.0,0.0,0.0,0.0,0.0,0.0,0.0,3.1,28.7,0.2,0.0,0.0,0.0,0.0,0.0,0.0,0.0,0.0,3.9,2025-09-02 17:31:22
532,1,Dalton Schultz,HOU,0.0,0.0,0.0,0.0,0.0,0.0,0.0,0.0,2.8,28.9,0.2,0.0,0.0,0.0,0.0,0.0,0.0,0.0,0.0,3.8,2025-09-02 17:31:22
533,1,Jonnu Smith,PIT,0.0,0.0,0.0,0.0,0.0,0.0,0.0,0.0,2.8,27.1,0.2,0.0,0.0,0.0,0.0,0.0,0.0,0.0,0.0,3.6,2025-09-02 17:31:22
534,1,Mason Taylor,NYJ,0.0,0.0,0.0,0.0,0.0,0.0,0.0,0.0,2.8,27.0,0.1,0.0,0.0,0.0,0.0,0.0,0.0,0.0,0.0,3.6,2025-09-02 17:31:22
535,1,Tyler Higbee,LAR,0.0,0.0,0.0,0.0,0.0,0.0,0.0,0.0,2.6,23.6,0.2,0.0,0.0,0.0,0.0,0.0,0.0,0.0,0.0,3.5,2025-09-02 17:31:22
536,1,Ja'Tavion Sanders,CAR,0.0,0.0,0.0,0.0,0.0,0.0,0.0,0.0,2.6,26.3,0.2,0.0,0.0,0.0,0.0,0.0,0.0,0.0,0.0,3.5,2025-09-02 17:31:22
537,1,Juwan Johnson,NO,0.0,0.0,0.0,0.0,0.0,0.0,0.0,0.0,2.5,25.1,0.1,0.0,0.0,0.0,0.0,0.0,0.0,0.0,0.0,3.4,2025-09-02 17:31:22
538,1,Elijah Arroyo,SEA,0.0,0.0,0.0,0.0,0.0,0.0,0.0,0.0,2.1,23.0,0.2,0.0,0.0,0.0,0.0,0.0,0.0,0.0,0.0,3.2,2025-09-02 17:31:22
539,1,AJ Barner,SEA,0.0,0.0,0.0,0.0,0.0,0.0,0.0,0.0,2.3,22.5,0.2,0.0,0.0,0.0,0.0,0.0,0.0,0.0,0.0,3.1,2025-09-02 17:31:22
540,1,Will Dissly,LAC,0.0,0.0,0.0,0.0,0.0,0.0,0.0,0.0,2.1,20.6,0.1,0.0,0.0,0.0,0.0,0.0,0.0,0.0,0.0,2.7,2025-09-02 17:31:22
541,1,Noah Gray,KC,0.0,0.0,0.0,0.0,0.0,0.0,0.0,0.0,1.9,18.6,0.1,0.0,0.0,0.0,0.0,0.0,0.0,0.0,0.0,2.6,2025-09-02 17:31:22
542,1,Harold Fannin Jr.,CLE,0.0,0.0,0.0,0.0,0.0,0.0,0.0,0.0,1.8,18.4,0.1,0.0,0.0,0.0,0.0,0.0,0.0,0.0,0.0,2.6,2025-09-02 17:31:22
543,1,Cole Kmet,CHI,0.0,0.0,0.0,0.0,0.0,0.0,0.0,0.0,1.9,17.7,0.1,0.1,0.0,0.0,0.0,0.0,0.0,0.0,0.0,2.4,2025-09-02 17:31:22
544,1,Noah Fant,CIN,0.0,0.0,0.0,0.0,0.0,0.0,0.0,0.0,1.7,17.4,0.1,0.0,0.0,0.0,0.0,0.0,0.0,0.0,0.0,2.4,2025-09-02 17:31:22
545,1,Tyler Conklin,LAC,0.0,0.0,0.0,0.0,0.0,0.0,0.0,0.0,1.8,17.3,0.1,0.0,0.0,0.0,0.0,0.0,0.0,0.0,0.0,2.4,2025-09-02 17:31:22
546,1,Dawson Knox,BUF,0.0,0.0,0.0,0.0,0.0,0.0,0.0,0.0,1.4,14.9,0.1,0.0,0.0,0.0,0.0,0.0,0.0,0.0,0.0,2.2,2025-09-02 17:31:22
547,1,Michael Mayer,LV,0.0,0.0,0.0,0.0,0.0,0.0,0.0,0.0,1.6,15.5,0.1,0.0,0.0,0.0,0.0,0.0,0.0,0.0,0.0,2.1,2025-09-02 17:31:22
548,1,Austin Hooper,NE,0.0,0.0,0.0,0.0,0.0,0.0,0.0,0.0,1.4,14.3,0.1,0.0,0.0,0.0,0.0,0.0,0.0,0.0,0.0,2.0,2025-09-02 17:31:22
549,1,Payne Durham,TB,0.0,0.0,0.0,0.0,0.0,0.0,0.0,0.0,1.3,13.0,0.1,0.0,0.0,0.0,0.0,0.0,0.0,0.0,0.0,1.9,2025-09-02 17:31:22
550,1,Gunnar Helm,TEN,0.0,0.0,0.0,0.0,0.0,0.0,0.0,0.0,1.4,14.1,0.1,0.0,0.0,0.0,0.0,0.0,0.0,0.0,0.0,1.9,2025-09-02 17:31:22
551,1,Cade Stover,HOU,0.0,0.0,0.0,0.0,0.0,0.0,0.0,0.0,1.1,11.5,0.1,0.0,0.0,0.0,0.0,0.0,0.0,0.0,0.0,1.5,2025-09-02 17:31:22
552,1,Tommy Tremble,CAR,0.0,0.0,0.0,0.0,0.0,0.0,0.0,0.0,1.0,9.9,0.1,0.0,0.0,0.0,0.0,0.0,0.0,0.0,0.0,1.5,2025-09-02 17:31:22
553,1,Charlie Kolar,BAL,0.0,0.0,0.0,0.0,0.0,0.0,0.0,0.0,0.9,9.8,0.1,0.0,0.0,0.0,0.0,0.0,0.0,0.0,0.0,1.4,2025-09-02 17:31:22
554,1,Adam Trautman,DEN,0.0,0.0,0.0,0.0,0.0,0.0,0.0,0.0,0.9,9.2,0.1,0.0,0.0,0.0,0.0,0.0,0.0,0.0,0.0,1.4,2025-09-02 17:31:22
555,1,Luke Musgrave,GB,0.0,0.0,0.0,0.0,0.0,0.0,0.0,0.0,1.0,9.8,0.1,0.0,0.0,0.0,0.0,0.0,0.0,0.0,0.0,1.3,2025-09-02 17:31:22
556,1,Oronde Gadsden II,LAC,0.0,0.0,0.0,0.0,0.0,0.0,0.0,0.0,1.0,9.7,0.1,0.0,0.0,0.0,0.0,0.0,0.0,0.0,0.0,1.3,2025-09-02 17:31:22
557,1,Terrance Ferguson,LAR,0.0,0.0,0.0,0.0,0.0,0.0,0.0,0.0,0.9,9.5,0.1,0.0,0.0,0.0,0.0,0.0,0.0,0.0,0.0,1.3,2025-09-02 17:31:22
558,1,Devin Culp,TB,0.0,0.0,0.0,0.0,0.0,0.0,0.0,0.0,0.9,9.2,0.1,0.0,0.0,0.0,0.0,0.0,0.0,0.0,0.0,1.3,2025-09-02 17:31:22
559,1,Julian Hill,MIA,0.0,0.0,0.0,0.0,0.0,0.0,0.0,0.0,1.0,9.2,0.1,0.0,0.0,0.0,0.0,0.0,0.0,0.0,0.0,1.3,2025-09-02 17:31:22
560,1,Josh Oliver,MIN,0.0,0.0,0.0,0.0,0.0,0.0,0.0,0.0,0.9,8.6,0.1,0.0,0.0,0.0,0.0,0.0,0.0,0.0,0.0,1.2,2025-09-02 17:31:22
561,1,Moliki Matavao,NO,0.0,0.0,0.0,0.0,0.0,0.0,0.0,0.0,0.9,8.9,0.1,0.0,0.0,0.0,0.0,0.0,0.0,0.0,0.0,1.2,2025-09-02 17:31:22
562,1,Ben Sinnott,WAS,0.0,0.0,0.0,0.0,0.0,0.0,0.0,0.0,0.8,7.9,0.1,0.0,0.0,0.0,0.0,0.0,0.0,0.0,0.0,1.1,2025-09-02 17:31:22
563,1,Charlie Woerner,ATL,0.0,0.0,0.0,0.0,0.0,0.0,0.0,0.0,0.8,8.2,0.1,0.0,0.0,0.0,0.0,0.0,0.0,0.0,0.0,1.1,2025-09-02 17:31:22
564,1,Daniel Bellinger,NYG,0.0,0.0,0.0,0.0,0.0,0.0,0.0,0.0,0.9,8.1,0.1,0.0,0.0,0.0,0.0,0.0,0.0,0.0,0.0,1.1,2025-09-02 17:31:22
565,1,Blake Whiteheart,CLE,0.0,0.0,0.0,0.0,0.0,0.0,0.0,0.0,0.7,7.5,0.1,0.0,0.0,0.0,0.0,0.0,0.0,0.0,0.0,1.0,2025-09-02 17:31:22
566,1,Johnny Mundt,JAC,0.0,0.0,0.0,0.0,0.0,0.0,0.0,0.0,0.8,6.9,0.1,0.0,0.0,0.0,0.0,0.0,0.0,0.0,0.0,1.0,2025-09-02 17:31:22
567,1,Luke Schoonmaker,DAL,0.0,0.0,0.0,0.0,0.0,0.0,0.0,0.0,0.9,7.5,0.0,0.0,0.0,0.0,0.0,0.0,0.0,0.0,0.0,1.0,2025-09-02 17:31:22
568,1,Jeremy Ruckert,NYJ,0.0,0.0,0.0,0.0,0.0,0.0,0.0,0.0,0.9,7.5,0.0,0.0,0.0,0.0,0.0,0.0,0.0,0.0,0.0,1.0,2025-09-02 17:31:22
569,1,Elijah Higgins,ARI,0.0,0.0,0.0,0.0,0.0,0.0,0.0,0.0,0.7,6.6,0.0,0.0,0.0,0.0,0.0,0.0,0.0,0.0,0.0,0.9,2025-09-02 17:31:22
570,1,Grant Calcaterra,PHI,0.0,0.0,0.0,0.0,0.0,0.0,0.0,0.0,0.6,6.1,0.0,0.0,0.0,0.0,0.0,0.0,0.0,0.0,0.0,0.9,2025-09-02 17:31:22
571,1,Jack Stoll,NO,0.0,0.0,0.0,0.0,0.0,0.0,0.0,0.0,0.7,6.2,0.0,0.0,0.0,0.0,0.0,0.0,0.0,0.0,0.0,0.8,2025-09-02 17:31:22
572,1,Tip Reiman,ARI,0.0,0.0,0.0,0.0,0.0,0.0,0.0,0.0,0.5,5.6,0.0,0.0,0.0,0.0,0.0,0.0,0.0,0.0,0.0,0.8,2025-09-02 17:31:22
573,1,John Bates,WAS,0.0,0.0,0.0,0.0,0.0,0.0,0.0,0.0,0.4,4.1,0.0,0.0,0.0,0.0,0.0,0.0,0.0,0.0,0.0,0.7,2025-09-02 17:31:22
574,1,Drew Sample,CIN,0.0,0.0,0.0,0.0,0.0,0.0,0.0,0.0,0.5,4.3,0.0,0.0,0.0,0.0,0.0,0.0,0.0,0.0,0.0,0.6,2025-09-02 17:31:22
575,1,Foster Moreau,NO,0.0,0.0,0.0,0.0,0.0,0.0,0.0,0.0,0.4,4.4,0.0,0.0,0.0,0.0,0.0,0.0,0.0,0.0,0.0,0.6,2025-09-02 17:31:22
576,1,Josh Whyle,GB,0.0,0.0,0.0,0.0,0.0,0.0,0.0,0.0,0.5,4.1,0.0,0.0,0.0,0.0,0.0,0.0,0.0,0.0,0.0,0.6,2025-09-02 17:31:22
577,1,Colby Parkinson,LAR,0.0,0.0,0.0,0.0,0.0,0.0,0.0,0.0,0.4,4.1,0.0,0.0,0.0,0.0,0.0,0.0,0.0,0.0,0.0,0.6,2025-09-02 17:31:22
578,1,Brevyn Spann-Ford,DAL,0.0,0.0,0.0,0.0,0.0,0.0,0.0,0.0,0.4,3.7,0.0,0.0,0.0,0.0,0.0,0.0,0.0,0.0,0.0,0.5,2025-09-02 17:31:22
579,1,Lucas Krull,DEN,0.0,0.0,0.0,0.0,0.0,0.0,0.0,0.0,0.3,3.2,0.0,0.0,0.0,0.0,0.0,0.0,0.0,0.0,0.0,0.5,2025-09-02 17:31:22
580,1,Kenny Yeboah,DET,0.0,0.0,0.0,0.0,0.0,0.0,0.0,0.0,0.4,3.5,0.0,0.0,0.0,0.0,0.0,0.0,0.0,0.0,0.0,0.5,2025-09-02 17:31:22
581,1,Darnell Washington,PIT,0.0,0.0,0.0,0.0,0.0,0.0,0.0,0.0,0.3,3.3,0.0,0.0,0.0,0.0,0.0,0.0,0.0,0.0,0.0,0.4,2025-09-02 17:31:22
582,1,Eric Saubert,SEA,0.0,0.0,0.0,0.0,0.0,0.0,0.0,0.0,0.3,2.7,0.0,0.0,0.0,0.0,0.0,0.0,0.0,0.0,0.0,0.4,2025-09-02 17:31:22
583,1,Luke Farrell,SF,0.0,0.0,0.0,0.0,0.0,0.0,0.0,0.0,0.3,2.8,0.0,0.0,0.0,0.0,0.0,0.0,0.0,0.0,0.0,0.4,2025-09-02 17:31:22
584,1,Tanner Conner,MIA,0.0,0.0,0.0,0.0,0.0,0.0,0.0,0.0,0.2,2.4,0.0,0.0,0.0,0.0,0.0,0.0,0.0,0.0,0.0,0.4,2025-09-02 17:31:22
585,1,Brock Wright,DET,0.0,0.0,0.0,0.0,0.0,0.0,0.0,0.0,0.2,2.3,0.0,0.0,0.0,0.0,0.0,0.0,0.0,0.0,0.0,0.3,2025-09-02 17:31:22
586,1,Ian Thomas,LV,0.0,0.0,0.0,0.0,0.0,0.0,0.0,0.0,0.3,2.5,0.0,0.0,0.0,0.0,0.0,0.0,0.0,0.0,0.0,0.3,2025-09-02 17:31:22
587,1,Stone Smartt,NYJ,0.0,0.0,0.0,0.0,0.0,0.0,0.0,0.0,0.3,2.7,0.0,0.0,0.0,0.0,0.0,0.0,0.0,0.0,0.0,0.3,2025-09-02 17:31:22
588,1,Jackson Hawes,BUF,0.0,0.0,0.0,0.0,0.0,0.0,0.0,0.0,0.2,2.3,0.0,0.0,0.0,0.0,0.0,0.0,0.0,0.0,0.0,0.3,2025-09-02 17:31:22
589,1,Mo Alie-Cox,IND,0.0,0.0,0.0,0.0,0.0,0.0,0.0,0.0,0.2,2.4,0.0,0.0,0.0,0.0,0.0,0.0,0.0,0.0,0.0,0.3,2025-09-02 17:31:22
590,1,Drew Ogletree,IND,0.0,0.0,0.0,0.0,0.0,0.0,0.0,0.0,0.2,2.1,0.0,0.0,0.0,0.0,0.0,0.0,0.0,0.0,0.0,0.3,2025-09-02 17:31:22
591,1,David Martin-Robinson,TEN,0.0,0.0,0.0,0.0,0.0,0.0,0.0,0.0,0.2,2.1,0.0,0.0,0.0,0.0,0.0,0.0,0.0,0.0,0.0,0.3,2025-09-02 17:31:22
592,1,Durham Smythe,CHI,0.0,0.0,0.0,0.0,0.0,0.0,0.0,0.0,0.3,2.2,0.0,0.0,0.0,0.0,0.0,0.0,0.0,0.0,0.0,0.3,2025-09-02 17:31:22
593,1,Chris Manhertz,NYG,0.0,0.0,0.0,0.0,0.0,0.0,0.0,0.0,0.2,1.5,0.0,0.0,0.0,0.0,0.0,0.0,0.0,0.0,0.0,0.2,2025-09-02 17:31:22
594,1,Mitchell Evans,CAR,0.0,0.0,0.0,0.0,0.0,0.0,0.0,0.0,0.2,1.7,0.0,0.0,0.0,0.0,0.0,0.0,0.0,0.0,0.0,0.2,2025-09-02 17:31:22
595,1,Jared Wiley,KC,0.0,0.0,0.0,0.0,0.0,0.0,0.0,0.0,0.2,1.7,0.0,0.0,0.0,0.0,0.0,0.0,0.0,0.0,0.0,0.2,2025-09-02 17:31:22
596,1,Kylen Granson,PHI,0.0,0.0,0.0,0.0,0.0,0.0,0.0,0.0,0.1,1.7,0.0,0.0,0.0,0.0,0.0,0.0,0.0,0.0,0.0,0.2,2025-09-02 17:31:22
597,1,John Stephens Jr.,DAL,0.0,0.0,0.0,0.0,0.0,0.0,0.0,0.0,0.1,1.2,0.0,0.0,0.0,0.0,0.0,0.0,0.0,0.0,0.0,0.2,2025-09-02 17:31:22
598,1,Cam Grandy,CIN,0.0,0.0,0.0,0.0,0.0,0.0,0.0,0.0,0.1,1.2,0.0,0.0,0.0,0.0,0.0,0.0,0.0,0.0,0.0,0.2,2025-09-02 17:31:22
599,1,Brenden Bates,CLE,0.0,0.0,0.0,0.0,0.0,0.0,0.0,0.0,0.1,1.2,0.0,0.0,0.0,0.0,0.0,0.0,0.0,0.0,0.0,0.2,2025-09-02 17:31:22
600,1,Will Mallory,IND,0.0,0.0,0.0,0.0,0.0,0.0,0.0,0.0,0.2,1.5,0.0,0.0,0.0,0.0,0.0,0.0,0.0,0.0,0.0,0.2,2025-09-02 17:31:22
601,1,Tanner Hudson,CIN,0.0,0.0,0.0,0.0,0.0,0.0,0.0,0.0,0.2,1.5,0.0,0.0,0.0,0.0,0.0,0.0,0.0,0.0,0.0,0.2,2025-09-02 17:31:22
602,1,Hunter Long,JAC,0.0,0.0,0.0,0.0,0.0,0.0,0.0,0.0,0.1,1.5,0.0,0.0,0.0,0.0,0.0,0.0,0.0,0.0,0.0,0.2,2025-09-02 17:31:22
603,1,Teagan Quitoriano,ATL,0.0,0.0,0.0,0.0,0.0,0.0,0.0,0.0,0.1,1.1,0.0,0.0,0.0,0.0,0.0,0.0,0.0,0.0,0.0,0.2,2025-09-02 17:31:22
604,1,Gavin Bartholomew,MIN,0.0,0.0,0.0,0.0,0.0,0.0,0.0,0.0,0.1,1.1,0.0,0.0,0.0,0.0,0.0,0.0,0.0,0.0,0.0,0.2,2025-09-02 17:31:22
605,1,Tucker Fisk,LAC,0.0,0.0,0.0,0.0,0.0,0.0,0.0,0.0,0.1,1.1,0.0,0.0,0.0,0.0,0.0,0.0,0.0,0.0,0.0,0.2,2025-09-02 17:31:22
606,1,Nate Adkins,DEN,0.0,0.0,0.0,0.0,0.0,0.0,0.0,0.0,0.1,1.1,0.0,0.0,0.0,0.0,0.0,0.0,0.0,0.0,0.0,0.2,2025-09-02 17:31:22
607,1,Jack Westover,NE,0.0,0.0,0.0,0.0,0.0,0.0,0.0,0.0,0.1,1.1,0.0,0.0,0.0,0.0,0.0,0.0,0.0,0.0,0.0,0.2,2025-09-02 17:31:22
608,1,Feleipe Franks,ATL,0.0,0.0,0.0,0.0,0.0,0.0,0.0,0.0,0.1,1.1,0.0,0.0,0.0,0.0,0.0,0.0,0.0,0.0,0.0,0.2,2025-09-02 17:31:22
609,1,Davis Allen,LAR,0.0,0.0,0.0,0.0,0.0,0.0,0.0,0.0,0.1,1.1,0.0,0.0,0.0,0.0,0.0,0.0,0.0,0.0,0.0,0.2,2025-09-02 17:31:22
610,1,Connor Heyward,PIT,0.0,0.0,0.0,0.0,0.0,0.0,0.0,0.0,0.1,1.0,0.0,0.0,0.0,0.0,0.0,0.0,0.0,0.0,0.0,0.2,2025-09-02 17:31:22
611,1,Harrison Bryant,HOU,0.0,0.0,0.0,0.0,0.0,0.0,0.0,0.0,0.1,0.9,0.0,0.0,0.0,0.0,0.0,0.0,0.0,0.0,0.0,0.2,2025-09-02 17:31:22
612,1,Nick Vannett,MIN,0.0,0.0,0.0,0.0,0.0,0.0,0.0,0.0,0.0,0.0,0.0,0.0,0.0,0.0,0.0,0.0,0.0,0.0,0.0,0.0,2025-09-02 17:31:22
613,1,Robert Tonyan,KC,0.0,0.0,0.0,0.0,0.0,0.0,0.0,0.0,0.0,0.0,0.0,0.0,0.0,0.0,0.0,0.0,0.0,0.0,0.0,0.0,2025-09-02 17:31:22
614,1,Taysom Hill,NO,0.0,0.0,0.0,0.0,0.0,0.0,0.0,0.0,0.0,0.0,0.0,0.0,0.0,0.0,0.0,0.0,0.0,0.0,0.0,0.0,2025-09-02 17:31:22
615,1,Albert Okwuegbunam Jr.,LV,0.0,0.0,0.0,0.0,0.0,0.0,0.0,0.0,0.0,0.0,0.0,0.0,0.0,0.0,0.0,0.0,0.0,0.0,0.0,0.0,2025-09-02 17:31:22
616,1,Tyree Jackson,WAS,0.0,0.0,0.0,0.0,0.0,0.0,0.0,0.0,0.0,0.0,0.0,0.0,0.0,0.0,0.0,0.0,0.0,0.0,0.0,0.0,2025-09-02 17:31:22
617,1,Irv Smith Jr.,HOU,0.0,0.0,0.0,0.0,0.0,0.0,0.0,0.0,0.0,0.0,0.0,0.0,0.0,0.0,0.0,0.0,0.0,0.0,0.0,0.0,2025-09-02 17:31:22
618,1,Stephen Carlson,CHI,0.0,0.0,0.0,0.0,0.0,0.0,0.0,0.0,0.0,0.0,0.0,0.0,0.0,0.0,0.0,0.0,0.0,0.0,0.0,0.0,2025-09-02 17:31:22
619,1,Josiah Deguara,ARI,0.0,0.0,0.0,0.0,0.0,0.0,0.0,0.0,0.0,0.0,0.0,0.0,0.0,0.0,0.0,0.0,0.0,0.0,0.0,0.0,2025-09-02 17:31:22
620,1,Lawrence Cager,WAS,0.0,0.0,0.0,0.0,0.0,0.0,0.0,0.0,0.0,0.0,0.0,0.0,0.0,0.0,0.0,0.0,0.0,0.0,0.0,0.0,2025-09-02 17:31:22
621,1,Sean McKeon,IND,0.0,0.0,0.0,0.0,0.0,0.0,0.0,0.0,0.0,0.0,0.0,0.0,0.0,0.0,0.0,0.0,0.0,0.0,0.0,0.0,2025-09-02 17:31:22
622,1,Quintin Morris,JAC,0.0,0.0,0.0,0.0,0.0,0.0,0.0,0.0,0.0,0.0,0.0,0.0,0.0,0.0,0.0,0.0,0.0,0.0,0.0,0.0,2025-09-02 17:31:22
623,1,Luke Lachey,HOU,0.0,0.0,0.0,0.0,0.0,0.0,0.0,0.0,0.0,0.0,0.0,0.0,0.0,0.0,0.0,0.0,0.0,0.0,0.0,0.0,2025-09-02 17:31:22
624,1,Thomas Fidone II,NYG,0.0,0.0,0.0,0.0,0.0,0.0,0.0,0.0,0.0,0.0,0.0,0.0,0.0,0.0,0.0,0.0,0.0,0.0,0.0,0.0,2025-09-02 17:31:22
625,1,Greg Dulcich,MIA,0.0,0.0,0.0,0.0,0.0,0.0,0.0,0.0,0.0,0.0,0.0,0.0,0.0,0.0,0.0,0.0,0.0,0.0,0.0,0.0,2025-09-02 17:31:22
626,1,James Mitchell,CAR,0.0,0.0,0.0,0.0,0.0,0.0,0.0,0.0,0.0,0.0,0.0,0.0,0.0,0.0,0.0,0.0,0.0,0.0,0.0,0.0,2025-09-02 17:31:22
627,1,Shane Zylstra,DET,0.0,0.0,0.0,0.0,0.0,0.0,0.0,0.0,0.0,0.0,0.0,0.0,0.0,0.0,0.0,0.0,0.0,0.0,0.0,0.0,2025-09-02 17:31:22
628,1,Isaiah Likely,BAL,0.0,0.0,0.0,0.0,0.0,0.0,0.0,0.0,0.0,0.0,0.0,0.0,0.0,0.0,0.0,0.0,0.0,0.0,0.0,0.0,2025-09-02 17:31:22
629,1,Jelani Woods,NYJ,0.0,0.0,0.0,0.0,0.0,0.0,0.0,0.0,0.0,0.0,0.0,0.0,0.0,0.0,0.0,0.0,0.0,0.0,0.0,0.0,2025-09-02 17:31:22
630,1,Erick All Jr.,CIN,0.0,0.0,0.0,0.0,0.0,0.0,0.0,0.0,0.0,0.0,0.0,0.0,0.0,0.0,0.0,0.0,0.0,0.0,0.0,0.0,2025-09-02 17:31:22
631,1,Justin Shorter,LV,0.0,0.0,0.0,0.0,0.0,0.0,0.0,0.0,0.0,0.0,0.0,0.0,0.0,0.0,0.0,0.0,0.0,0.0,0.0,0.0,2025-09-02 17:31:22
632,1,Nikola Kalinic,CHI,0.0,0.0,0.0,0.0,0.0,0.0,0.0,0.0,0.0,0.0,0.0,0.0,0.0,0.0,0.0,0.0,0.0,0.0,0.0,0.0,2025-09-02 17:31:22
633,1,John FitzPatrick,GB,0.0,0.0,0.0,0.0,0.0,0.0,0.0,0.0,0.0,0.0,0.0,0.0,0.0,0.0,0.0,0.0,0.0,0.0,0.0,0.0,2025-09-02 17:31:22
634,1,Cameron Latu,PHI,0.0,0.0,0.0,0.0,0.0,0.0,0.0,0.0,0.0,0.0,0.0,0.0,0.0,0.0,0.0,0.0,0.0,0.0,0.0,0.0,2025-09-02 17:31:22
635,1,Ko Kieft,TB,0.0,0.0,0.0,0.0,0.0,0.0,0.0,0.0,0.0,0.0,0.0,0.0,0.0,0.0,0.0,0.0,0.0,0.0,0.0,0.0,2025-09-02 17:31:22
636,1,Jake Tonges,SF,0.0,0.0,0.0,0.0,0.0,0.0,0.0,0.0,0.0,0.0,0.0,0.0,0.0,0.0,0.0,0.0,0.0,0.0,0.0,0.0,2025-09-02 17:31:22
637,1,Thomas Odukoya,TEN,0.0,0.0,0.0,0.0,0.0,0.0,0.0,0.0,0.0,0.0,0.0,0.0,0.0,0.0,0.0,0.0,0.0,0.0,0.0,0.0,2025-09-02 17:31:22
638,1,Ben Sims,GB,0.0,0.0,0.0,0.0,0.0,0.0,0.0,0.0,0.0,0.0,0.0,0.0,0.0,0.0,0.0,0.0,0.0,0.0,0.0,0.0,2025-09-02 17:31:22
639,1,Brayden Willis,SF,0.0,0.0,0.0,0.0,0.0,0.0,0.0,0.0,0.0,0.0,0.0,0.0,0.0,0.0,0.0,0.0,0.0,0.0,0.0,0.0,2025-09-02 17:31:22
640,1,E.J. Jenkins,PHI,0.0,0.0,0.0,0.0,0.0,0.0,0.0,0.0,0.0,0.0,0.0,0.0,0.0,0.0,0.0,0.0,0.0,0.0,0.0,0.0,2025-09-02 17:31:22
641,1,Travis Vokolek,ARI,0.0,0.0,0.0,0.0,0.0,0.0,0.0,0.0,0.0,0.0,0.0,0.0,0.0,0.0,0.0,0.0,0.0,0.0,0.0,0.0,2025-09-02 17:31:22
642,1,Princeton Fant,DAL,0.0,0.0,0.0,0.0,0.0,0.0,0.0,0.0,0.0,0.0,0.0,0.0,0.0,0.0,0.0,0.0,0.0,0.0,0.0,0.0,2025-09-02 17:31:22
643,1,Tanner McLachlan,CIN,0.0,0.0,0.0,0.0,0.0,0.0,0.0,0.0,0.0,0.0,0.0,0.0,0.0,0.0,0.0,0.0,0.0,0.0,0.0,0.0,2025-09-02 17:31:22
644,1,Colson Yankoff,WAS,0.0,0.0,0.0,0.0,0.0,0.0,0.0,0.0,0.0,0.0,0.0,0.0,0.0,0.0,0.0,0.0,0.0,0.0,0.0,0.0,2025-09-02 17:31:22
645,1,Caleb Lohner,DEN,0.0,0.0,0.0,0.0,0.0,0.0,0.0,0.0,0.0,0.0,0.0,0.0,0.0,0.0,0.0,0.0,0.0,0.0,0.0,0.0,2025-09-02 17:31:22
646,1,Chase McLaughlin,TB,0.0,0.0,0.0,0.0,0.0,0.0,0.0,0.0,0.0,0.0,0.0,0.0,0.0,0.0,0.0,0.0,0.0,0.0,0.0,8.2,2025-09-02 17:31:22
647,1,Cam Little,JAC,0.0,0.0,0.0,0.0,0.0,0.0,0.0,0.0,0.0,0.0,0.0,0.0,0.0,0.0,0.0,0.0,0.0,0.0,0.0,8.1,2025-09-02 17:31:22
648,1,Jake Elliott,PHI,0.0,0.0,0.0,0.0,0.0,0.0,0.0,0.0,0.0,0.0,0.0,0.0,0.0,0.0,0.0,0.0,0.0,0.0,0.0,8.1,2025-09-02 17:31:22
649,1,Jake Bates,DET,0.0,0.0,0.0,0.0,0.0,0.0,0.0,0.0,0.0,0.0,0.0,0.0,0.0,0.0,0.0,0.0,0.0,0.0,0.0,8.1,2025-09-02 17:31:22
650,1,Wil Lutz,DEN,0.0,0.0,0.0,0.0,0.0,0.0,0.0,0.0,0.0,0.0,0.0,0.0,0.0,0.0,0.0,0.0,0.0,0.0,0.0,8.0,2025-09-02 17:31:22
651,1,Brandon McManus,GB,0.0,0.0,0.0,0.0,0.0,0.0,0.0,0.0,0.0,0.0,0.0,0.0,0.0,0.0,0.0,0.0,0.0,0.0,0.0,8.0,2025-09-02 17:31:22
652,1,Matt Gay,WAS,0.0,0.0,0.0,0.0,0.0,0.0,0.0,0.0,0.0,0.0,0.0,0.0,0.0,0.0,0.0,0.0,0.0,0.0,0.0,7.9,2025-09-02 17:31:22
653,1,Tyler Bass,BUF,0.0,0.0,0.0,0.0,0.0,0.0,0.0,0.0,0.0,0.0,0.0,0.0,0.0,0.0,0.0,0.0,0.0,0.0,0.0,7.8,2025-09-02 17:31:22
654,1,Cameron Dicker,LAC,0.0,0.0,0.0,0.0,0.0,0.0,0.0,0.0,0.0,0.0,0.0,0.0,0.0,0.0,0.0,0.0,0.0,0.0,0.0,7.8,2025-09-02 17:31:22
655,1,Harrison Butker,KC,0.0,0.0,0.0,0.0,0.0,0.0,0.0,0.0,0.0,0.0,0.0,0.0,0.0,0.0,0.0,0.0,0.0,0.0,0.0,7.6,2025-09-02 17:31:22
656,1,Chad Ryland,ARI,0.0,0.0,0.0,0.0,0.0,0.0,0.0,0.0,0.0,0.0,0.0,0.0,0.0,0.0,0.0,0.0,0.0,0.0,0.0,7.6,2025-09-02 17:31:22
657,1,Evan McPherson,CIN,0.0,0.0,0.0,0.0,0.0,0.0,0.0,0.0,0.0,0.0,0.0,0.0,0.0,0.0,0.0,0.0,0.0,0.0,0.0,7.6,2025-09-02 17:31:22
658,1,Chris Boswell,PIT,0.0,0.0,0.0,0.0,0.0,0.0,0.0,0.0,0.0,0.0,0.0,0.0,0.0,0.0,0.0,0.0,0.0,0.0,0.0,7.6,2025-09-02 17:31:22
659,1,Will Reichard,MIN,0.0,0.0,0.0,0.0,0.0,0.0,0.0,0.0,0.0,0.0,0.0,0.0,0.0,0.0,0.0,0.0,0.0,0.0,0.0,7.5,2025-09-02 17:31:22
660,1,Cairo Santos,CHI,0.0,0.0,0.0,0.0,0.0,0.0,0.0,0.0,0.0,0.0,0.0,0.0,0.0,0.0,0.0,0.0,0.0,0.0,0.0,7.5,2025-09-02 17:31:22
661,1,Tyler Loop,BAL,0.0,0.0,0.0,0.0,0.0,0.0,0.0,0.0,0.0,0.0,0.0,0.0,0.0,0.0,0.0,0.0,0.0,0.0,0.0,7.5,2025-09-02 17:31:22
662,1,Joshua Karty,LAR,0.0,0.0,0.0,0.0,0.0,0.0,0.0,0.0,0.0,0.0,0.0,0.0,0.0,0.0,0.0,0.0,0.0,0.0,0.0,7.4,2025-09-02 17:31:22
663,1,Brandon Aubrey,DAL,0.0,0.0,0.0,0.0,0.0,0.0,0.0,0.0,0.0,0.0,0.0,0.0,0.0,0.0,0.0,0.0,0.0,0.0,0.0,7.4,2025-09-02 17:31:22
664,1,Jason Myers,SEA,0.0,0.0,0.0,0.0,0.0,0.0,0.0,0.0,0.0,0.0,0.0,0.0,0.0,0.0,0.0,0.0,0.0,0.0,0.0,7.4,2025-09-02 17:31:22
665,1,Ka'imi Fairbairn,HOU,0.0,0.0,0.0,0.0,0.0,0.0,0.0,0.0,0.0,0.0,0.0,0.0,0.0,0.0,0.0,0.0,0.0,0.0,0.0,7.3,2025-09-02 17:31:22
666,1,Daniel Carlson,LV,0.0,0.0,0.0,0.0,0.0,0.0,0.0,0.0,0.0,0.0,0.0,0.0,0.0,0.0,0.0,0.0,0.0,0.0,0.0,7.3,2025-09-02 17:31:22
667,1,Riley Patterson,MIA,0.0,0.0,0.0,0.0,0.0,0.0,0.0,0.0,0.0,0.0,0.0,0.0,0.0,0.0,0.0,0.0,0.0,0.0,0.0,7.1,2025-09-02 17:31:22
668,1,Younghoe Koo,ATL,0.0,0.0,0.0,0.0,0.0,0.0,0.0,0.0,0.0,0.0,0.0,0.0,0.0,0.0,0.0,0.0,0.0,0.0,0.0,7.0,2025-09-02 17:31:22
669,1,Spencer Shrader,IND,0.0,0.0,0.0,0.0,0.0,0.0,0.0,0.0,0.0,0.0,0.0,0.0,0.0,0.0,0.0,0.0,0.0,0.0,0.0,6.9,2025-09-02 17:31:22
670,1,Jake Moody,SF,0.0,0.0,0.0,0.0,0.0,0.0,0.0,0.0,0.0,0.0,0.0,0.0,0.0,0.0,0.0,0.0,0.0,0.0,0.0,6.8,2025-09-02 17:31:22
671,1,Blake Grupe,NO,0.0,0.0,0.0,0.0,0.0,0.0,0.0,0.0,0.0,0.0,0.0,0.0,0.0,0.0,0.0,0.0,0.0,0.0,0.0,6.8,2025-09-02 17:31:22
672,1,Ryan Fitzgerald,CAR,0.0,0.0,0.0,0.0,0.0,0.0,0.0,0.0,0.0,0.0,0.0,0.0,0.0,0.0,0.0,0.0,0.0,0.0,0.0,6.8,2025-09-02 17:31:22
673,1,Nick Folk,NYJ,0.0,0.0,0.0,0.0,0.0,0.0,0.0,0.0,0.0,0.0,0.0,0.0,0.0,0.0,0.0,0.0,0.0,0.0,0.0,6.7,2025-09-02 17:31:22
674,1,Andy Borregales,NE,0.0,0.0,0.0,0.0,0.0,0.0,0.0,0.0,0.0,0.0,0.0,0.0,0.0,0.0,0.0,0.0,0.0,0.0,0.0,6.7,2025-09-02 17:31:22
675,1,Andre Szmyt,CLE,0.0,0.0,0.0,0.0,0.0,0.0,0.0,0.0,0.0,0.0,0.0,0.0,0.0,0.0,0.0,0.0,0.0,0.0,0.0,6.7,2025-09-02 17:31:22
676,1,Graham Gano,NYG,0.0,0.0,0.0,0.0,0.0,0.0,0.0,0.0,0.0,0.0,0.0,0.0,0.0,0.0,0.0,0.0,0.0,0.0,0.0,6.5,2025-09-02 17:31:22
677,1,Joey Slye,TEN,0.0,0.0,0.0,0.0,0.0,0.0,0.0,0.0,0.0,0.0,0.0,0.0,0.0,0.0,0.0,0.0,0.0,0.0,0.0,6.2,2025-09-02 17:31:22
678,1,Jason Sanders,MIA,0.0,0.0,0.0,0.0,0.0,0.0,0.0,0.0,0.0,0.0,0.0,0.0,0.0,0.0,0.0,0.0,0.0,0.0,0.0,4.0,2025-09-02 17:31:22
679,1,Harrison Mevis,NYJ,0.0,0.0,0.0,0.0,0.0,0.0,0.0,0.0,0.0,0.0,0.0,0.0,0.0,0.0,0.0,0.0,0.0,0.0,0.0,3.2,2025-09-02 17:31:22
680,1,Jude McAtamney,NYG,0.0,0.0,0.0,0.0,0.0,0.0,0.0,0.0,0.0,0.0,0.0,0.0,0.0,0.0,0.0,0.0,0.0,0.0,0.0,0.0,2025-09-02 17:31:22
681,1,Steelers D/ST,Steelers D/ST,0.0,0.0,0.0,0.0,0.0,0.0,0.0,0.0,0.0,0.0,0.0,0.0,3.0,0.7,0.6,0.2,0.0,17.6,300.4,7.8,2025-09-02 17:31:23
682,1,Commanders D/ST,Commanders D/ST,0.0,0.0,0.0,0.0,0.0,0.0,0.0,0.0,0.0,0.0,0.0,0.0,3.1,0.7,0.6,0.2,0.0,19.7,338.8,7.5,2025-09-02 17:31:23
683,1,Patriots D/ST,Patriots D/ST,0.0,0.0,0.0,0.0,0.0,0.0,0.0,0.0,0.0,0.0,0.0,0.0,2.8,0.8,0.5,0.2,0.0,19.8,345.0,7.3,2025-09-02 17:31:23
684,1,Cardinals D/ST,Cardinals D/ST,0.0,0.0,0.0,0.0,0.0,0.0,0.0,0.0,0.0,0.0,0.0,0.0,2.8,0.8,0.5,0.2,0.0,18.1,321.1,7.3,2025-09-02 17:31:23
685,1,Broncos D/ST,Broncos D/ST,0.0,0.0,0.0,0.0,0.0,0.0,0.0,0.0,0.0,0.0,0.0,0.0,2.5,0.8,0.5,0.2,0.0,17.2,316.2,7.2,2025-09-02 17:31:23
686,1,Vikings D/ST,Vikings D/ST,0.0,0.0,0.0,0.0,0.0,0.0,0.0,0.0,0.0,0.0,0.0,0.0,3.7,0.7,0.5,0.2,0.0,21.2,308.0,7.1,2025-09-02 17:31:23
687,1,Eagles D/ST,Eagles D/ST,0.0,0.0,0.0,0.0,0.0,0.0,0.0,0.0,0.0,0.0,0.0,0.0,2.7,0.8,0.6,0.2,0.0,20.3,337.9,6.5,2025-09-02 17:31:23
688,1,49ers D/ST,49ers D/ST,0.0,0.0,0.0,0.0,0.0,0.0,0.0,0.0,0.0,0.0,0.0,0.0,2.7,0.9,0.5,0.2,0.0,21.1,330.8,6.3,2025-09-02 17:31:23
689,1,Rams D/ST,Rams D/ST,0.0,0.0,0.0,0.0,0.0,0.0,0.0,0.0,0.0,0.0,0.0,0.0,2.9,0.7,0.5,0.1,0.0,20.5,347.9,6.3,2025-09-02 17:31:23
690,1,Dolphins D/ST,Dolphins D/ST,0.0,0.0,0.0,0.0,0.0,0.0,0.0,0.0,0.0,0.0,0.0,0.0,3.0,0.7,0.5,0.1,0.0,23.1,316.4,6.2,2025-09-02 17:31:23
691,1,Bengals D/ST,Bengals D/ST,0.0,0.0,0.0,0.0,0.0,0.0,0.0,0.0,0.0,0.0,0.0,0.0,2.5,0.8,0.5,0.2,0.0,20.5,352.0,6.0,2025-09-02 17:31:23
692,1,Raiders D/ST,Raiders D/ST,0.0,0.0,0.0,0.0,0.0,0.0,0.0,0.0,0.0,0.0,0.0,0.0,2.8,0.7,0.6,0.1,0.0,23.3,337.6,6.0,2025-09-02 17:31:23
693,1,Jaguars D/ST,Jaguars D/ST,0.0,0.0,0.0,0.0,0.0,0.0,0.0,0.0,0.0,0.0,0.0,0.0,2.5,0.8,0.6,0.1,0.0,21.1,329.5,6.0,2025-09-02 17:31:23
694,1,Giants D/ST,Giants D/ST,0.0,0.0,0.0,0.0,0.0,0.0,0.0,0.0,0.0,0.0,0.0,0.0,2.8,0.6,0.5,0.1,0.0,25.8,351.3,6.0,2025-09-02 17:31:23
695,1,Falcons D/ST,Falcons D/ST,0.0,0.0,0.0,0.0,0.0,0.0,0.0,0.0,0.0,0.0,0.0,0.0,2.7,0.8,0.5,0.1,0.0,25.4,360.9,5.9,2025-09-02 17:31:23
696,1,Chicago Bears,Chicago Bears,0.0,0.0,0.0,0.0,0.0,0.0,0.0,0.0,0.0,0.0,0.0,0.0,2.4,0.8,0.5,0.1,0.0,21.9,349.5,5.9,2025-09-02 17:31:23
697,1,Buccaneers D/ST,Buccaneers D/ST,0.0,0.0,0.0,0.0,0.0,0.0,0.0,0.0,0.0,0.0,0.0,0.0,2.4,0.8,0.6,0.1,0.0,22.4,349.2,5.9,2025-09-02 17:31:23
698,1,Browns D/ST,Browns D/ST,0.0,0.0,0.0,0.0,0.0,0.0,0.0,0.0,0.0,0.0,0.0,0.0,2.9,0.6,0.4,0.1,0.0,26.0,363.5,5.8,2025-09-02 17:31:23
699,1,Chiefs D/ST,Chiefs D/ST,0.0,0.0,0.0,0.0,0.0,0.0,0.0,0.0,0.0,0.0,0.0,0.0,2.6,0.6,0.5,0.2,0.0,21.8,336.9,5.8,2025-09-02 17:31:23
700,1,Packers D/ST,Packers D/ST,0.0,0.0,0.0,0.0,0.0,0.0,0.0,0.0,0.0,0.0,0.0,0.0,2.4,0.7,0.5,0.2,0.0,23.3,367.9,5.7,2025-09-02 17:31:23
701,1,Texans D/ST,Texans D/ST,0.0,0.0,0.0,0.0,0.0,0.0,0.0,0.0,0.0,0.0,0.0,0.0,2.3,0.7,0.5,0.2,0.0,23.5,339.5,5.7,2025-09-02 17:31:23
702,1,Seahawks D/ST,Seahawks D/ST,0.0,0.0,0.0,0.0,0.0,0.0,0.0,0.0,0.0,0.0,0.0,0.0,2.3,0.7,0.5,0.1,0.0,22.4,361.1,5.6,2025-09-02 17:31:23
703,1,Colts D/ST,Colts D/ST,0.0,0.0,0.0,0.0,0.0,0.0,0.0,0.0,0.0,0.0,0.0,0.0,2.1,0.7,0.5,0.1,0.0,22.1,359.1,5.4,2025-09-02 17:31:23
704,1,Cowboys D/ST,Cowboys D/ST,0.0,0.0,0.0,0.0,0.0,0.0,0.0,0.0,0.0,0.0,0.0,0.0,2.5,0.6,0.5,0.1,0.0,28.0,372.1,5.4,2025-09-02 17:31:23
705,1,Lions D/ST,Lions D/ST,0.0,0.0,0.0,0.0,0.0,0.0,0.0,0.0,0.0,0.0,0.0,0.0,1.9,0.8,0.5,0.2,0.0,24.4,339.0,5.4,2025-09-02 17:31:23
706,1,Jets D/ST,Jets D/ST,0.0,0.0,0.0,0.0,0.0,0.0,0.0,0.0,0.0,0.0,0.0,0.0,2.2,0.6,0.5,0.1,0.0,20.3,326.1,5.3,2025-09-02 17:31:23
707,1,Chargers D/ST,Chargers D/ST,0.0,0.0,0.0,0.0,0.0,0.0,0.0,0.0,0.0,0.0,0.0,0.0,2.2,0.7,0.4,0.1,0.0,24.4,356.7,5.3,2025-09-02 17:31:23
708,1,Bills D/ST,Bills D/ST,0.0,0.0,0.0,0.0,0.0,0.0,0.0,0.0,0.0,0.0,0.0,0.0,2.2,0.6,0.5,0.1,0.0,24.7,383.7,5.3,2025-09-02 17:31:23
709,1,Ravens D/ST,Ravens D/ST,0.0,0.0,0.0,0.0,0.0,0.0,0.0,0.0,0.0,0.0,0.0,0.0,1.9,0.7,0.5,0.1,0.0,26.3,361.6,5.2,2025-09-02 17:31:23
710,1,Panthers D/ST,Panthers D/ST,0.0,0.0,0.0,0.0,0.0,0.0,0.0,0.0,0.0,0.0,0.0,0.0,2.1,0.7,0.5,0.1,0.0,24.4,360.8,5.1,2025-09-02 17:31:23
711,1,Saints D/ST,Saints D/ST,0.0,0.0,0.0,0.0,0.0,0.0,0.0,0.0,0.0,0.0,0.0,0.0,2.0,0.6,0.5,0.1,0.0,23.9,356.7,4.9,2025-09-02 17:31:23
712,1,Titans D/ST,Titans D/ST,0.0,0.0,0.0,0.0,0.0,0.0,0.0,0.0,0.0,0.0,0.0,0.0,1.9,0.6,0.4,0.1,0.0,24.7,349.1,4.7,2025-09-02 17:31:23
