week,officialDate,Away,Home,player_name,BetTimeStamp,proj_receivingYards,proj_receivingReceptions,proj_rushingTouchdowns,proj_passingInterceptions,proj_passingAttempts,proj_passingCompletions,proj_passingYards,proj_rushingAttempts,proj_rushingYards,proj_passingTouchdowns,proj_receivingTouchdowns
1,2025-09-04,Dallas Cowboys,Philadelphia Eagles,A.J. Brown,2025-09-04T19:53:13.578866,73.42575513368439,3.792249894804717,,,,,,,,,
1,2025-09-04,Dallas Cowboys,Philadelphia Eagles,CeeDee Lamb,2025-09-04T19:53:13.579837,76.08874986897924,6.392749610373309,,,,,,,,,
1,2025-09-04,Dallas Cowboys,Philadelphia Eagles,Dak Prescott,2025-09-04T19:53:13.581785,,,,0.6929999429178543,37.70449815724144,21.45549899482595,237.14975045089216,1.3237498953604654,6.5552502446017185,1.154249952074822,
1,2025-09-04,Dallas Cowboys,Philadelphia Eagles,Dallas Goedert,2025-09-04T19:53:13.582406,41.791003114260704,3.988249811380663,,,,,,,,,
1,2025-09-04,Dallas Cowboys,Philadelphia Eagles,DeVonta Smith,2025-09-04T19:53:13.583136,50.6714976260783,3.9824998490788133,,,,,,,,,
1,2025-09-04,Dallas Cowboys,Philadelphia Eagles,George Pickens,2025-09-04T19:53:13.583871,57.432253386755086,3.242249841115991,,,,,,,,,
1,2025-09-04,Dallas Cowboys,Philadelphia Eagles,Jahan Dotson,2025-09-04T19:53:13.584115,8.2109993420965,,,,,,,,,,
1,2025-09-04,Dallas Cowboys,Philadelphia Eagles,Jake Ferguson,2025-09-04T19:53:13.584907,36.431251274516484,4.796750043772693,,,,,,,,,
1,2025-09-04,Dallas Cowboys,Philadelphia Eagles,Jalen Hurts,2025-09-04T19:53:13.586970,,,,0.1837500331856316,22.206251675167994,16.733250265941397,190.47599900972264,9.186500479622092,36.976498267678764,1.055250002572909,
1,2025-09-04,Dallas Cowboys,Philadelphia Eagles,Javonte Williams,2025-09-04T19:53:13.588153,12.44025015011103,1.801249911731106,0.08878518516971678,,,,,12.08875051608194,47.57774958142478,,0.023214841451148112
1,2025-09-04,Dallas Cowboys,Philadelphia Eagles,Saquon Barkley,2025-09-04T19:53:13.589577,13.277249190775334,1.1525000978118114,0.6767477506527438,,,,,20.63100153741984,96.87474409565706,,0.09275222978489382
1,2025-09-05,Kansas City Chiefs,Los Angeles Chargers,Hollywood Brown,2025-09-04T19:53:17.172301,38.24999817609796,3.8500001502036976,,,,,,,,,
1,2025-09-05,Kansas City Chiefs,Los Angeles Chargers,Isiah Pacheco,2025-09-04T19:53:17.173851,8.635999725528556,1.9635000037693082,0.11387328656951967,,,,,11.960000517611897,46.00375103487484,,0.021376727971897262
1,2025-09-05,Kansas City Chiefs,Los Angeles Chargers,JuJu Smith-Schuster,2025-09-04T11:46:33.791734,19.811999370330216,2.223000093036624,,,,,,,,,
1,2025-09-05,Kansas City Chiefs,Los Angeles Chargers,Justin Herbert,2025-09-04T19:53:17.176188,,,,0.39349998607271863,42.38324987058823,21.231250023438633,231.5,3.984749948667049,13.949999334812198,1.2067500182247153,
1,2025-09-05,Kansas City Chiefs,Los Angeles Chargers,Kareem Hunt,2025-09-04T19:53:17.177368,,,,,,,,8.415000122934575,22.85674971512328,,
1,2025-09-05,Kansas City Chiefs,Los Angeles Chargers,Keenan Allen,2025-09-04T19:53:17.177603,37.884001243194184,4.306750017576338,,,,,,,,,
1,2025-09-05,Kansas City Chiefs,Los Angeles Chargers,Ladd McConkey,2025-09-04T19:53:17.178898,69.59999673679457,6.305750154162244,,,,,,,,,
1,2025-09-05,Kansas City Chiefs,Los Angeles Chargers,Marquise Brown,2025-09-04T11:46:33.795662,,,,,,,,,,,
1,2025-09-05,Kansas City Chiefs,Los Angeles Chargers,Najee Harris,2025-09-04T19:53:17.179746,,,,,,,,,22.049998948574117,,
1,2025-09-05,Kansas City Chiefs,Los Angeles Chargers,Noah Gray,2025-09-04T19:53:17.180594,19.082749596943483,2.2725000357225547,,,,,,,,,
1,2025-09-05,Kansas City Chiefs,Los Angeles Chargers,Omarion Hampton,2025-09-04T19:53:17.182076,11.799999870300287,2.1067501368035284,0.17715207777001066,,,,,12.460250274352063,46.87199825308377,,0.04459793848392248
1,2025-09-05,Kansas City Chiefs,Los Angeles Chargers,Patrick Mahomes,2025-09-04T11:40:39.760684,,,,0.47600002807524877,39.830246964303356,24.440001057728658,243.5,3.1097496957845285,17.639999342558408,1.9035001251330956,
1,2025-09-05,Kansas City Chiefs,Los Angeles Chargers,Quentin Johnston,2025-09-04T19:53:17.184614,23.663998025978586,1.8637499527614554,,,,,,,,,
1,2025-09-05,Kansas City Chiefs,Los Angeles Chargers,Travis Kelce,2025-09-04T19:53:17.185377,47.61600225762247,6.061500055293193,,,,,,,,,
1,2025-09-05,Kansas City Chiefs,Los Angeles Chargers,Will Dissly,2025-09-04T19:53:17.185604,16.03874958250773,1.0750001867413372,,,,,,,,,
1,2025-09-05,Kansas City Chiefs,Los Angeles Chargers,Xavier Worthy,2025-09-04T19:53:17.186665,61.991997689562396,5.744249998879507,,,,,,,,,
1,2025-09-07,Arizona Cardinals,New Orleans Saints,Alvin Kamara,2025-09-07T08:35:39.975591,29.212499920584264,4.018499950572254,0.2633608916871153,,,,,15.638249838769635,58.00274779858454,,0.13263906141499393
1,2025-09-07,Arizona Cardinals,New Orleans Saints,Chris Olave,2025-09-07T08:35:39.976189,52.54424971197163,4.776749973815603,,,,,,,,,
1,2025-09-07,Arizona Cardinals,New Orleans Saints,James Conner,2025-09-07T08:35:39.977353,15.5,2.396249817954454,0.5322556405908145,,,,,15.064499294239495,73.5,,0.1122443867912602
1,2025-09-07,Arizona Cardinals,New Orleans Saints,Juwan Johnson,2025-09-07T08:35:39.978013,27.71850109072078,2.71750010693341,,,,,,,,,
1,2025-09-07,Arizona Cardinals,New Orleans Saints,Kyler Murray,2025-09-07T08:35:39.979618,,,,0.4127500538601713,31.5,19.091999900741428,223.5,4.163499677089222,28.853251188468178,1.25025000398469,
1,2025-09-07,Arizona Cardinals,New Orleans Saints,Marvin Harrison,2025-09-07T08:35:39.980197,53.341751638652994,3.7507500119540698,,,,,,,,,
1,2025-09-07,Arizona Cardinals,New Orleans Saints,Marvin Harrison Jr.,2025-09-07T08:35:39.979813,,,,,,,,,,,
1,2025-09-07,Arizona Cardinals,New Orleans Saints,Michael Wilson,2025-09-07T08:35:39.980807,24.5,1.5012499467428018,,,,,,,,,
1,2025-09-07,Arizona Cardinals,New Orleans Saints,Rashid Shaheed,2025-09-07T08:35:39.981352,39.5,3.391249935588241,,,,,,,,,
1,2025-09-07,Arizona Cardinals,New Orleans Saints,Spencer Rattler,2025-09-07T08:35:39.983008,,,,0.7497500044907333,33.312499909438195,18.890750227946377,199.5,3.732750027751701,19.361251212552883,0.3172499173830854,
1,2025-09-07,Arizona Cardinals,New Orleans Saints,Trey Benson,2025-09-07T08:35:39.983200,,,,,,,,,26.341498712593335,,
1,2025-09-07,Arizona Cardinals,New Orleans Saints,Trey McBride,2025-09-07T08:35:39.983862,63.0312523519396,5.879250093438869,,,,,,,,,
1,2025-09-07,Baltimore Ravens,Buffalo Bills,Dalton Kincaid,2025-09-07T08:35:58.390619,,,,,,,,,,,
1,2025-09-07,Baltimore Ravens,Buffalo Bills,Dawson Knox,2025-09-07T08:35:58.390798,,,,,,,,,,,
1,2025-09-07,Baltimore Ravens,Buffalo Bills,DeAndre Hopkins,2025-09-07T08:35:58.390991,,,,,,,,,,,
1,2025-09-07,Baltimore Ravens,Buffalo Bills,Derrick Henry,2025-09-07T08:35:58.391729,,,,,,,,15.198749184384583,73.42499670781213,,
1,2025-09-07,Baltimore Ravens,Buffalo Bills,James Cook,2025-09-07T08:35:58.392376,,,,,,,,10.793249136274252,54.5,,
1,2025-09-07,Baltimore Ravens,Buffalo Bills,Josh Allen,2025-09-07T08:35:58.394202,,,,0.3709999946839807,33.76350033501028,22.064250908828605,231.5,7.406749649706946,32.53949840967412,1.6552499586894203,
1,2025-09-07,Baltimore Ravens,Buffalo Bills,Lamar Jackson,2025-09-07T08:35:58.395638,,,,0.33300001511621413,28.742251072484457,21.72824800717366,229.69275386961948,6.370750012259666,47.5,1.8232500983954976,
1,2025-09-07,Baltimore Ravens,Buffalo Bills,Mark Andrews,2025-09-07T08:35:58.396210,49.1057487744528,2.8957501159411665,,,,,,,,,
1,2025-09-07,Baltimore Ravens,Buffalo Bills,Rashod Bateman,2025-09-07T08:35:58.396775,38.5,3.2225001369103734,,,,,,,,,
1,2025-09-07,Baltimore Ravens,Buffalo Bills,Ray Davis,2025-09-07T08:35:58.397155,,,,,,,,,17.5,,
1,2025-09-07,Baltimore Ravens,Buffalo Bills,Zay Flowers,2025-09-07T08:35:58.397935,57.5,5.00400002077505,,,,,,,,,
1,2025-09-07,Carolina Panthers,Jacksonville Jaguars,Brenton Strange,2025-09-07T08:35:42.974742,32.317249575931285,3.6962500045921645,,,,,,,,,
1,2025-09-07,Carolina Panthers,Jacksonville Jaguars,Brian Thomas,2025-09-07T08:35:42.975354,70.49475085062917,5.590750329684123,,,,,,,,,
1,2025-09-07,Carolina Panthers,Jacksonville Jaguars,Brian Thomas Jr.,2025-09-07T08:35:42.974944,,,,,,,,,,,
1,2025-09-07,Carolina Panthers,Jacksonville Jaguars,Bryce Young,2025-09-07T08:35:42.976958,,,,0.4607500055596678,31.5,22.064250908828605,215.5,3.011750188619337,14.5,1.066499917853776,
1,2025-09-07,Carolina Panthers,Jacksonville Jaguars,Chuba Hubbard,2025-09-07T08:35:42.978192,9.970249982831762,1.068749978553503,0.3612216000819301,,,,,13.658998856790376,60.5,,0.05952842400025331
1,2025-09-07,Carolina Panthers,Jacksonville Jaguars,Dyami Brown,2025-09-07T08:35:42.978648,25.638748787447117,1.3199999773509798,,,,,,,,,
1,2025-09-07,Carolina Panthers,Jacksonville Jaguars,Jalen Coker,2025-09-03T07:54:43.759346,37.04750174456303,2.383500006396592,,,,,,,,,
1,2025-09-07,Carolina Panthers,Jacksonville Jaguars,Parker Washington,2025-09-07T08:35:42.979209,12.487500541135667,1.1992499040304725,,,,,,,,,
1,2025-09-07,Carolina Panthers,Jacksonville Jaguars,Rico Dowdle,2025-09-07T08:35:42.979435,,,,,,,,,21.854999275273038,,
1,2025-09-07,Carolina Panthers,Jacksonville Jaguars,Tank Bigsby,2025-09-07T08:35:42.980082,,,,,,,,9.376499884668592,46.54500134151587,,
1,2025-09-07,Carolina Panthers,Jacksonville Jaguars,Tetairoa McMillan,2025-09-07T08:35:42.980756,61.144249480646735,5.469750295186493,,,,,,,,,
1,2025-09-07,Carolina Panthers,Jacksonville Jaguars,Travis Etienne,2025-09-07T08:35:42.981867,16.167500486301602,1.936250031082483,0.13790537103518458,,,,,7.91825002523637,35.47775042809442,,0.06284460334636571
1,2025-09-07,Carolina Panthers,Jacksonville Jaguars,Travis Hunter,2025-09-07T08:35:42.982508,48.5,3.633750274118399,,,,,,,,,
1,2025-09-07,Carolina Panthers,Jacksonville Jaguars,Trevor Lawrence,2025-09-07T08:35:42.984221,,,,0.47099996057897847,30.58549856709231,24.155249688938973,240.5,4.802000101157595,17.07749979849234,1.5622501092273275,
1,2025-09-07,Carolina Panthers,Jacksonville Jaguars,Xavier Legette,2025-09-07T08:35:42.984833,36.5,2.955750221324011,,,,,,,,,
1,2025-09-07,Cincinnati Bengals,Cleveland Browns,Andrei Iosivas,2025-09-07T08:35:45.525532,21.5,1.1649999355232779,,,,,,,,,
1,2025-09-07,Cincinnati Bengals,Cleveland Browns,Cedric Tillman,2025-09-07T08:35:45.526254,41.83649795529529,2.631999753069702,,,,,,,,,
1,2025-09-07,Cincinnati Bengals,Cleveland Browns,Chase Brown,2025-09-07T08:35:45.527335,20.46524996475993,3.3349999244189292,0.44135128366601895,,,,,16.08750004597753,65.5,,0.13789869225179763
1,2025-09-07,Cincinnati Bengals,Cleveland Browns,David Njoku,2025-09-07T08:35:45.527970,52.96500152655254,4.867499815540771,,,,,,,,,
1,2025-09-07,Cincinnati Bengals,Cleveland Browns,Dylan Sampson,2025-09-07T08:35:45.528184,,,,,,,,,31.185245904467365,,
1,2025-09-07,Cincinnati Bengals,Cleveland Browns,Ja'Marr Chase,2025-09-07T08:35:45.528866,89.73224984548585,7.406749649706946,,,,,,,,,
1,2025-09-07,Cincinnati Bengals,Cleveland Browns,Jerome Ford,2025-09-07T08:35:45.529270,,,,,,,,,45.5,,
1,2025-09-07,Cincinnati Bengals,Cleveland Browns,Jerry Jeudy,2025-09-07T08:35:45.529875,61.40450320589503,5.436000422081017,,,,,,,,,
1,2025-09-07,Cincinnati Bengals,Cleveland Browns,Joe Burrow,2025-09-07T08:35:45.531333,,,,0.4127500538601713,35.587500101707874,30.024749695391666,268.5,2.7587499311490338,,1.2387499876306953,
1,2025-09-07,Cincinnati Bengals,Cleveland Browns,Joe Flacco,2025-09-07T08:35:45.532331,,,,0.7255000248826726,42.7972498930271,27.197499679080394,256.1437473591578,,,1.302749930090107,
1,2025-09-07,Cincinnati Bengals,Cleveland Browns,Mike Gesicki,2025-09-07T08:35:45.532987,20.09249975286127,2.0637502693008565,,,,,,,,,
1,2025-09-07,Cincinnati Bengals,Cleveland Browns,Tee Higgins,2025-09-07T08:35:45.533691,65.59549679410497,4.482500296018266,,,,,,,,,
1,2025-09-07,Detroit Lions,Green Bay Packers,Amon-Ra St. Brown,2025-09-07T08:35:55.818139,53.96624568137126,5.196749584132047,,,,,,,,,
1,2025-09-07,Detroit Lions,Green Bay Packers,David Montgomery,2025-09-07T08:35:55.819086,,,,,,,,9.292499647850564,41.33024933168619,,
1,2025-09-07,Detroit Lions,Green Bay Packers,Isaac TeSlaa,2025-09-02T19:30:46.670390,15.702998458652527,1.544999922716619,,,,,,,,,
1,2025-09-07,Detroit Lions,Green Bay Packers,Jahmyr Gibbs,2025-09-07T08:35:55.820459,23.887751408650345,3.6962500045921645,0.37968689981515097,,,,,13.277249190775334,60.040250991054904,,0.15106309727547157
1,2025-09-07,Detroit Lions,Green Bay Packers,Jameson Williams,2025-09-07T08:35:55.821039,54.38275320692738,4.403000037212135,,,,,,,,,
1,2025-09-07,Detroit Lions,Green Bay Packers,Jared Goff,2025-09-07T08:35:55.822265,,,,0.47099996057897847,32.22374877699141,22.871251348707776,252.56376765841793,1.2675000584363931,,1.4872499435534496,
1,2025-09-07,Detroit Lions,Green Bay Packers,Jordan Love,2025-09-07T08:35:55.823525,,,,0.5042500188155168,33.1535013045876,20.838251228822642,267.2127373625044,2.045250000243634,,1.4077500087281325,
1,2025-09-07,Detroit Lions,Green Bay Packers,Josh Jacobs,2025-09-07T08:35:55.824776,14.5,1.251249977546334,0.5096332418725151,,,,,17.184751201500603,71.66325422595104,,0.1031167519109882
1,2025-09-07,Detroit Lions,Green Bay Packers,Matthew Golden,2025-09-07T08:35:55.825264,44.74499625500295,4.56224995986265,,,,,,,,,
1,2025-09-07,Detroit Lions,Green Bay Packers,Sam LaPorta,2025-09-07T08:35:55.825887,39.462499892719094,4.537749993996545,,,,,,,,,
1,2025-09-07,Detroit Lions,Green Bay Packers,Tucker Kraft,2025-09-07T08:35:55.826389,39.67550156122778,3.0397498368769167,,,,,,,,,
1,2025-09-07,Houston Texans,Los Angeles Rams,C.J. Stroud,2025-09-07T08:35:53.160719,,,,0.4957499811844832,35.32750139013433,18.54225029469182,233.5,,11.5,0.9757501306147689,
1,2025-09-07,Houston Texans,Los Angeles Rams,Christian Kirk,2025-09-04T11:46:56.304568,41.5,3.0747498163640907,,,,,,,,,
1,2025-09-07,Houston Texans,Los Angeles Rams,Dalton Schultz,2025-09-07T08:35:53.161559,28.5,3.0762500798752965,,,,,,,,,
1,2025-09-07,Houston Texans,Los Angeles Rams,Davante Adams,2025-09-07T08:35:53.162179,56.5,5.834249992281273,,,,,,,,,
1,2025-09-07,Houston Texans,Los Angeles Rams,Kyren Williams,2025-09-07T08:35:53.163225,10.4072498634355,2.101499983692972,0.535632688091042,,,,,16.5,72.2855028444287,,0.07711730569246128
1,2025-09-07,Houston Texans,Los Angeles Rams,Matthew Stafford,2025-09-07T08:35:53.164274,,,,0.5697499730543805,33.848752366592095,20.607748434408308,228.63750065343825,,,1.3147500217019321,
1,2025-09-07,Houston Texans,Los Angeles Rams,Nick Chubb,2025-09-07T08:35:53.164899,,,,,,,,12.500500491893686,43.222253021956064,,
1,2025-09-07,Houston Texans,Los Angeles Rams,Nico Collins,2025-09-07T08:35:53.165519,86.41650340048243,6.919000058476213,,,,,,,,,
1,2025-09-07,Houston Texans,Los Angeles Rams,Puka Nacua,2025-09-07T08:35:53.166186,73.5,5.317000179699026,,,,,,,,,
1,2025-09-07,Houston Texans,Los Angeles Rams,Tutu Atwell,2025-09-07T08:35:53.166786,22.5,1.251249977546334,,,,,,,,,
1,2025-09-07,Houston Texans,Los Angeles Rams,Tyler Higbee,2025-09-07T08:35:53.167446,22.5,2.478749905922416,,,,,,,,,
1,2025-09-07,Las Vegas Raiders,New England Patriots,Ashton Jeanty,2025-09-07T08:35:37.365647,17.5,2.521250094077584,0.4346765769314088,,,,,15.122249811616529,69.90074734701213,,0.10882344445527313
1,2025-09-07,Las Vegas Raiders,New England Patriots,Brock Bowers,2025-09-07T08:35:37.366359,65.5,5.0992495736195105,,,,,,,,,
1,2025-09-07,Las Vegas Raiders,New England Patriots,DeMario Douglas,2025-09-07T08:35:37.367003,34.24050134736096,3.4702498682913827,,,,,,,,,
1,2025-09-07,Las Vegas Raiders,New England Patriots,Drake Maye,2025-09-07T08:35:37.368884,,,,0.4342499766967024,26.153750570265537,18.203999905358106,211.68524196577434,4.232249972380041,33.42625180391746,1.0912499185133777,
1,2025-09-07,Las Vegas Raiders,New England Patriots,Geno Smith,2025-09-07T08:35:37.370611,,,,0.4774999904775616,27.051252040659193,20.35125032344224,240.8602495852515,2.41750012621634,8.21624989218592,1.0342499713103774,
1,2025-09-07,Las Vegas Raiders,New England Patriots,Hunter Henry,2025-09-07T08:35:37.371402,32.77625122300859,2.771999671714765,,,,,,,,,
1,2025-09-07,Las Vegas Raiders,New England Patriots,Jakobi Meyers,2025-09-07T08:35:37.372188,58.15450228837497,5.017500150921187,,,,,,,,,
1,2025-09-07,Las Vegas Raiders,New England Patriots,Michael Mayer,2025-09-07T08:35:37.372421,,,,,,,,,,,
1,2025-09-07,Las Vegas Raiders,New England Patriots,Rhamondre Stevenson,2025-09-07T08:35:37.373170,,,,,,,,7.739500549952275,42.5,,
1,2025-09-07,Las Vegas Raiders,New England Patriots,Stefon Diggs,2025-09-07T08:35:37.373810,49.47125345886537,4.184999861222496,,,,,,,,,
1,2025-09-07,Las Vegas Raiders,New England Patriots,TreVeyon Henderson,2025-09-07T08:35:37.374869,18.142499312470147,2.828750116516488,0.19131378225832907,,,,,9.262500026471912,40.15574847594314,,0.08643619643068491
1,2025-09-07,Miami Dolphins,Indianapolis Colts,Daniel Jones,2025-09-07T08:35:29.486120,,,,0.46499998458027736,37.6057508896737,22.376250009690594,264.73649045952357,6.041749952391204,21.55999897836452,0.6802499670963619,
1,2025-09-07,Miami Dolphins,Indianapolis Colts,De'Von Achane,2025-09-07T08:35:29.486592,,,,,,,,10.976499148689767,52.15175086084331,,
1,2025-09-07,Miami Dolphins,Indianapolis Colts,Jaylen Waddle,2025-09-07T08:35:29.487325,57.98875216378443,5.24924998804593,,,,,,,,,
1,2025-09-07,Miami Dolphins,Indianapolis Colts,Jonathan Taylor,2025-09-07T08:35:29.488008,,,,,,,,23.2224991631161,81.99500611025833,,
1,2025-09-07,Miami Dolphins,Indianapolis Colts,Michael Pittman Jr.,2025-09-07T08:35:29.488319,,,,,,,,,,,
1,2025-09-07,Miami Dolphins,Indianapolis Colts,Tua Tagovailoa,2025-09-07T08:35:29.489511,,,,0.49174997002871607,35.443002641208444,16.43950089515917,274.4227463990097,,,1.4505000757298039,
1,2025-09-07,Miami Dolphins,Indianapolis Colts,Tyreek Hill,2025-09-07T08:35:29.490172,71.30374565416383,6.041749952391204,,,,,,,,,
1,2025-09-07,New York Giants,Washington Commanders,Austin Ekeler,2025-09-07T08:35:32.272095,23.908000099258572,3.020000234489454,0.1044062443711094,,,,,6.41574998538947,22.724501186433596,,0.10984375323837176
1,2025-09-07,New York Giants,Washington Commanders,Chris Rodriguez,2025-09-07T08:35:32.272346,,,,,,,,,18.73874882343675,,
1,2025-09-07,New York Giants,Washington Commanders,Darius Slayton,2025-09-07T08:35:32.272736,32.015250150854946,2.301000038686033,,,,,,,,,
1,2025-09-07,New York Giants,Washington Commanders,Deebo Samuel,2025-09-07T08:35:32.273531,46.10474825015694,4.453750190135452,,,,,,,,,
1,2025-09-07,New York Giants,Washington Commanders,Jacory Croskey-Merritt,2025-09-07T08:35:32.273759,,,,,,,,,32.07874992694735,,
1,2025-09-07,New York Giants,Washington Commanders,Jayden Daniels,2025-09-07T08:35:32.275374,,,,0.3922499672015008,19.62449920364258,18.844750311061027,197.5799989727892,8.920749984638945,48.768750021120525,1.5,
1,2025-09-07,New York Giants,Washington Commanders,Malik Nabers,2025-09-07T08:35:32.276074,73.61250021038204,5.911750196621216,,,,,,,,,
1,2025-09-07,New York Giants,Washington Commanders,Russell Wilson,2025-09-07T08:35:32.277369,,,,0.508250029971284,29.814748384858685,20.63100153741984,217.5,2.658250010852323,,0.8459999588584886,
1,2025-09-07,New York Giants,Washington Commanders,Terry McLaurin,2025-09-07T08:35:32.278013,45.190250184489486,3.30750006716922,,,,,,,,,
1,2025-09-07,New York Giants,Washington Commanders,Theo Johnson,2025-09-07T08:35:32.278407,29.563000249852905,2.103750120410917,,,,,,,,,
1,2025-09-07,New York Giants,Washington Commanders,Tyrone Tracy,2025-09-07T08:35:32.279236,12.048750005218011,1.9792500468249314,,,,,,,51.58449758330494,,
1,2025-09-07,New York Giants,Washington Commanders,Tyrone Tracy Jr.,2025-09-07T08:35:32.278630,,,,,,,,12.939749016954053,,,
1,2025-09-07,New York Giants,Washington Commanders,Wan'Dale Robinson,2025-09-07T08:35:32.279634,27.281247962834442,3.316500160301958,,,,,,,,,
1,2025-09-07,New York Giants,Washington Commanders,Zach Ertz,2025-09-07T08:35:32.280027,32.5,3.5874999902471902,,,,,,,,,
1,2025-09-07,Pittsburgh Steelers,New York Jets,Aaron Rodgers,2025-09-07T08:35:34.746534,,,,0.37975000155033184,28.239750867522176,20.79675015461662,184.23075565954943,1.0342499713103774,,0.898500016307028,
1,2025-09-07,Pittsburgh Steelers,New York Jets,Braelon Allen,2025-09-07T08:35:34.747198,,,,,,,,8.063249979845686,21.975248923119494,,
1,2025-09-07,Pittsburgh Steelers,New York Jets,Breece Hall,2025-09-07T08:35:34.748327,19.795000570529737,3.020000234489454,0.16817715652506288,,,,,10.69499964534638,48.371501903414696,,0.06882289733345409
1,2025-09-07,Pittsburgh Steelers,New York Jets,DK Metcalf,2025-09-07T08:35:34.748899,59.19075044006269,3.633750274118399,,,,,,,,,
1,2025-09-07,Pittsburgh Steelers,New York Jets,Garrett Wilson,2025-09-07T08:35:34.749529,55.5,5.481000281958643,,,,,,,,,
1,2025-09-07,Pittsburgh Steelers,New York Jets,Jaylen Warren,2025-09-07T08:35:34.750479,17.315999909974785,3.138750014789701,0.13424243939942687,,,,,,57.74174986850523,,0.040257561882847855
1,2025-09-07,Pittsburgh Steelers,New York Jets,Jonnu Smith,2025-09-07T08:35:34.750889,29.98475123507477,3.50249997282162,,,,,,,,,
1,2025-09-07,Pittsburgh Steelers,New York Jets,Justin Fields,2025-09-07T08:35:34.752613,,,,0.45649997861331804,24.103750397868758,15.064499294239495,172.71924367108053,9.239500363573594,52.10325024550903,0.7147500202751605,
1,2025-09-07,Pittsburgh Steelers,New York Jets,Kaleb Johnson,2025-09-07T08:35:34.753031,,,,,,,,4.8879995414151605,22.87074980573809,,
1,2025-09-07,Pittsburgh Steelers,New York Jets,Mason Taylor,2025-09-07T08:35:34.753421,22.28350087685396,2.3337499801773562,,,,,,,,,
1,2025-09-07,Pittsburgh Steelers,New York Jets,Pat Freiermuth,2025-09-07T08:35:34.754077,25.808750160015762,3.217500079829096,,,,,,,,,
1,2025-09-07,San Francisco 49ers,Seattle Seahawks,Brock Purdy,2025-09-07T08:35:50.620089,,,,0.4547500151247089,25.184247984639924,17.92025005711389,232.20298056543638,3.8447499697034937,13.225000985525538,1.4129998817369354,
1,2025-09-07,San Francisco 49ers,Seattle Seahawks,Christian McCaffrey,2025-09-07T08:35:50.620931,27.8464986954124,4.173749786796801,,,,,,15.275250629189035,59.43675071719714,,
1,2025-09-07,San Francisco 49ers,Seattle Seahawks,Cooper Kupp,2025-09-07T08:35:50.621575,37.537500107280906,3.988249811380663,,,,,,,,,
1,2025-09-07,San Francisco 49ers,Seattle Seahawks,George Kittle,2025-09-07T08:35:50.622239,64.5,6.034499966601132,,,,,,,,,
1,2025-09-07,San Francisco 49ers,Seattle Seahawks,Jaxon Smith-Njigba,2025-09-07T08:35:50.622862,60.5,5.865749948394836,,,,,,,,,
1,2025-09-07,San Francisco 49ers,Seattle Seahawks,Kenneth Walker,2025-09-07T08:35:50.623679,,,,,,,,,68.08050067551254,,
1,2025-09-07,San Francisco 49ers,Seattle Seahawks,Kenneth Walker III,2025-09-07T08:35:50.623384,,,,,,,,16.40675067579563,,,
1,2025-09-07,San Francisco 49ers,Seattle Seahawks,Sam Darnold,2025-09-07T08:35:50.625160,,,,0.4607500055596678,33.615248410208444,22.220248949120837,227.48850225720042,2.91624999335885,8.5,0.9652500386470555,
1,2025-09-07,San Francisco 49ers,Seattle Seahawks,Zach Charbonnet,2025-09-07T08:35:50.625826,,,,,,,,7.682999820300974,27.78899767415973,,
1,2025-09-07,Tampa Bay Buccaneers,Atlanta Falcons,Baker Mayfield,2025-09-07T08:35:26.932200,,,,0.47924996359089084,41.047498842263636,24.90750024713873,286.6349932958441,2.8087499318528897,,1.8720001058272706,
1,2025-09-07,Tampa Bay Buccaneers,Atlanta Falcons,Bijan Robinson,2025-09-07T08:35:26.933069,22.691250846698257,2.8805002001564355,,,,,,17.935500705760504,64.59625020587565,,
1,2025-09-07,Tampa Bay Buccaneers,Atlanta Falcons,Bucky Irving,2025-09-07T08:35:26.934279,20.69924988653428,3.4474998983946454,0.37500191009224093,,,,,13.717499480160356,74.45950292997543,,0.10424805349864989
1,2025-09-07,Tampa Bay Buccaneers,Atlanta Falcons,Cade Otton,2025-09-07T08:35:26.934842,29.91549963203789,2.863000096761014,,,,,,,,,
1,2025-09-07,Tampa Bay Buccaneers,Atlanta Falcons,Darnell Mooney,2025-09-07T08:35:26.935030,,,,,,,,,,,
1,2025-09-07,Tampa Bay Buccaneers,Atlanta Falcons,Drake London,2025-09-07T08:35:26.935646,79.87900595257425,5.7524997820027295,,,,,,,,,
1,2025-09-07,Tampa Bay Buccaneers,Atlanta Falcons,Emeka Egbuka,2025-09-07T08:35:26.936280,57.5,5.6610000478441735,,,,,,,,,
1,2025-09-07,Tampa Bay Buccaneers,Atlanta Falcons,Kyle Pitts,2025-09-07T08:35:26.936875,29.078997658977062,2.331000105813499,,,,,,,,,
1,2025-09-07,Tampa Bay Buccaneers,Atlanta Falcons,Michael Penix,2025-09-07T08:35:26.938217,,,,,36.41450143290769,18.844750311061027,210.75999001299192,,,1.2382501615805137,
1,2025-09-07,Tampa Bay Buccaneers,Atlanta Falcons,Michael Penix Jr.,2025-09-07T08:35:26.937096,,,,0.47099996057897847,,,,2.0062499837111685,,,
1,2025-09-07,Tampa Bay Buccaneers,Atlanta Falcons,Mike Evans,2025-09-07T08:35:26.938849,72.1077526906189,5.931749938843654,,,,,,,,,
1,2025-09-07,Tampa Bay Buccaneers,Atlanta Falcons,Rachaad White,2025-09-07T08:35:26.939097,,,,,,,,,,,
1,2025-09-07,Tampa Bay Buccaneers,Atlanta Falcons,Tyler Allgeier,2025-09-07T08:35:26.939724,,,,,,,,6.5,23.062499937303365,,
1,2025-09-07,Tennessee Titans,Denver Broncos,Bo Nix,2025-09-07T08:35:48.072878,,,,0.3675000074632467,29.940750056926262,23.031749703406927,257.9677473828549,,19.730250146687563,1.580250076911491,
1,2025-09-07,Tennessee Titans,Denver Broncos,Calvin Ridley,2025-09-07T08:35:48.073627,47.77549941235902,2.8957501159411665,,,,,,,,,
1,2025-09-07,Tennessee Titans,Denver Broncos,Cam Ward,2025-09-07T08:35:48.074858,,,,0.7080000617772344,30.192747706226122,19.665750733805154,179.72275111429155,,14.060250983045947,0.803000017985166,
1,2025-09-07,Tennessee Titans,Denver Broncos,Chig Okonkwo,2025-09-07T08:35:48.075279,29.948750361378405,3.165750050313237,,,,,,,,,
1,2025-09-07,Tennessee Titans,Denver Broncos,Courtland Sutton,2025-09-07T08:35:48.075979,58.5,4.891500192480137,,,,,,,,,
1,2025-09-07,Tennessee Titans,Denver Broncos,Evan Engram,2025-09-07T08:35:48.076522,33.93074793198141,4.723249695232206,,,,,,,,,
1,2025-09-07,Tennessee Titans,Denver Broncos,J.K. Dobbins,2025-09-07T08:35:48.076909,,,,,,,,7.8257496410088585,38.12775062935603,,
1,2025-09-07,Tennessee Titans,Denver Broncos,Marvin Mims,2025-09-07T08:35:48.077344,37.412499898292126,2.3817498907418266,,,,,,,,,
1,2025-09-07,Tennessee Titans,Denver Broncos,RJ Harvey,2025-09-07T08:35:48.078539,12.0875006310817,0.9212500300841029,0.12110853349572848,,,,,9.343249430545605,51.56125011120893,,0.028391465914841325
1,2025-09-07,Tennessee Titans,Denver Broncos,Tony Pollard,2025-09-07T08:35:48.079356,14.623250545649986,3.082500147893587,,,,,,17.78625000770278,58.51525070607781,,
1,2025-09-07,Tennessee Titans,Denver Broncos,Troy Franklin,2025-09-07T08:35:48.079792,19.637749892353035,1.150000224642442,,,,,,,,,
1,2025-09-07,Tennessee Titans,Denver Broncos,Tyler Lockett,2025-09-07T08:35:48.080174,23.553249690932972,1.8612499852102993,,,,,,,,,
1,2025-09-08,Minnesota Vikings,Chicago Bears,Aaron Jones,2025-09-04T11:47:02.337309,16.62375042760288,2.7637500496634133,0.11830577167040172,,,,,,50.5,,0.038944269750370866
1,2025-09-08,Minnesota Vikings,Chicago Bears,Adam Thielen,2025-09-07T08:36:01.425387,32.5,2.206749890492843,,,,,,,,,
1,2025-09-08,Minnesota Vikings,Chicago Bears,Caleb Williams,2025-09-07T08:36:01.426458,,,,0.503750012957663,34.57125204927139,20.653750531264183,219.5,5.3887504177104795,24.651499375063782,1.2787500315170734,
1,2025-09-08,Minnesota Vikings,Chicago Bears,Cole Kmet,2025-09-04T11:47:02.340032,,,,,,,,,,,
1,2025-09-08,Minnesota Vikings,Chicago Bears,Colston Loveland,2025-09-07T08:36:01.427645,29.454749357112213,3.331250015838071,,,,,,,,,
1,2025-09-08,Minnesota Vikings,Chicago Bears,D'Andre Swift,2025-09-07T08:36:01.429166,15.05100020184661,1.9199998691120734,0.171953434483248,,,,,13.5,52.5,,0.04929659384982065
1,2025-09-08,Minnesota Vikings,Chicago Bears,DJ Moore,2025-09-07T08:36:01.429387,47.552501431850395,4.919749890740491,,,,,,,,,
1,2025-09-08,Minnesota Vikings,Chicago Bears,J.J. McCarthy,2025-09-07T08:36:01.431077,,,,0.5737499894943088,31.5,19.413500884729746,247.29076156906228,3.3722500916751605,17.199000418975,1.173749978458512,
1,2025-09-08,Minnesota Vikings,Chicago Bears,Jordan Mason,2025-09-04T11:47:02.344487,,,,,,,,,40.5,,
1,2025-09-08,Minnesota Vikings,Chicago Bears,Justin Jefferson,2025-09-07T08:36:01.432619,78.5,4.884749728333166,,,,,,,,,
1,2025-09-08,Minnesota Vikings,Chicago Bears,Rome Odunze,2025-09-07T08:36:01.433247,50.5,3.3097496276146927,,,,,,,,,
1,2025-09-08,Minnesota Vikings,Chicago Bears,T.J. Hockenson,2025-09-07T08:36:01.433472,47.621249128027635,3.9532497638966877,,,,,,,,,
2,2025-09-11,Washington Commanders,Green Bay Packers,Austin Ekeler,2025-09-09T14:37:00.498964,20.5,2.71750019529006,,,,,,,22.5,,
2,2025-09-11,Washington Commanders,Green Bay Packers,Deebo Samuel,2025-09-09T14:37:00.499376,51.5,4.567500215083113,,,,,,,,,
2,2025-09-11,Washington Commanders,Green Bay Packers,Jacory Croskey-Merritt,2025-09-09T14:37:00.499900,,,,,,,,11.607750208586335,42.5,,
2,2025-09-11,Washington Commanders,Green Bay Packers,Jayden Daniels,2025-09-09T14:37:00.501161,,,,,27.92475113359486,18.88774887195084,225.5,10.14050003278362,46.95825063821306,1.0477500105732682,
2,2025-09-11,Washington Commanders,Green Bay Packers,Jayden Reed,2025-09-09T14:37:00.501554,43.5,3.31450015105142,,,,,,,,,
2,2025-09-11,Washington Commanders,Green Bay Packers,Jordan Love,2025-09-09T14:37:00.502633,,,,,29.5,19.203000257528434,227.63474176077293,,4.5,1.4662501699630412,
2,2025-09-11,Washington Commanders,Green Bay Packers,Josh Jacobs,2025-09-09T14:37:00.503584,10.5,1.7370000240712162,,,,,,20.45175036750926,78.5,,
2,2025-09-11,Washington Commanders,Green Bay Packers,Matthew Golden,2025-09-09T14:37:00.503990,35.39699688125843,3.331250015838071,,,,,,,,,
2,2025-09-11,Washington Commanders,Green Bay Packers,Noah Brown,2025-09-09T14:37:00.504426,22.5,1.3274997668942832,,,,,,,,,
2,2025-09-11,Washington Commanders,Green Bay Packers,Romeo Doubs,2025-09-09T14:37:00.504889,41.5,3.2882500830319845,,,,,,,,,
2,2025-09-11,Washington Commanders,Green Bay Packers,Terry McLaurin,2025-09-09T14:37:00.505326,55.91625143830059,4.261500194208969,,,,,,,,,
2,2025-09-11,Washington Commanders,Green Bay Packers,Tucker Kraft,2025-09-09T14:37:00.505685,34.5,3.423750078219398,,,,,,,,,
2,2025-09-11,Washington Commanders,Green Bay Packers,Zach Ertz,2025-09-09T14:37:00.506105,32.5,3.1307499304712216,,,,,,,,,
