,week,player_name,playerTeam,proj_passingAttempts,proj_passingCompletions,proj_passingYards,proj_passingTouchdowns,proj_passingInterceptions,proj_rushingAttempts,proj_rushingYards,proj_rushingTouchdowns,proj_receivingReceptions,proj_receivingYards,proj_receivingTouchdowns,proj_lostFumbles,proj_defensiveSacks,proj_defensiveInterceptions,proj_defensiveFumbles,proj_defensiveTouchdowns,proj_defensiveSafeties,proj_defensivePointsAllowed,proj_defensiveYardsAllowed,STD_FantasyPoints,TimeStamp
0,1,Jalen Hurts,PHI,27.6,19.0,218.4,1.6,0.5,8.9,40.9,0.8,0.0,0.0,0.0,0.3,0.0,0.0,0.0,0.0,0.0,0.0,0.0,23.1,2026-08-03 11:34:41
1,1,Lamar Jackson,BAL,29.2,20.0,235.9,1.8,0.4,7.9,51.3,0.2,0.0,0.0,0.0,0.3,0.0,0.0,0.0,0.0,0.0,0.0,0.0,22.4,2026-08-03 11:34:41
2,1,Jayden Daniels,WAS,30.8,21.1,227.3,1.6,0.5,8.5,48.1,0.4,0.0,0.0,0.0,0.1,0.0,0.0,0.0,0.0,0.0,0.0,0.0,21.8,2026-08-03 11:34:41
3,1,Josh Allen,BUF,32.5,20.7,240.7,1.6,0.5,7.3,33.8,0.5,0.0,0.0,0.0,0.2,0.0,0.0,0.0,0.0,0.0,0.0,0.0,21.6,2026-08-03 11:34:41
4,1,Joe Burrow,CIN,36.1,24.6,278.3,2.2,0.7,3.0,11.5,0.1,0.0,0.0,0.0,0.2,0.0,0.0,0.0,0.0,0.0,0.0,0.0,20.5,2026-08-03 11:34:41
5,1,Baker Mayfield,TB,33.4,23.6,254.2,2.0,0.9,4.1,18.2,0.1,0.0,0.0,0.0,0.2,0.0,0.0,0.0,0.0,0.0,0.0,0.0,19.5,2026-08-03 11:34:41
6,1,Patrick Mahomes,KC,35.7,24.2,254.0,1.7,0.6,4.5,22.6,0.1,0.0,0.0,0.0,0.1,0.0,0.0,0.0,0.0,0.0,0.0,0.0,19.4,2026-08-03 11:34:41
7,1,Bo Nix,DEN,33.5,22.3,227.8,1.7,0.5,5.5,26.4,0.2,0.0,0.0,0.0,0.1,0.0,0.0,0.0,0.0,0.0,0.0,0.0,19.1,2026-08-03 11:34:41
8,1,Kyler Murray,MIN,32.4,21.5,234.4,1.4,0.8,5.5,35.7,0.3,0.0,0.0,0.0,0.2,0.0,0.0,0.0,0.0,0.0,0.0,0.0,18.9,2026-08-03 11:34:41
9,1,Trevor Lawrence,JAC,30.8,20.0,237.0,1.5,0.8,3.5,17.5,0.2,0.0,0.0,0.0,0.2,0.0,0.0,0.0,0.0,0.0,0.0,0.0,17.5,2026-08-03 11:34:41
10,1,Saquon Barkley,PHI,0.0,0.0,0.0,0.0,0.0,20.4,105.7,0.8,2.4,18.5,0.1,0.1,0.0,0.0,0.0,0.0,0.0,0.0,0.0,17.8,2026-08-03 11:34:41
11,1,Bijan Robinson,ATL,0.0,0.0,0.0,0.0,0.0,18.4,83.2,0.7,3.5,26.3,0.1,0.1,0.0,0.0,0.0,0.0,0.0,0.0,0.0,15.7,2026-08-03 11:34:41
12,1,Derrick Henry,BAL,0.0,0.0,0.0,0.0,0.0,17.6,91.3,0.8,1.3,10.2,0.1,0.1,0.0,0.0,0.0,0.0,0.0,0.0,0.0,15.1,2026-08-03 11:34:41
13,1,Jonathan Taylor,IND,0.0,0.0,0.0,0.0,0.0,19.0,89.4,0.8,1.8,12.4,0.1,0.1,0.0,0.0,0.0,0.0,0.0,0.0,0.0,15.0,2026-08-03 11:34:41
14,1,Jahmyr Gibbs,DET,0.0,0.0,0.0,0.0,0.0,14.4,73.6,0.6,3.3,27.9,0.1,0.1,0.0,0.0,0.0,0.0,0.0,0.0,0.0,14.7,2026-08-03 11:34:41
15,1,Christian McCaffrey,SF,0.0,0.0,0.0,0.0,0.0,14.7,69.4,0.5,3.9,33.7,0.2,0.1,0.0,0.0,0.0,0.0,0.0,0.0,0.0,14.3,2026-08-03 11:34:41
16,1,De'Von Achane,MIA,0.0,0.0,0.0,0.0,0.0,13.6,64.9,0.5,4.2,31.3,0.2,0.1,0.0,0.0,0.0,0.0,0.0,0.0,0.0,13.7,2026-08-03 11:34:41
17,1,Kyren Williams,LAR,0.0,0.0,0.0,0.0,0.0,18.5,77.4,0.7,2.0,12.7,0.1,0.1,0.0,0.0,0.0,0.0,0.0,0.0,0.0,13.7,2026-08-03 11:34:41
18,1,Bucky Irving,TB,0.0,0.0,0.0,0.0,0.0,15.5,77.0,0.5,2.9,21.5,0.1,0.1,0.0,0.0,0.0,0.0,0.0,0.0,0.0,13.6,2026-08-03 11:34:41
19,1,Josh Jacobs,GB,0.0,0.0,0.0,0.0,0.0,17.3,72.2,0.7,2.4,19.8,0.1,0.1,0.0,0.0,0.0,0.0,0.0,0.0,0.0,13.6,2026-08-03 11:34:41
20,1,Ja'Marr Chase,CIN,0.0,0.0,0.0,0.0,0.0,0.1,0.7,0.0,7.1,96.3,0.8,0.0,0.0,0.0,0.0,0.0,0.0,0.0,0.0,14.2,2026-08-03 11:34:41
21,1,Justin Jefferson,MIN,0.0,0.0,0.0,0.0,0.0,0.0,0.0,0.0,6.5,96.5,0.6,0.0,0.0,0.0,0.0,0.0,0.0,0.0,0.0,13.0,2026-08-03 11:34:41
22,1,Nico Collins,HOU,0.0,0.0,0.0,0.0,0.0,0.0,0.1,0.0,6.0,87.6,0.5,0.0,0.0,0.0,0.0,0.0,0.0,0.0,0.0,11.8,2026-08-03 11:34:41
23,1,CeeDee Lamb,DAL,0.0,0.0,0.0,0.0,0.0,0.4,2.6,0.0,6.7,85.3,0.5,0.1,0.0,0.0,0.0,0.0,0.0,0.0,0.0,11.6,2026-08-03 11:34:41
24,1,Brian Thomas Jr.,JAC,0.0,0.0,0.0,0.0,0.0,0.1,1.2,0.0,5.5,79.7,0.6,0.0,0.0,0.0,0.0,0.0,0.0,0.0,0.0,11.6,2026-08-03 11:34:41
25,1,Malik Nabers,NYG,0.0,0.0,0.0,0.0,0.0,0.1,0.7,0.0,6.6,83.6,0.5,0.0,0.0,0.0,0.0,0.0,0.0,0.0,0.0,11.5,2026-08-03 11:34:41
26,1,Mike Evans,SF,0.0,0.0,0.0,0.0,0.0,0.0,0.0,0.0,5.6,73.7,0.7,0.0,0.0,0.0,0.0,0.0,0.0,0.0,0.0,11.3,2026-08-03 11:34:41
27,1,Puka Nacua,LAR,0.0,0.0,0.0,0.0,0.0,0.5,2.5,0.0,6.1,81.7,0.4,0.0,0.0,0.0,0.0,0.0,0.0,0.0,0.0,11.0,2026-08-03 11:34:41
28,1,A.J. Brown,NE,0.0,0.0,0.0,0.0,0.0,0.0,0.0,0.0,5.3,77.2,0.5,0.0,0.0,0.0,0.0,0.0,0.0,0.0,0.0,11.0,2026-08-03 11:34:41
29,1,Amon-Ra St. Brown,DET,0.0,0.0,0.0,0.0,0.0,0.1,0.6,0.0,6.6,75.4,0.5,0.0,0.0,0.0,0.0,0.0,0.0,0.0,0.0,10.7,2026-08-03 11:34:41
30,1,Brock Bowers,LV,0.0,0.0,0.0,0.0,0.0,0.0,0.0,0.0,6.5,69.7,0.4,0.0,0.0,0.0,0.0,0.0,0.0,0.0,0.0,9.2,2026-08-03 11:34:41
31,1,George Kittle,SF,0.0,0.0,0.0,0.0,0.0,0.0,0.0,0.0,4.9,63.9,0.4,0.0,0.0,0.0,0.0,0.0,0.0,0.0,0.0,8.8,2026-08-03 11:34:41
32,1,Trey McBride,ARI,0.0,0.0,0.0,0.0,0.0,0.0,0.0,0.0,6.3,66.7,0.4,0.0,0.0,0.0,0.0,0.0,0.0,0.0,0.0,8.7,2026-08-03 11:34:41
33,1,Travis Kelce,KC,0.0,0.0,0.0,0.0,0.0,0.0,0.0,0.0,5.4,52.6,0.3,0.0,0.0,0.0,0.0,0.0,0.0,0.0,0.0,7.3,2026-08-03 11:34:41
34,1,Mark Andrews,BAL,0.0,0.0,0.0,0.0,0.0,0.0,0.0,0.0,4.1,46.6,0.4,0.1,0.0,0.0,0.0,0.0,0.0,0.0,0.0,7.1,2026-08-03 11:34:41
35,1,David Njoku,LAC,0.0,0.0,0.0,0.0,0.0,0.0,0.0,0.0,4.9,49.0,0.4,0.0,0.0,0.0,0.0,0.0,0.0,0.0,0.0,7.0,2026-08-03 11:34:41
36,1,Sam LaPorta,DET,0.0,0.0,0.0,0.0,0.0,0.0,0.0,0.0,4.1,44.9,0.3,0.0,0.0,0.0,0.0,0.0,0.0,0.0,0.0,6.5,2026-08-03 11:34:41
37,1,T.J. Hockenson,MIN,0.0,0.0,0.0,0.0,0.0,0.0,0.0,0.0,4.7,50.2,0.2,0.0,0.0,0.0,0.0,0.0,0.0,0.0,0.0,6.4,2026-08-03 11:34:41
38,1,Tyler Warren,IND,0.0,0.0,0.0,0.0,0.0,0.0,0.0,0.0,3.9,41.0,0.3,0.1,0.0,0.0,0.0,0.0,0.0,0.0,0.0,5.7,2026-08-03 11:34:41
39,1,Dallas Goedert,PHI,0.0,0.0,0.0,0.0,0.0,0.0,0.0,0.0,3.6,42.1,0.2,0.0,0.0,0.0,0.0,0.0,0.0,0.0,0.0,5.6,2026-08-03 11:34:41
40,1,Chase McLaughlin,TB,0.0,0.0,0.0,0.0,0.0,0.0,0.0,0.0,0.0,0.0,0.0,0.0,0.0,0.0,0.0,0.0,0.0,0.0,0.0,9.1,2026-08-03 11:34:41
41,1,Matt Gay,LV,0.0,0.0,0.0,0.0,0.0,0.0,0.0,0.0,0.0,0.0,0.0,0.0,0.0,0.0,0.0,0.0,0.0,0.0,0.0,8.5,2026-08-03 11:34:41
42,1,Chris Boswell,PIT,0.0,0.0,0.0,0.0,0.0,0.0,0.0,0.0,0.0,0.0,0.0,0.0,0.0,0.0,0.0,0.0,0.0,0.0,0.0,8.3,2026-08-03 11:34:41
43,1,Will Reichard,MIN,0.0,0.0,0.0,0.0,0.0,0.0,0.0,0.0,0.0,0.0,0.0,0.0,0.0,0.0,0.0,0.0,0.0,0.0,0.0,8.2,2026-08-03 11:34:41
44,1,Harrison Butker,KC,0.0,0.0,0.0,0.0,0.0,0.0,0.0,0.0,0.0,0.0,0.0,0.0,0.0,0.0,0.0,0.0,0.0,0.0,0.0,8.2,2026-08-03 11:34:41
45,1,Cam Little,JAC,0.0,0.0,0.0,0.0,0.0,0.0,0.0,0.0,0.0,0.0,0.0,0.0,0.0,0.0,0.0,0.0,0.0,0.0,0.0,8.1,2026-08-03 11:34:41
46,1,Jake Elliott,PHI,0.0,0.0,0.0,0.0,0.0,0.0,0.0,0.0,0.0,0.0,0.0,0.0,0.0,0.0,0.0,0.0,0.0,0.0,0.0,7.9,2026-08-03 11:34:41
47,1,Wil Lutz,DEN,0.0,0.0,0.0,0.0,0.0,0.0,0.0,0.0,0.0,0.0,0.0,0.0,0.0,0.0,0.0,0.0,0.0,0.0,0.0,7.8,2026-08-03 11:34:41
48,1,Chad Ryland,ARI,0.0,0.0,0.0,0.0,0.0,0.0,0.0,0.0,0.0,0.0,0.0,0.0,0.0,0.0,0.0,0.0,0.0,0.0,0.0,7.7,2026-08-03 11:34:41
49,1,Cameron Dicker,LAC,0.0,0.0,0.0,0.0,0.0,0.0,0.0,0.0,0.0,0.0,0.0,0.0,0.0,0.0,0.0,0.0,0.0,0.0,0.0,7.7,2026-08-03 11:34:41
50,1,Broncos D/ST,Broncos D/ST,0.0,0.0,0.0,0.0,0.0,0.0,0.0,0.0,0.0,0.0,0.0,0.0,3.1,0.8,0.6,0.2,0.1,17.2,291.9,8.3,2026-08-03 11:34:41
51,1,Commanders D/ST,Commanders D/ST,0.0,0.0,0.0,0.0,0.0,0.0,0.0,0.0,0.0,0.0,0.0,0.0,3.4,0.7,0.6,0.2,0.0,19.8,329.4,8.0,2026-08-03 11:34:41
52,1,Rams D/ST,Rams D/ST,0.0,0.0,0.0,0.0,0.0,0.0,0.0,0.0,0.0,0.0,0.0,0.0,3.4,0.7,0.5,0.1,0.1,19.8,334.5,7.8,2026-08-03 11:34:41
53,1,Steelers D/ST,Steelers D/ST,0.0,0.0,0.0,0.0,0.0,0.0,0.0,0.0,0.0,0.0,0.0,0.0,2.7,0.7,0.7,0.2,0.0,17.1,296.0,7.6,2026-08-03 11:34:41
54,1,Bengals D/ST,Bengals D/ST,0.0,0.0,0.0,0.0,0.0,0.0,0.0,0.0,0.0,0.0,0.0,0.0,3.0,1.0,0.6,0.2,0.0,20.5,339.9,7.2,2026-08-03 11:34:41
55,1,Cardinals D/ST,Cardinals D/ST,0.0,0.0,0.0,0.0,0.0,0.0,0.0,0.0,0.0,0.0,0.0,0.0,2.6,0.8,0.5,0.2,0.0,18.7,313.2,7.2,2026-08-03 11:34:41
56,1,Eagles D/ST,Eagles D/ST,0.0,0.0,0.0,0.0,0.0,0.0,0.0,0.0,0.0,0.0,0.0,0.0,2.7,0.8,0.8,0.2,0.0,20.6,332.0,7.1,2026-08-03 11:34:41
57,1,Chicago Bears,Chicago Bears,0.0,0.0,0.0,0.0,0.0,0.0,0.0,0.0,0.0,0.0,0.0,0.0,2.9,0.9,0.7,0.2,0.0,21.7,359.4,7.0,2026-08-03 11:34:41
58,1,Vikings D/ST,Vikings D/ST,0.0,0.0,0.0,0.0,0.0,0.0,0.0,0.0,0.0,0.0,0.0,0.0,3.6,0.6,0.6,0.1,0.0,20.9,291.7,6.9,2026-08-03 11:34:41
59,1,49ers D/ST,49ers D/ST,0.0,0.0,0.0,0.0,0.0,0.0,0.0,0.0,0.0,0.0,0.0,0.0,2.9,1.0,0.5,0.2,0.0,21.8,321.3,6.8,2026-08-03 11:34:41
