week,player_name,playerTeam,proj_passingAttempts,proj_passingCompletions,proj_passingYards,proj_passingTouchdowns,proj_passingInterceptions,proj_rushingAttempts,proj_rushingYards,proj_rushingTouchdowns,proj_receivingReceptions,proj_receivingYards,proj_receivingTouchdowns,proj_lostFumbles,proj_defensiveSacks,proj_defensiveInterceptions,proj_defensiveFumbles,proj_defensiveTouchdowns,proj_defensiveSafeties,proj_defensivePointsAllowed,proj_defensiveYardsAllowed,STD_FantasyPoints,TimeStamp
draft,Josh Allen,BUF,491.6,333.0,3811.4,27.4,11.2,118.1,585.5,11.8,0.0,0.0,0.0,4.1,0.0,0.0,0.0,0.0,0.0,0.0,0.0,372.1,2026-08-03 12:20:57
draft,Drake Maye,NE,503.9,346.0,4063.4,28.3,10.4,100.3,505.2,3.7,0.0,0.0,0.0,5.6,0.0,0.0,0.0,0.0,0.0,0.0,0.0,326.9,2026-08-03 12:20:57
draft,Lamar Jackson,BAL,449.3,291.9,3654.7,28.3,9.6,118.7,639.9,3.2,0.0,0.0,0.0,4.2,0.0,0.0,0.0,0.0,0.0,0.0,0.0,324.9,2026-08-03 12:20:57
draft,Jayden Daniels,WAS,495.4,323.5,3697.0,24.1,11.0,130.0,685.3,4.7,0.0,0.0,0.0,2.8,0.0,0.0,0.0,0.0,0.0,0.0,0.0,324.5,2026-08-03 12:20:57
draft,Jalen Hurts,PHI,488.0,316.9,3571.2,24.2,7.4,111.8,461.4,8.4,0.0,0.0,0.0,4.0,0.0,0.0,0.0,0.0,0.0,0.0,0.0,320.6,2026-08-03 12:20:57
draft,Jaxson Dart,NYG,509.9,324.8,3592.9,22.6,11.1,100.9,549.4,6.5,0.0,0.0,0.0,2.9,0.0,0.0,0.0,0.0,0.0,0.0,0.0,311.7,2026-08-03 12:20:57
draft,Joe Burrow,CIN,589.7,394.5,4168.5,33.3,11.6,48.3,179.1,1.4,0.0,0.0,0.0,1.9,0.0,0.0,0.0,0.0,0.0,0.0,0.0,310.7,2026-08-03 12:20:57
draft,Dak Prescott,DAL,582.3,384.7,4295.8,30.9,11.3,49.1,173.3,1.7,0.0,0.0,0.0,2.8,0.0,0.0,0.0,0.0,0.0,0.0,0.0,306.2,2026-08-03 12:20:57
draft,Brock Purdy,SF,542.5,366.3,4119.6,27.7,14.3,70.5,304.1,3.8,0.0,0.0,0.0,4.3,0.0,0.0,0.0,0.0,0.0,0.0,0.0,306.0,2026-08-03 12:20:57
draft,Trevor Lawrence,JAC,545.5,335.4,3893.3,26.6,13.0,72.5,321.1,4.9,0.0,0.0,0.0,3.4,0.0,0.0,0.0,0.0,0.0,0.0,0.0,304.0,2026-08-03 12:20:57
draft,Jahmyr Gibbs,DET,0.0,0.0,0.0,0.0,0.0,274.4,1381.0,13.8,70.9,580.3,4.1,1.1,0.0,0.0,0.0,0.0,0.0,0.0,0.0,301.7,2026-08-03 12:20:57
draft,Bijan Robinson,ATL,0.0,0.0,0.0,0.0,0.0,289.6,1427.0,9.5,79.6,736.4,3.5,1.8,0.0,0.0,0.0,0.0,0.0,0.0,0.0,290.4,2026-08-03 12:20:57
draft,Jonathan Taylor,IND,0.0,0.0,0.0,0.0,0.0,327.4,1509.4,12.9,45.1,338.2,1.5,1.7,0.0,0.0,0.0,0.0,0.0,0.0,0.0,267.3,2026-08-03 12:20:57
draft,Christian McCaffrey,SF,0.0,0.0,0.0,0.0,0.0,269.4,1093.3,8.7,78.4,693.8,4.6,1.1,0.0,0.0,0.0,0.0,0.0,0.0,0.0,256.4,2026-08-03 12:20:57
draft,Derrick Henry,BAL,0.0,0.0,0.0,0.0,0.0,314.0,1569.0,13.4,17.8,172.2,0.7,1.7,0.0,0.0,0.0,0.0,0.0,0.0,0.0,255.3,2026-08-03 12:20:57
draft,James Cook III,BUF,0.0,0.0,0.0,0.0,0.0,287.3,1403.5,10.3,33.3,281.4,1.9,2.4,0.0,0.0,0.0,0.0,0.0,0.0,0.0,236.9,2026-08-03 12:20:57
draft,De'Von Achane,MIA,0.0,0.0,0.0,0.0,0.0,237.9,1197.5,6.0,65.3,490.6,4.0,1.0,0.0,0.0,0.0,0.0,0.0,0.0,0.0,226.7,2026-08-03 12:20:57
draft,Saquon Barkley,PHI,0.0,0.0,0.0,0.0,0.0,295.9,1311.3,8.2,41.7,330.4,2.1,1.0,0.0,0.0,0.0,0.0,0.0,0.0,0.0,224.2,2026-08-03 12:20:57
draft,Josh Jacobs,GB,0.0,0.0,0.0,0.0,0.0,288.8,1161.3,12.0,35.7,283.6,1.2,1.3,0.0,0.0,0.0,0.0,0.0,0.0,0.0,221.2,2026-08-03 12:20:57
draft,Ashton Jeanty,LV,0.0,0.0,0.0,0.0,0.0,281.4,1107.2,8.0,58.7,414.2,3.3,1.1,0.0,0.0,0.0,0.0,0.0,0.0,0.0,218.2,2026-08-03 12:20:57
draft,Puka Nacua,LAR,0.0,0.0,0.0,0.0,0.0,13.6,85.0,1.4,117.0,1539.0,9.0,1.0,0.0,0.0,0.0,0.0,0.0,0.0,0.0,222.8,2026-08-03 12:20:57
draft,Ja'Marr Chase,CIN,0.0,0.0,0.0,0.0,0.0,3.0,17.0,0.0,121.2,1509.7,10.6,1.0,0.0,0.0,0.0,0.0,0.0,0.0,0.0,214.4,2026-08-03 12:20:57
draft,Jaxon Smith-Njigba,SEA,0.0,0.0,0.0,0.0,0.0,5.5,30.4,0.1,110.9,1568.4,9.2,1.1,0.0,0.0,0.0,0.0,0.0,0.0,0.0,213.1,2026-08-03 12:20:57
draft,Amon-Ra St. Brown,DET,0.0,0.0,0.0,0.0,0.0,3.1,11.8,0.0,117.0,1390.5,10.5,0.4,0.0,0.0,0.0,0.0,0.0,0.0,0.0,202.5,2026-08-03 12:20:57
draft,Drake London,ATL,0.0,0.0,0.0,0.0,0.0,0.0,0.0,0.0,101.7,1328.2,9.1,1.0,0.0,0.0,0.0,0.0,0.0,0.0,0.0,185.5,2026-08-03 12:20:57
draft,CeeDee Lamb,DAL,0.0,0.0,0.0,0.0,0.0,2.4,12.5,0.0,97.6,1297.0,7.5,0.3,0.0,0.0,0.0,0.0,0.0,0.0,0.0,175.6,2026-08-03 12:20:57
draft,Rashee Rice,KC,0.0,0.0,0.0,0.0,0.0,5.4,25.5,0.9,98.8,1099.0,9.7,0.6,0.0,0.0,0.0,0.0,0.0,0.0,0.0,174.6,2026-08-03 12:20:57
draft,Justin Jefferson,MIN,0.0,0.0,0.0,0.0,0.0,1.3,5.5,0.0,98.6,1302.2,6.8,0.3,0.0,0.0,0.0,0.0,0.0,0.0,0.0,171.0,2026-08-03 12:20:57
draft,George Pickens,DAL,0.0,0.0,0.0,0.0,0.0,0.3,-0.3,0.0,82.7,1201.7,8.4,0.5,0.0,0.0,0.0,0.0,0.0,0.0,0.0,169.6,2026-08-03 12:20:57
draft,A.J. Brown,NE,0.0,0.0,0.0,0.0,0.0,0.0,0.0,0.0,88.7,1234.4,7.6,0.3,0.0,0.0,0.0,0.0,0.0,0.0,0.0,168.7,2026-08-03 12:20:57
draft,Brock Bowers,LV,0.0,0.0,0.0,0.0,0.0,0.0,0.0,0.0,96.5,1025.0,7.5,0.2,0.0,0.0,0.0,0.0,0.0,0.0,0.0,147.2,2026-08-03 12:20:57
draft,Trey McBride,ARI,0.0,0.0,0.0,0.0,0.0,0.0,0.0,0.0,109.0,1050.6,6.8,0.2,0.0,0.0,0.0,0.0,0.0,0.0,0.0,145.3,2026-08-03 12:20:57
draft,Colston Loveland,CHI,0.0,0.0,0.0,0.0,0.0,0.0,0.0,0.0,78.1,916.0,6.7,0.2,0.0,0.0,0.0,0.0,0.0,0.0,0.0,131.2,2026-08-03 12:20:57
draft,Tyler Warren,IND,0.0,0.0,0.0,0.0,0.0,0.0,0.0,0.0,82.7,870.9,5.4,0.3,0.0,0.0,0.0,0.0,0.0,0.0,0.0,119.1,2026-08-03 12:20:57
draft,Kyle Pitts Sr.,ATL,0.0,0.0,0.0,0.0,0.0,0.0,0.0,0.0,79.5,881.0,4.7,0.1,0.0,0.0,0.0,0.0,0.0,0.0,0.0,116.2,2026-08-03 12:20:57
draft,Tucker Kraft,GB,0.0,0.0,0.0,0.0,0.0,0.0,0.0,0.0,59.9,770.1,6.4,0.2,0.0,0.0,0.0,0.0,0.0,0.0,0.0,115.0,2026-08-03 12:20:57
draft,Dallas Goedert,PHI,0.0,0.0,0.0,0.0,0.0,0.0,0.0,0.0,65.5,688.8,7.6,0.2,0.0,0.0,0.0,0.0,0.0,0.0,0.0,113.8,2026-08-03 12:20:57
draft,Sam LaPorta,DET,0.0,0.0,0.0,0.0,0.0,0.0,0.0,0.0,69.8,809.4,5.5,0.2,0.0,0.0,0.0,0.0,0.0,0.0,0.0,113.3,2026-08-03 12:20:57
draft,Harold Fannin Jr.,CLE,0.0,0.0,0.0,0.0,0.0,0.0,0.0,0.0,78.3,812.4,5.4,0.8,0.0,0.0,0.0,0.0,0.0,0.0,0.0,112.0,2026-08-03 12:20:57
draft,Travis Kelce,KC,0.0,0.0,0.0,0.0,0.0,0.0,0.0,0.0,74.9,784.2,4.8,0.3,0.0,0.0,0.0,0.0,0.0,0.0,0.0,106.9,2026-08-03 12:20:57
draft,Brandon Aubrey,DAL,0.0,0.0,0.0,0.0,0.0,0.0,0.0,0.0,0.0,0.0,0.0,0.0,0.0,0.0,0.0,0.0,0.0,0.0,0.0,153.0,2026-08-03 12:20:58
draft,Jason Myers,SEA,0.0,0.0,0.0,0.0,0.0,0.0,0.0,0.0,0.0,0.0,0.0,0.0,0.0,0.0,0.0,0.0,0.0,0.0,0.0,150.4,2026-08-03 12:20:58
draft,Cameron Dicker,LAC,0.0,0.0,0.0,0.0,0.0,0.0,0.0,0.0,0.0,0.0,0.0,0.0,0.0,0.0,0.0,0.0,0.0,0.0,0.0,144.1,2026-08-03 12:20:58
draft,Ka'imi Fairbairn,HOU,0.0,0.0,0.0,0.0,0.0,0.0,0.0,0.0,0.0,0.0,0.0,0.0,0.0,0.0,0.0,0.0,0.0,0.0,0.0,144.0,2026-08-03 12:20:58
draft,Harrison Mevis,LAR,0.0,0.0,0.0,0.0,0.0,0.0,0.0,0.0,0.0,0.0,0.0,0.0,0.0,0.0,0.0,0.0,0.0,0.0,0.0,136.9,2026-08-03 12:20:58
draft,Jake Bates,DET,0.0,0.0,0.0,0.0,0.0,0.0,0.0,0.0,0.0,0.0,0.0,0.0,0.0,0.0,0.0,0.0,0.0,0.0,0.0,135.9,2026-08-03 12:20:58
draft,Blake Grupe,IND,0.0,0.0,0.0,0.0,0.0,0.0,0.0,0.0,0.0,0.0,0.0,0.0,0.0,0.0,0.0,0.0,0.0,0.0,0.0,133.4,2026-08-03 12:20:58
draft,Chase McLaughlin,TB,0.0,0.0,0.0,0.0,0.0,0.0,0.0,0.0,0.0,0.0,0.0,0.0,0.0,0.0,0.0,0.0,0.0,0.0,0.0,132.9,2026-08-03 12:20:58
draft,Cairo Santos,CHI,0.0,0.0,0.0,0.0,0.0,0.0,0.0,0.0,0.0,0.0,0.0,0.0,0.0,0.0,0.0,0.0,0.0,0.0,0.0,132.9,2026-08-03 12:20:58
draft,Eddy Pineiro,SF,0.0,0.0,0.0,0.0,0.0,0.0,0.0,0.0,0.0,0.0,0.0,0.0,0.0,0.0,0.0,0.0,0.0,0.0,0.0,132.6,2026-08-03 12:20:58
draft,Texans D/ST,Texans D/ST,0.0,0.0,0.0,0.0,0.0,0.0,0.0,0.0,0.0,0.0,0.0,0.0,48.9,14.8,11.6,2.8,1.0,322.4,5065.1,120.5,2026-08-03 12:20:58
draft,Broncos D/ST,Broncos D/ST,0.0,0.0,0.0,0.0,0.0,0.0,0.0,0.0,0.0,0.0,0.0,0.0,59.7,13.3,8.3,2.4,0.5,318.9,4844.2,118.2,2026-08-03 12:20:58
draft,Steelers D/ST,Steelers D/ST,0.0,0.0,0.0,0.0,0.0,0.0,0.0,0.0,0.0,0.0,0.0,0.0,46.0,13.3,12.8,2.4,0.0,347.8,5453.1,112.8,2026-08-03 12:20:58
draft,Vikings D/ST,Vikings D/ST,0.0,0.0,0.0,0.0,0.0,0.0,0.0,0.0,0.0,0.0,0.0,0.0,49.1,12.6,12.1,2.4,0.0,361.4,5299.5,112.7,2026-08-03 12:20:58
draft,Seahawks D/ST,Seahawks D/ST,0.0,0.0,0.0,0.0,0.0,0.0,0.0,0.0,0.0,0.0,0.0,0.0,46.3,13.6,8.4,3.2,0.5,314.0,5123.4,110.7,2026-08-03 12:20:58
draft,Chargers D/ST,Chargers D/ST,0.0,0.0,0.0,0.0,0.0,0.0,0.0,0.0,0.0,0.0,0.0,0.0,48.6,15.3,8.3,2.0,0.0,366.6,5470.8,107.7,2026-08-03 12:20:58
draft,Bills D/ST,Bills D/ST,0.0,0.0,0.0,0.0,0.0,0.0,0.0,0.0,0.0,0.0,0.0,0.0,42.8,14.9,9.6,2.5,0.5,393.3,5737.9,107.6,2026-08-03 12:20:58
draft,Lions D/ST,Lions D/ST,0.0,0.0,0.0,0.0,0.0,0.0,0.0,0.0,0.0,0.0,0.0,0.0,48.0,13.4,9.3,2.1,0.5,374.9,5461.5,107.3,2026-08-03 12:20:58
draft,Rams D/ST,Rams D/ST,0.0,0.0,0.0,0.0,0.0,0.0,0.0,0.0,0.0,0.0,0.0,0.0,46.3,13.4,9.5,2.3,0.5,347.1,5241.7,107.1,2026-08-03 12:20:58
draft,Falcons D/ST,Falcons D/ST,0.0,0.0,0.0,0.0,0.0,0.0,0.0,0.0,0.0,0.0,0.0,0.0,48.2,12.3,8.4,2.3,0.5,413.2,5546.5,104.3,2026-08-03 12:20:58
