BOL_game_id,week,player_name,position,team,proj_passingYards,proj_passingCompletions,proj_passingTouchdowns,proj_passingAttempts,proj_passingInterceptions,proj_rushingYards,proj_rushingAttempts,proj_receivingYards,proj_receivingReceptions,proj_defensiveTotalTackles,proj_defensiveSacks,proj_defensiveInterceptions,proj_rushingTouchdowns,proj_receivingTouchdowns,BetTimeStamp,NFL_game_id,officialDate,Location
259324,1,Teagan Quitoriano,TE,ATL,,,,,,,,,,,,,0.0,0.05095584692247217,2025-09-03T08:00:25.872997,2025_01_TB_ATL,2025-09-07,Home
259323,1,Tucker Fisk,TE,LAC,,,,,,,,,,,,,0.0,0.05095584692247217,2025-09-03T08:00:25.872997,2025_01_KC_LAC,2025-09-05,Home
259325,1,Stone Smartt,TE,NYJ,,,,,,,,,,,,,0.0,0.05095584692247217,2025-09-03T08:00:25.872997,2025_01_PIT_NYJ,2025-09-07,Home
259334,1,Sione Vaki,RB,DET,,,,,,,,,,,,,0.05095584692247217,0.0,2025-09-03T08:00:25.872997,2025_01_DET_GB,2025-09-07,Away
259334,1,Shane Zylstra,TE,DET,,,,,,,,,,,,,0.0,0.05095584692247217,2025-09-03T08:00:25.872997,2025_01_DET_GB,2025-09-07,Away
259324,1,Feleipe Franks,TE,ATL,,,,,,,,,,,,,0.0,0.05095584692247217,2025-09-03T08:00:25.872997,2025_01_TB_ATL,2025-09-07,Home
259334,1,Ben Sims,TE,GB,,,,,,,,,,,,,0.0,0.061586721946129984,2025-09-03T08:00:25.872997,2025_01_DET_GB,2025-09-07,Home
259336,1,Jackson Hawes,TE,BUF,,,,,,,,,,,,,0.0,0.061586721946129984,2025-09-03T08:00:25.872997,2025_01_BAL_BUF,2025-09-07,Home
259328,1,Chris Manhertz,TE,NYG,,,,,,,,,,,,,0.0,0.061586721946129984,2025-09-03T08:00:25.872997,2025_01_NYG_WAS,2025-09-07,Away
259326,1,Drew Ogletree,TE,IND,,,,,,,,,,,,,0.0,0.061586721946129984,2025-09-03T08:00:25.872997,2025_01_MIA_IND,2025-09-07,Home
259325,1,Kene Nwangwu,RB,NYJ,,,,,,,,,,,,,0.061586721946129984,0.0,2025-09-03T08:00:25.872997,2025_01_PIT_NYJ,2025-09-07,Home
259337,1,Durham Smythe,TE,CHI,,,,,,,,,,,,,0.0,0.061586721946129984,2025-09-03T08:00:25.872997,2025_01_MIN_CHI,2025-09-08,Home
259329,1,Velus Jones Jr.,WR,NO,,,,,,,,,,,,,0.0,0.061586721946129984,2025-09-03T08:00:25.872997,2025_01_ARI_NO,2025-09-07,Home
259326,1,Will Mallory,TE,IND,,,,,,,,,,,,,0.0,0.061586721946129984,2025-09-03T08:00:25.872997,2025_01_MIA_IND,2025-09-07,Home
259331,1,Dylan Laube,RB,LV,,,,,,,,,,,,,0.061586721946129984,0.0,2025-09-03T08:00:25.872997,2025_01_LV_NE,2025-09-07,Away
259337,1,Myles Price,WR,MIN,,,,,,,,,,,,,0.0,0.061586721946129984,2025-09-03T08:00:25.872997,2025_01_MIN_CHI,2025-09-08,Away
259332,1,Cody White,WR,SEA,,,,,,,,,,,,,0.0,0.061586721946129984,2025-09-03T08:00:25.872997,2025_01_SF_SEA,2025-09-07,Home
259322,1,Kylen Granson,TE,PHI,,,,,,,,,,,,,0.0,0.061586721946129984,2025-09-03T08:00:25.872997,2025_01_DAL_PHI,2025-09-04,Home
259322,1,Brevyn Spann-Ford,TE,DAL,,,,,,,,,,,,,0.0,0.061586721946129984,2025-09-03T08:00:25.872997,2025_01_DAL_PHI,2025-09-04,Away
259325,1,Connor Heyward,TE,PIT,,,,,,,,,,,,,0.0,0.061586721946129984,2025-09-03T08:00:25.872997,2025_01_PIT_NYJ,2025-09-07,Away
259335,1,Xavier Smith,WR,LA,,,,,,,,,,,,,0.0,0.061586721946129984,2025-09-03T08:00:25.872997,2025_01_HOU_LA,2025-09-07,Home
259325,1,Xavier Gipson,WR,NYJ,,,,,,,,,,,,,0.0,0.061586721946129984,2025-09-03T08:00:25.872997,2025_01_PIT_NYJ,2025-09-07,Home
259329,1,Mason Tipton,WR,NO,,,,,,,,,,,,,0.0,0.061586721946129984,2025-09-03T08:00:25.872997,2025_01_ARI_NO,2025-09-07,Home
259333,1,Chimere Dike,WR,TEN,,,,,,,,,,,,,0.0,0.061586721946129984,2025-09-03T08:00:25.872997,2025_01_TEN_DEN,2025-09-07,Away
259330,1,Mitchell Tinsley,WR,CIN,,,,,,,,,,,,,0.0,0.061586721946129984,2025-09-03T08:00:25.872997,2025_01_CIN_CLE,2025-09-07,Away
259325,1,Arian Smith,WR,NYJ,,,,,,,,,,,,,0.0,0.061586721946129984,2025-09-03T08:00:25.872997,2025_01_PIT_NYJ,2025-09-07,Home
259335,1,Braxton Berrios,WR,HOU,,,,,,,,,,,,,0.0,0.061586721946129984,2025-09-03T08:00:25.872997,2025_01_HOU_LA,2025-09-07,Away
259331,1,Ian Thomas,TE,LV,,,,,,,,,,,,,0.0,0.061586721946129984,2025-09-03T08:00:25.872997,2025_01_LV_NE,2025-09-07,Away
259334,1,John FitzPatrick,TE,GB,,,,,,,,,,,,,0.0,0.061586721946129984,2025-09-03T08:00:25.872997,2025_01_DET_GB,2025-09-07,Home
259334,1,Craig Reynolds,RB,DET,,,,,,,,,,,,,0.061586721946129984,0.0,2025-09-03T08:00:25.872997,2025_01_DET_GB,2025-09-07,Away
259323,1,Derius Davis,WR,LAC,,,,,,,,,,,,,0.0,0.06788682370077719,2025-09-03T08:00:25.872997,2025_01_KC_LAC,2025-09-05,Home
259332,1,Robbie Ouzts,FB,SEA,,,,,,,,,,,,,0.0,0.0,2025-09-03T08:00:25.872997,2025_01_SF_SEA,2025-09-07,Home
259332,1,Jake Tonges,TE,SF,,,,,,,,,,,,,0.0,0.06788682370077719,2025-09-03T08:00:25.872997,2025_01_SF_SEA,2025-09-07,Away
259335,1,Davis Allen,TE,LA,,,,,,,,,,,,,0.0,0.06788682370077719,2025-09-03T08:00:25.872997,2025_01_HOU_LA,2025-09-07,Home
259326,1,Alec Ingold,FB,MIA,,,,,,,,,,,,,0.0,0.0,2025-09-03T08:00:25.872997,2025_01_MIA_IND,2025-09-07,Away
259330,1,Blake Whiteheart,TE,CLE,,,,,,,,,,,,,0.0,0.06788682370077719,2025-09-03T08:00:25.872997,2025_01_CIN_CLE,2025-09-07,Home
259323,1,Jared Wiley,TE,KC,,,,,,,,,,,,,0.0,0.06788682370077719,2025-09-03T08:00:25.872997,2025_01_KC_LAC,2025-09-05,Away
259332,1,George Holani,RB,SEA,,,,,,,,,,,,,0.06788682370077719,0.0,2025-09-03T08:00:25.872997,2025_01_SF_SEA,2025-09-07,Home
259333,1,David Martin-Robinson,TE,TEN,,,,,,,,,,,,,0.0,0.06788682370077719,2025-09-03T08:00:25.872997,2025_01_TEN_DEN,2025-09-07,Away
259322,1,Hunter Luepke,RB,DAL,,,,,,,,,,,,,0.06788682370077719,0.0,2025-09-03T08:00:25.872997,2025_01_DAL_PHI,2025-09-04,Away
259337,1,Devin Duvernay,WR,CHI,,,,,,,,,,,,,0.0,0.06788682370077719,2025-09-03T08:00:25.872997,2025_01_MIN_CHI,2025-09-08,Home
259332,1,Dareke Young,WR,SEA,,,,,,,,,,,,,0.0,0.06788682370077719,2025-09-03T08:00:25.872997,2025_01_SF_SEA,2025-09-07,Home
259332,1,Eric Saubert,TE,SEA,,,,,,,,,,,,,0.0,0.06788682370077719,2025-09-03T08:00:25.872997,2025_01_SF_SEA,2025-09-07,Home
259335,1,Justin Watson,WR,HOU,,,,,,,,,,,,,0.0,0.06788682370077719,2025-09-03T08:00:25.872997,2025_01_HOU_LA,2025-09-07,Away
259333,1,Tyler Badie,RB,DEN,,,,,,,,,,,,,0.07988991590188918,0.0,2025-09-03T08:00:25.872997,2025_01_TEN_DEN,2025-09-07,Home
259335,1,Konata Mumpfield,WR,LA,,,,,,,,,,,,,0.0,0.07988991590188918,2025-09-03T08:00:25.872997,2025_01_HOU_LA,2025-09-07,Home
259330,1,Joe Flacco,QB,CLE,254.125,22.36,1.2,34.84499999999999,0.715,,,,,,,,0.07988991590188918,0.0,2025-09-03T08:00:25.872997,2025_01_CIN_CLE,2025-09-07,Home
259336,1,Reggie Gilliam,FB,BUF,,,,,,,,,,,,,0.0,0.0,2025-09-03T08:00:25.872997,2025_01_BAL_BUF,2025-09-07,Home
259330,1,Charlie Jones,WR,CIN,,,,,,,,,,,,,0.0,0.07988991590188918,2025-09-03T08:00:25.872997,2025_01_CIN_CLE,2025-09-07,Away
259336,1,Patrick Ricard,FB,BAL,,,,,,,,,,,,,0.0,0.0,2025-09-03T08:00:25.872997,2025_01_BAL_BUF,2025-09-07,Away
259329,1,Tip Reiman,TE,ARI,,,,,,,,,,,,,0.0,0.07988991590188918,2025-09-03T08:00:25.872997,2025_01_ARI_NO,2025-09-07,Away
259322,1,John Metchie III,WR,PHI,,,,,,,,,,,,,0.0,0.07988991590188918,2025-09-03T08:00:25.872997,2025_01_DAL_PHI,2025-09-04,Home
259327,1,Johnny Mundt,TE,JAX,,,,,,,,,,,,,0.0,0.07988991590188918,2025-09-03T08:00:25.872997,2025_01_CAR_JAX,2025-09-07,Home
259327,1,James Mitchell,TE,CAR,,,,,,,,,,,,,0.0,0.07988991590188918,2025-09-03T08:00:25.872997,2025_01_CAR_JAX,2025-09-07,Away
259324,1,Charlie Woerner,TE,ATL,,,,,,,,,,,,,0.0,0.07988991590188918,2025-09-03T08:00:25.872997,2025_01_TB_ATL,2025-09-07,Home
259336,1,Rasheen Ali,RB,BAL,,,,,,,,,,,,,0.07988991590188918,0.0,2025-09-03T08:00:25.872997,2025_01_BAL_BUF,2025-09-07,Away
259323,1,Nikko Remigio,WR,KC,,,,,,,,,,,,,0.0,0.07988991590188918,2025-09-03T08:00:25.872997,2025_01_KC_LAC,2025-09-05,Away
259324,1,Kameron Johnson,WR,TB,,,,,,,,,,,,,0.0,0.07988991590188918,2025-09-03T08:00:25.872997,2025_01_TB_ATL,2025-09-07,Away
259324,1,Nate Carter,RB,ATL,,,,,,,,,,,,,0.07988991590188918,0.0,2025-09-03T08:00:25.872997,2025_01_TB_ATL,2025-09-07,Home
259322,1,Grant Calcaterra,TE,PHI,,,,,,,,,,,,,0.0,0.07988991590188918,2025-09-03T08:00:25.872997,2025_01_DAL_PHI,2025-09-04,Home
259330,1,Cam Grandy,TE,CIN,,,,,,,,,,,,,0.0,0.07988991590188918,2025-09-03T08:00:25.872997,2025_01_CIN_CLE,2025-09-07,Away
259337,1,Ty Chandler,RB,MIN,,,,,,,,,,,,,0.07988991590188918,0.0,2025-09-03T08:00:25.872997,2025_01_MIN_CHI,2025-09-08,Away
259336,1,LaJohntay Wester,WR,BAL,,,,,,,,,,,,,0.0,0.07988991590188918,2025-09-03T08:00:25.872997,2025_01_BAL_BUF,2025-09-07,Away
259326,1,Ashton Dulin,WR,IND,,,,,,,,,,,,,0.0,0.07988991590188918,2025-09-03T08:00:25.872997,2025_01_MIA_IND,2025-09-07,Home
259334,1,Bo Melton,WR,GB,,,,,,,,,,,,,0.0,0.07988991590188918,2025-09-03T08:00:25.872997,2025_01_DET_GB,2025-09-07,Home
259328,1,John Bates,TE,WAS,,,,,,,,,,,,,0.0,0.08593895096306503,2025-09-03T08:00:25.872997,2025_01_NYG_WAS,2025-09-07,Home
259327,1,Mitchell Evans,TE,CAR,,,,,,,,,,,,,0.0,0.08593895096306503,2025-09-03T08:00:25.872997,2025_01_CAR_JAX,2025-09-07,Away
259324,1,Jamal Agnew,WR,ATL,,,,,,,,,,,,,0.0,0.08593895096306503,2025-09-03T08:00:25.872997,2025_01_TB_ATL,2025-09-07,Home
259331,1,Jack Westover,TE,NE,,,,,,,,,,,,,0.0,0.08593895096306503,2025-09-03T08:00:25.872997,2025_01_LV_NE,2025-09-07,Home
259334,1,Jared Goff,QB,DET,241.5,23.327500000000004,1.3575,33.15,0.47500000000000014,,,,,,,,0.08593895096306503,0.0,2025-09-03T08:00:25.872997,2025_01_DET_GB,2025-09-07,Away
259322,1,Darius Cooper,WR,PHI,,,,,,,,,,,,,0.0,0.08593895096306503,2025-09-03T08:00:25.872997,2025_01_DAL_PHI,2025-09-04,Home
259326,1,Anthony Gould,WR,IND,,,,,,,,,,,,,0.0,0.08593895096306503,2025-09-03T08:00:25.872997,2025_01_MIA_IND,2025-09-07,Home
259335,1,Matthew Stafford,QB,LA,240.5,24.907500000000002,1.4400000000000002,36.2375,0.5475,,,,,,,,0.08593895096306503,0.0,2025-09-03T08:00:25.872997,2025_01_HOU_LA,2025-09-07,Home
259332,1,Luke Farrell,TE,SF,,,,,,,,,,,,,0.0,0.08593895096306503,2025-09-03T08:00:25.872997,2025_01_SF_SEA,2025-09-07,Away
259329,1,Devin Neal,RB,NO,,,,,,,,,,,,,0.08593895096306503,0.0,2025-09-03T08:00:25.872997,2025_01_ARI_NO,2025-09-07,Home
259324,1,Ko Kieft,TE,TB,,,,,,,,,,,,,0.0,0.08593895096306503,2025-09-03T08:00:25.872997,2025_01_TB_ATL,2025-09-07,Away
259324,1,Ryan Miller,WR,TB,,,,,,,,,,,,,0.0,0.08593895096306503,2025-09-03T08:00:25.872997,2025_01_TB_ATL,2025-09-07,Away
259328,1,Luke McCaffrey,WR,WAS,,,,,,,,,,,,,0.0,0.08593895096306503,2025-09-03T08:00:25.872997,2025_01_NYG_WAS,2025-09-07,Home
259330,1,Drew Sample,TE,CIN,,,,,,,,,,,,,0.0,0.08593895096306503,2025-09-03T08:00:25.872997,2025_01_CIN_CLE,2025-09-07,Away
259326,1,Tanner Conner,TE,MIA,,,,,,,,,,,,,0.0,0.09842850818946436,2025-09-03T08:00:25.872997,2025_01_MIA_IND,2025-09-07,Away
259329,1,Xavier Weaver,WR,ARI,,,,,,,,,,,,,0.0,0.09842850818946436,2025-09-03T08:00:25.872997,2025_01_ARI_NO,2025-09-07,Away
259331,1,Jack Bech,WR,LV,,,,,,,,,,,,,0.0,0.09842850818946436,2025-09-03T08:00:25.872997,2025_01_LV_NE,2025-09-07,Away
259336,1,Devontez Walker,WR,BAL,,,,,,,,,,,,,0.0,0.09842850818946436,2025-09-03T08:00:25.872997,2025_01_BAL_BUF,2025-09-07,Away
259327,1,Hunter Long,TE,JAX,,,,,,,,,,,,,0.0,0.09842850818946436,2025-09-03T08:00:25.872997,2025_01_CAR_JAX,2025-09-07,Home
259328,1,Daniel Bellinger,TE,NYG,,,,,,,,,,,,,0.0,0.09842850818946436,2025-09-03T08:00:25.872997,2025_01_NYG_WAS,2025-09-07,Away
259325,1,Ben Skowronek,WR,PIT,,,,,,,,,,,,,0.0,0.09842850818946436,2025-09-03T08:00:25.872997,2025_01_PIT_NYJ,2025-09-07,Away
259336,1,Tyrell Shavers,WR,BUF,,,,,,,,,,,,,0.0,0.09842850818946436,2025-09-03T08:00:25.872997,2025_01_BAL_BUF,2025-09-07,Home
259325,1,Aaron Rodgers,QB,PIT,200.47500000000008,20.279999999999998,0.7949999999999999,28.822499999999994,0.4050000000000001,,,,,,,,0.09842850818946436,0.0,2025-09-03T08:00:25.872997,2025_01_PIT_NYJ,2025-09-07,Away
259331,1,Zamir White,RB,LV,,,,,,,,,,,,,0.09842850818946436,0.0,2025-09-03T08:00:25.872997,2025_01_LV_NE,2025-09-07,Away
259333,1,Nate Adkins,TE,DEN,,,,,,,,,,,,,0.0,0.09842850818946436,2025-09-03T08:00:25.872997,2025_01_TEN_DEN,2025-09-07,Home
259328,1,Ben Sinnott,TE,WAS,,,,,,,,,,,,,0.0,0.09842850818946436,2025-09-03T08:00:25.872997,2025_01_NYG_WAS,2025-09-07,Home
259325,1,Scotty Miller,WR,PIT,,,,,,,,,,,,,0.0,0.09842850818946436,2025-09-03T08:00:25.872997,2025_01_PIT_NYJ,2025-09-07,Away
259331,1,Efton Chism III,WR,NE,,,,,,,,,,,,,0.0,0.09842850818946436,2025-09-03T08:00:25.872997,2025_01_LV_NE,2025-09-07,Home
259334,1,Brock Wright,TE,DET,,,,,,,,,,,,,0.0,0.09842850818946436,2025-09-03T08:00:25.872997,2025_01_DET_GB,2025-09-07,Away
259332,1,Jordan James,RB,SF,,,,,,,,,,,,,0.09842850818946436,0.0,2025-09-03T08:00:25.872997,2025_01_SF_SEA,2025-09-07,Away
259325,1,Isaiah Davis,RB,NYJ,,,,,,,,,,,,,0.09842850818946436,0.0,2025-09-03T08:00:25.872997,2025_01_PIT_NYJ,2025-09-07,Home
259336,1,Tylan Wallace,WR,BAL,,,,,,,,,,,,,0.0,0.09842850818946436,2025-09-03T08:00:25.872997,2025_01_BAL_BUF,2025-09-07,Away
259331,1,Kyle Williams,WR,NE,,,,,,,,,,,,,0.0,0.09842850818946436,2025-09-03T08:00:25.872997,2025_01_LV_NE,2025-09-07,Home
259329,1,Elijah Higgins,TE,ARI,,,,,,,,,,,,,0.0,0.09842850818946436,2025-09-03T08:00:25.872997,2025_01_ARI_NO,2025-09-07,Away
259322,1,Luke Schoonmaker,TE,DAL,,,,,,,,,,,,,0.0,0.1076489211695533,2025-09-03T08:00:25.872997,2025_01_DAL_PHI,2025-09-04,Away
259333,1,Lucas Krull,TE,DEN,,,,,,,,,,,,,0.0,0.1076489211695533,2025-09-03T08:00:25.872997,2025_01_TEN_DEN,2025-09-07,Home
259332,1,Kyle Juszczyk,FB,SF,,,,,,,,,,,,,0.0,0.0,2025-09-03T08:00:25.872997,2025_01_SF_SEA,2025-09-07,Away
259326,1,Tua Tagovailoa,QB,MIA,225.54749999999996,26.2025,1.3275000000000001,33.83499999999999,0.5249999999999999,,,,,,,,0.1076489211695533,0.0,2025-09-03T08:00:25.872997,2025_01_MIA_IND,2025-09-07,Away
259326,1,Mo Alie-Cox,TE,IND,,,,,,,,,,,,,0.0,0.1076489211695533,2025-09-03T08:00:25.872997,2025_01_MIA_IND,2025-09-07,Home
259333,1,Gunnar Helm,TE,TEN,,,,,,,,,,,,,0.0,0.1076489211695533,2025-09-03T08:00:25.872997,2025_01_TEN_DEN,2025-09-07,Away
259325,1,Jeremy Ruckert,TE,NYJ,,,,,,,,,,,,,0.0,0.1076489211695533,2025-09-03T08:00:25.872997,2025_01_PIT_NYJ,2025-09-07,Home
259329,1,Emari Demercado,RB,ARI,,,,,,,,,,,,,0.1076489211695533,0.0,2025-09-03T08:00:25.872997,2025_01_ARI_NO,2025-09-07,Away
259334,1,Dominic Lovett,WR,DET,,,,,,,,,,,,,0.0,0.1076489211695533,2025-09-03T08:00:25.872997,2025_01_DET_GB,2025-09-07,Away
259325,1,Darnell Washington,TE,PIT,,,,,,,,,,,,,0.0,0.1076489211695533,2025-09-03T08:00:25.872997,2025_01_PIT_NYJ,2025-09-07,Away
259335,1,Colby Parkinson,TE,LA,,,,,,,,,,,,,0.0,0.1076489211695533,2025-09-03T08:00:25.872997,2025_01_HOU_LA,2025-09-07,Home
259335,1,Dare Ogunbowale,RB,HOU,,,,,,,,,,,,,0.1076489211695533,0.0,2025-09-03T08:00:25.872997,2025_01_HOU_LA,2025-09-07,Away
259330,1,Tanner Hudson,TE,CIN,,,,,,,,,,,,,0.0,0.1076489211695533,2025-09-03T08:00:25.872997,2025_01_CIN_CLE,2025-09-07,Away
259331,1,Antonio Gibson,RB,NE,,,,,,,,,,,,,0.1076489211695533,0.0,2025-09-03T08:00:25.872997,2025_01_LV_NE,2025-09-07,Home
259327,1,LeQuint Allen,RB,JAX,,,,,,,,,,,,,0.11747512437810946,0.0,2025-09-03T08:00:25.872997,2025_01_CAR_JAX,2025-09-07,Home
259335,1,Cade Stover,TE,HOU,,,,,,,,,,,,,0.0,0.11747512437810946,2025-09-03T08:00:25.872997,2025_01_HOU_LA,2025-09-07,Away
259330,1,Tahj Brooks,RB,CIN,,,,,,,,,,,,,0.11747512437810946,0.0,2025-09-03T08:00:25.872997,2025_01_CIN_CLE,2025-09-07,Away
259333,1,Adam Trautman,TE,DEN,,,,,,,,,,,,,0.0,0.11747512437810946,2025-09-03T08:00:25.872997,2025_01_TEN_DEN,2025-09-07,Home
259325,1,Allen Lazard,WR,NYJ,,,,,,,,,,,,,0.0,0.11747512437810946,2025-09-03T08:00:25.872997,2025_01_PIT_NYJ,2025-09-07,Home
259323,1,Elijah Mitchell,RB,KC,,,,,,,,,,,,,0.11747512437810946,0.0,2025-09-03T08:00:25.872997,2025_01_KC_LAC,2025-09-05,Away
259334,1,Malik Heath,WR,GB,,,,,,,,,,,,,0.0,0.11747512437810946,2025-09-03T08:00:25.872997,2025_01_DET_GB,2025-09-07,Home
259327,1,Trevor Etienne,RB,CAR,,,,,,,,,,,,,0.11747512437810946,0.0,2025-09-03T08:00:25.872997,2025_01_CAR_JAX,2025-09-07,Away
259336,1,Curtis Samuel,WR,BUF,,,,,,,,,,,,,0.0,0.11747512437810946,2025-09-03T08:00:25.872997,2025_01_BAL_BUF,2025-09-07,Home
259325,1,Josh Reynolds,WR,NYJ,,,,,,,,,,,,,0.0,0.11747512437810946,2025-09-03T08:00:25.872997,2025_01_PIT_NYJ,2025-09-07,Home
259333,1,Julius Chestnut,RB,TEN,,,,,,,,,,,,,0.11747512437810946,0.0,2025-09-03T08:00:25.872997,2025_01_TEN_DEN,2025-09-07,Away
259335,1,Jarquez Hunter,RB,LA,,,,,,,,,,,,,0.11747512437810946,0.0,2025-09-03T08:00:25.872997,2025_01_HOU_LA,2025-09-07,Home
259327,1,Jimmy Horn Jr.,WR,CAR,,,,,,,,,,,,,0.0,0.11747512437810946,2025-09-03T08:00:25.872997,2025_01_CAR_JAX,2025-09-07,Away
259335,1,Jaylin Noel,WR,HOU,,,,,,,,,,,,,0.0,0.11747512437810946,2025-09-03T08:00:25.872997,2025_01_HOU_LA,2025-09-07,Away
259333,1,Van Jefferson,WR,TEN,,,,,,,,,,,,,0.0,0.11747512437810946,2025-09-03T08:00:25.872997,2025_01_TEN_DEN,2025-09-07,Away
259332,1,Sam Darnold,QB,SEA,205.5,20.474999999999994,1.0125000000000002,29.5,0.5249999999999999,9.69,,,,,,,0.13037194977493483,0.0,2025-09-03T08:00:25.872997,2025_01_SF_SEA,2025-09-07,Home
259322,1,Jahan Dotson,WR,PHI,,,,,,,,7.874999999999998,,,,,0.0,0.13037194977493483,2025-09-03T08:00:25.872997,2025_01_DAL_PHI,2025-09-04,Home
259328,1,Jalin Hyatt,WR,NYG,,,,,,,,,,,,,0.0,0.13037194977493483,2025-09-03T08:00:25.872997,2025_01_NYG_WAS,2025-09-07,Away
259330,1,DeAndre Carter,WR,CLE,,,,,,,,,,,,,0.0,0.13037194977493483,2025-09-03T08:00:25.872997,2025_01_CIN_CLE,2025-09-07,Home
259333,1,Jaleel McLaughlin,RB,DEN,,,,,,,,,,,,,0.13037194977493483,0.0,2025-09-03T08:00:25.872997,2025_01_TEN_DEN,2025-09-07,Home
259326,1,Tyler Goodson,RB,IND,,,,,,,,,,,,,0.13037194977493483,0.0,2025-09-03T08:00:25.872997,2025_01_MIA_IND,2025-09-07,Home
259332,1,Isaac Guerendo,RB,SF,,,,,,,,,,,,,0.13037194977493483,0.0,2025-09-03T08:00:25.872997,2025_01_SF_SEA,2025-09-07,Away
259326,1,Dee Eskridge,WR,MIA,,,,,,,,,,,,,0.0,0.13037194977493483,2025-09-03T08:00:25.872997,2025_01_MIA_IND,2025-09-07,Away
259324,1,Casey Washington,WR,ATL,,,,,,,,,,,,,0.0,0.13037194977493483,2025-09-03T08:00:25.872997,2025_01_TB_ATL,2025-09-07,Home
259323,1,Hassan Haskins,RB,LAC,,,,,,,,,,,,,0.13037194977493483,0.0,2025-09-03T08:00:25.872997,2025_01_KC_LAC,2025-09-05,Home
259335,1,Jordan Whittington,WR,LA,,,,,,,,,,,,,0.0,0.13037194977493483,2025-09-03T08:00:25.872997,2025_01_HOU_LA,2025-09-07,Home
259334,1,Kalif Raymond,WR,DET,,,,,,,,,,,,,0.0,0.13037194977493483,2025-09-03T08:00:25.872997,2025_01_DET_GB,2025-09-07,Away
259335,1,Terrance Ferguson,TE,LA,,,,,,,,,,,,,0.0,0.13037194977493483,2025-09-03T08:00:25.872997,2025_01_HOU_LA,2025-09-07,Home
259334,1,Savion Williams,WR,GB,,,,,,,,,,,,,0.0,0.13037194977493483,2025-09-03T08:00:25.872997,2025_01_DET_GB,2025-09-07,Home
259324,1,KhaDarel Hodge,WR,ATL,,,,,,,,,,,,,0.0,0.13037194977493483,2025-09-03T08:00:25.872997,2025_01_TB_ATL,2025-09-07,Home
259336,1,Ty Johnson,RB,BUF,,,,,,,,,,,,,0.13037194977493483,0.0,2025-09-03T08:00:25.872997,2025_01_BAL_BUF,2025-09-07,Home
259336,1,Keaton Mitchell,RB,BAL,,,,,,,,,,,,,0.13037194977493483,0.0,2025-09-03T08:00:25.872997,2025_01_BAL_BUF,2025-09-07,Away
259333,1,Kalel Mullings,RB,TEN,,,,,,,,,,,,,0.13037194977493483,0.0,2025-09-03T08:00:25.872997,2025_01_TEN_DEN,2025-09-07,Away
259336,1,Elijah Moore,WR,BUF,,,,,,,,,,,,,0.0,0.13037194977493483,2025-09-03T08:00:25.872997,2025_01_BAL_BUF,2025-09-07,Home
259329,1,Brandin Cooks,WR,NO,,,,,,,,,,,,,0.0,0.13800679858625425,2025-09-03T08:00:25.872997,2025_01_ARI_NO,2025-09-07,Home
259329,1,Greg Dortch,WR,ARI,,,,,,,,,,,,,0.0,0.13800679858625425,2025-09-03T08:00:25.872997,2025_01_ARI_NO,2025-09-07,Away
259324,1,Michael Penix Jr.,QB,ATL,236.8449999999999,19.242499999999996,1.1400000000000001,30.652499999999993,0.575,3.5,,,,,,,0.13800679858625425,0.0,2025-09-03T08:00:25.872997,2025_01_TB_ATL,2025-09-07,Home
259328,1,Devin Singletary,RB,NYG,,,,,,,,,,,,,0.13800679858625425,0.0,2025-09-03T08:00:25.872997,2025_01_NYG_WAS,2025-09-07,Away
259323,1,KeAndre Lambert-Smith,WR,LAC,,,,,,,,,,,,,0.0,0.13800679858625425,2025-09-03T08:00:25.872997,2025_01_KC_LAC,2025-09-05,Home
259327,1,David Moore,WR,CAR,,,,,,,,,,,,,0.0,0.13800679858625425,2025-09-03T08:00:25.872997,2025_01_CAR_JAX,2025-09-07,Away
259331,1,Michael Mayer,TE,LV,,,,,,,,,,,,,0.0,0.13800679858625425,2025-09-03T08:00:25.872997,2025_01_LV_NE,2025-09-07,Away
259331,1,Raheem Mostert,RB,LV,,,,,,,,,,,,,0.13800679858625425,0.0,2025-09-03T08:00:25.872997,2025_01_LV_NE,2025-09-07,Away
259323,1,Tre Harris,WR,LAC,,,,,,,,,,,,,0.0,0.13800679858625425,2025-09-03T08:00:25.872997,2025_01_KC_LAC,2025-09-05,Home
259328,1,Russell Wilson,QB,NYG,215.32500000000007,20.279999999999998,0.6749999999999999,28.5075,0.4474999999999999,8.245000000000001,,,,,,,0.13800679858625425,0.0,2025-09-03T08:00:25.872997,2025_01_NYG_WAS,2025-09-07,Away
259332,1,Jake Bobo,WR,SEA,,,,,,,,,,,,,0.0,0.13800679858625425,2025-09-03T08:00:25.872997,2025_01_SF_SEA,2025-09-07,Home
259324,1,Devin Culp,TE,TB,,,,,,,,,,,,,0.0,0.14664179104477612,2025-09-03T08:00:25.872997,2025_01_TB_ATL,2025-09-07,Away
259322,1,Dak Prescott,QB,DAL,248.5,22.795000000000005,1.2375,40.6975,0.6325000000000001,6.24,,,,,,,0.14664179104477612,0.0,2025-09-03T08:00:25.872997,2025_01_DAL_PHI,2025-09-04,Away
259331,1,Mack Hollins,WR,NE,,,,,,,,,,,,,0.0,0.14664179104477612,2025-09-03T08:00:25.872997,2025_01_LV_NE,2025-09-07,Home
259330,1,Noah Fant,TE,CIN,,,,,,,,,,,,,0.0,0.14664179104477612,2025-09-03T08:00:25.872997,2025_01_CIN_CLE,2025-09-07,Away
259323,1,Will Dissly,TE,LAC,,,,,,,,17.5,1.3374999999999995,,,,0.0,0.14664179104477612,2025-09-03T08:00:25.872997,2025_01_KC_LAC,2025-09-05,Home
259334,1,Luke Musgrave,TE,GB,,,,,,,,,,,,,0.0,0.14664179104477612,2025-09-03T08:00:25.872997,2025_01_DET_GB,2025-09-07,Home
259337,1,Caleb Williams,QB,CHI,220.68499999999992,21.32,1.1400000000000001,32.76,0.5,23.5,,,,,,,0.15649027589326095,0.0,2025-09-03T08:00:25.872997,2025_01_MIN_CHI,2025-09-08,Home
259334,1,Emanuel Wilson,RB,GB,,,,,,,,,,,,,0.15649027589326095,0.0,2025-09-03T08:00:25.872997,2025_01_DET_GB,2025-09-07,Home
259331,1,Kayshon Boutte,WR,NE,,,,,,,,,,,,,0.0,0.15649027589326095,2025-09-03T08:00:25.872997,2025_01_LV_NE,2025-09-07,Home
259335,1,C.J. Stroud,QB,HOU,233.5,19.475000000000005,1.1175,33.07499999999999,0.43499999999999994,11.385000000000003,,,,,,,0.15649027589326095,0.0,2025-09-03T08:00:25.872997,2025_01_HOU_LA,2025-09-07,Away
259336,1,Charlie Kolar,TE,BAL,,,,,,,,,,,,,0.0,0.15649027589326095,2025-09-03T08:00:25.872997,2025_01_BAL_BUF,2025-09-07,Away
259322,1,KaVontae Turpin,WR,DAL,,,,,,,,,,,,,0.0,0.15649027589326095,2025-09-03T08:00:25.872997,2025_01_DAL_PHI,2025-09-04,Away
259322,1,Will Shipley,RB,PHI,,,,,,,,,,,,,0.15649027589326095,0.0,2025-09-03T08:00:25.872997,2025_01_DAL_PHI,2025-09-04,Home
259334,1,Chris Brooks,RB,GB,,,,,,,,,,,,,0.15649027589326095,0.0,2025-09-03T08:00:25.872997,2025_01_DET_GB,2025-09-07,Home
259324,1,Tez Johnson,WR,TB,,,,,,,,,,,,,0.0,0.15649027589326095,2025-09-03T08:00:25.872997,2025_01_TB_ATL,2025-09-07,Away
259335,1,Woody Marks,RB,HOU,,,,,,,,,,,,,0.15649027589326095,0.0,2025-09-03T08:00:25.872997,2025_01_HOU_LA,2025-09-07,Away
259337,1,Tai Felton,WR,MIN,,,,,,,,,,,,,0.0,0.15649027589326095,2025-09-03T08:00:25.872997,2025_01_MIN_CHI,2025-09-08,Away
259331,1,Geno Smith,QB,LV,233.07,19.574999999999996,0.8699999999999999,30.317500000000003,0.575,9.902500000000002,,,,,,,0.15649027589326095,0.0,2025-09-03T08:00:25.872997,2025_01_LV_NE,2025-09-07,Away
259337,1,Cole Kmet,TE,CHI,,,,,,,,,,,,,0.0,0.15649027589326095,2025-09-03T08:00:25.872997,2025_01_MIN_CHI,2025-09-08,Home
259337,1,Josh Oliver,TE,MIN,,,,,,,,,,,,,0.0,0.15649027589326095,2025-09-03T08:00:25.872997,2025_01_MIN_CHI,2025-09-08,Away
259334,1,Jordan Love,QB,GB,234.5,19.68,1.395,31.11,0.4425,5.5,,,,,,,0.1678322672352523,0.0,2025-09-03T08:00:25.872997,2025_01_DET_GB,2025-09-07,Home
259337,1,J.J. McCarthy,QB,MIN,220.5,19.68,1.1400000000000001,31.5,0.5,16.005000000000003,,,,,,,0.1678322672352523,0.0,2025-09-03T08:00:25.872997,2025_01_MIN_CHI,2025-09-08,Away
259322,1,Jaydon Blue,RB,DAL,,,,,,,,,,,,,0.1678322672352523,0.0,2025-09-03T08:00:25.872997,2025_01_DAL_PHI,2025-09-04,Away
259324,1,Sean Tucker,RB,TB,,,,,,,,,,,,,0.1678322672352523,0.0,2025-09-03T08:00:25.872997,2025_01_TB_ATL,2025-09-07,Away
259333,1,Elic Ayomanor,WR,TEN,,,,,,,,,,,,,0.0,0.1678322672352523,2025-09-03T08:00:25.872997,2025_01_TEN_DEN,2025-09-07,Away
259329,1,Kendre Miller,RB,NO,,,,,,,,,,,,,0.1678322672352523,0.0,2025-09-03T08:00:25.872997,2025_01_ARI_NO,2025-09-07,Home
259329,1,Zay Jones,WR,ARI,,,,,,,,,,,,,0.0,0.1678322672352523,2025-09-03T08:00:25.872997,2025_01_ARI_NO,2025-09-07,Away
259332,1,Elijah Arroyo,TE,SEA,,,,,,,,,,,,,0.0,0.1678322672352523,2025-09-03T08:00:25.872997,2025_01_SF_SEA,2025-09-07,Home
259331,1,Austin Hooper,TE,NE,,,,,,,,,,,,,0.0,0.1678322672352523,2025-09-03T08:00:25.872997,2025_01_LV_NE,2025-09-07,Home
259323,1,Brashard Smith,RB,KC,,,,,,,,,,,,,0.1678322672352523,0.0,2025-09-03T08:00:25.872997,2025_01_KC_LAC,2025-09-05,Away
259330,1,Jermaine Burton,WR,CIN,,,,,,,,,,,,,0.0,0.1678322672352523,2025-09-03T08:00:25.872997,2025_01_CIN_CLE,2025-09-07,Away
259333,1,Cameron Ward,QB,TEN,193.5,20.084999999999997,0.2849999999999999,33.07499999999999,0.625,13.5,,,,,,,0.1678322672352523,0.0,2025-09-03T08:00:25.872997,2025_01_TEN_DEN,2025-09-07,Away
259335,1,Xavier Hutchinson,WR,HOU,,,,,,,,,,,,,0.0,0.1678322672352523,2025-09-03T08:00:25.872997,2025_01_HOU_LA,2025-09-07,Away
259332,1,Brock Purdy,QB,SF,244.5,19.475000000000005,1.6125,27.404999999999998,0.5375000000000001,12.624999999999996,,,,,,,0.1678322672352523,0.0,2025-09-03T08:00:25.872997,2025_01_SF_SEA,2025-09-07,Away
259337,1,Luther Burden III,WR,CHI,,,,,,,,,,,,,0.0,0.1678322672352523,2025-09-03T08:00:25.872997,2025_01_MIN_CHI,2025-09-08,Home
259326,1,Nick Westbrook-Ikhine,WR,MIA,,,,,,,,,,,,,0.0,0.18104350044648554,2025-09-03T08:00:25.872997,2025_01_MIA_IND,2025-09-07,Away
259322,1,Miles Sanders,RB,DAL,,,,,,,,,,,,,0.18104350044648554,0.0,2025-09-03T08:00:25.872997,2025_01_DAL_PHI,2025-09-04,Away
259327,1,Bryce Young,QB,CAR,204.72500000000005,20.865,0.8699999999999999,31.81499999999999,0.5,16.5,,,,,,,0.18104350044648554,0.0,2025-09-03T08:00:25.872997,2025_01_CAR_JAX,2025-09-07,Away
259332,1,Jordan Watkins,WR,SF,,,,,,,,,,,,,0.0,0.18104350044648554,2025-09-03T08:00:25.872997,2025_01_SF_SEA,2025-09-07,Away
259324,1,Baker Mayfield,QB,TB,240.5,21.93,1.7475000000000003,33.8,0.5,15.079999999999998,,,,,,,0.18104350044648554,0.0,2025-09-03T08:00:25.872997,2025_01_TB_ATL,2025-09-07,Away
259325,1,Roman Wilson,WR,PIT,,,,,,,,,,,,,0.0,0.18104350044648554,2025-09-03T08:00:25.872997,2025_01_PIT_NYJ,2025-09-07,Away
259333,1,Pat Bryant,WR,DEN,,,,,,,,,,,,,0.0,0.18104350044648554,2025-09-03T08:00:25.872997,2025_01_TEN_DEN,2025-09-07,Home
259327,1,Tim Patrick,WR,JAX,,,,,,,,,,,,,0.0,0.18104350044648554,2025-09-03T08:00:25.872997,2025_01_CAR_JAX,2025-09-07,Home
259329,1,Spencer Rattler,QB,NO,191.25,15.1125,0.1950000000000005,30.19500000000001,0.715,21.5,,,,,,,0.18104350044648554,0.0,2025-09-03T08:00:25.872997,2025_01_ARI_NO,2025-09-07,Home
259336,1,Justice Hill,RB,BAL,,,,,,,,,,,,,0.18104350044648554,0.0,2025-09-03T08:00:25.872997,2025_01_BAL_BUF,2025-09-07,Away
259333,1,Chig Okonkwo,TE,TEN,,,,,,,,30.87500000000001,3.290000000000001,,,,0.0,0.18104350044648554,2025-09-03T08:00:25.872997,2025_01_TEN_DEN,2025-09-07,Away
259323,1,Justin Herbert,QB,LAC,231.5,19.065,1.1175,31.18500000000001,0.42500000000000004,14.790000000000001,3.9025,,,,,,0.18104350044648554,0.0,2025-09-03T08:00:25.872997,2025_01_KC_LAC,2025-09-05,Home
259333,1,Troy Franklin,WR,DEN,,,,,,,,19.5,2.1224999999999996,,,,0.0,0.18104350044648554,2025-09-03T08:00:25.872997,2025_01_TEN_DEN,2025-09-07,Home
259322,1,Jalen Tolbert,WR,DAL,,,,,,,,,,,,,0.0,0.18104350044648554,2025-09-03T08:00:25.872997,2025_01_DAL_PHI,2025-09-04,Away
259337,1,Kyle Monangai,RB,CHI,,,,,,,,,,,,,0.18104350044648554,0.0,2025-09-03T08:00:25.872997,2025_01_MIN_CHI,2025-09-08,Home
259323,1,Jalen Royals,WR,KC,,,,,,,,,,,,,0.0,0.18104350044648554,2025-09-03T08:00:25.872997,2025_01_KC_LAC,2025-09-05,Away
259323,1,Patrick Mahomes,QB,KC,223.71749999999994,22.090000000000007,1.8225000000000002,39.675,0.4525,17.5,3.325000000000001,,,,,,0.18104350044648554,0.0,2025-09-03T08:00:25.872997,2025_01_KC_LAC,2025-09-05,Away
259326,1,DJ Giddens,RB,IND,,,,,,,,,,,,,0.19664179104477614,0.0,2025-09-03T08:00:25.872997,2025_01_MIA_IND,2025-09-07,Home
259335,1,Jayden Higgins,WR,HOU,,,,,,,,,,,,,0.0,0.19664179104477614,2025-09-03T08:00:25.872997,2025_01_HOU_LA,2025-09-07,Away
259326,1,Adonai Mitchell,WR,IND,,,,,,,,,,,,,0.0,0.19664179104477614,2025-09-03T08:00:25.872997,2025_01_MIA_IND,2025-09-07,Home
259323,1,Tyquan Thornton,WR,KC,,,,,,,,,,,,,0.0,0.19664179104477614,2025-09-03T08:00:25.872997,2025_01_KC_LAC,2025-09-05,Away
259326,1,Julian Hill,TE,MIA,,,,,,,,,,,,,0.0,0.19664179104477614,2025-09-03T08:00:25.872997,2025_01_MIA_IND,2025-09-07,Away
259333,1,Tyler Lockett,WR,TEN,,,,,,,,21.714999999999993,1.7249999999999999,,,,0.0,0.19664179104477614,2025-09-03T08:00:25.872997,2025_01_TEN_DEN,2025-09-07,Away
259330,1,Samaje Perine,RB,CIN,,,,,,,,,,,,,0.19664179104477614,0.0,2025-09-03T08:00:25.872997,2025_01_CIN_CLE,2025-09-07,Away
259325,1,Mason Taylor,TE,NYJ,,,,,,,,22.5,2.175,,,,0.0,0.19664179104477614,2025-09-03T08:00:25.872997,2025_01_PIT_NYJ,2025-09-07,Home
259335,1,Blake Corum,RB,LA,,,,,,,,,,,,,0.19664179104477614,0.0,2025-09-03T08:00:25.872997,2025_01_HOU_LA,2025-09-07,Home
259325,1,Kenneth Gainwell,RB,PIT,,,,,,,,,,,,,0.19664179104477614,0.0,2025-09-03T08:00:25.872997,2025_01_PIT_NYJ,2025-09-07,Away
259323,1,JuJu Smith-Schuster,WR,KC,,,,,,,,19.694999999999993,2.1975000000000002,,,,0.0,0.19664179104477614,2025-09-03T08:00:25.872997,2025_01_KC_LAC,2025-09-05,Away
259328,1,Jeremy McNichols,RB,WAS,,,,,,,,,,,,,0.19664179104477614,0.0,2025-09-03T08:00:25.872997,2025_01_NYG_WAS,2025-09-07,Home
259332,1,Tory Horton,WR,SEA,,,,,,,,,,,,,0.0,0.19664179104477614,2025-09-03T08:00:25.872997,2025_01_SF_SEA,2025-09-07,Home
259327,1,Ja'Tavion Sanders,TE,CAR,,,,,,,,,,,,,0.0,0.21452702702702703,2025-09-03T08:00:25.872997,2025_01_CAR_JAX,2025-09-07,Away
259327,1,Hunter Renfrow,WR,CAR,,,,,,,,,,,,,0.0,0.21452702702702703,2025-09-03T08:00:25.872997,2025_01_CAR_JAX,2025-09-07,Away
259323,1,Tyler Conklin,TE,LAC,,,,,,,,17.15,,,,,0.0,0.21452702702702703,2025-09-03T08:00:25.872997,2025_01_KC_LAC,2025-09-05,Home
259336,1,Ray Davis,RB,BUF,,,,,,17.325000000000006,,,,,,,0.21452702702702703,0.0,2025-09-03T08:00:25.872997,2025_01_BAL_BUF,2025-09-07,Home
259336,1,Dawson Knox,TE,BUF,,,,,,,,,,,,,0.0,0.21452702702702703,2025-09-03T08:00:25.872997,2025_01_BAL_BUF,2025-09-07,Home
259329,1,Michael Wilson,WR,ARI,,,,,,,,25.5,1.9999999999999998,,,,0.0,0.21452702702702703,2025-09-03T08:00:25.872997,2025_01_ARI_NO,2025-09-07,Away
259329,1,Juwan Johnson,TE,NO,,,,,,,,25.5,2.7875,,,,0.0,0.21452702702702703,2025-09-03T08:00:25.872997,2025_01_ARI_NO,2025-09-07,Home
259327,1,Tommy Tremble,TE,CAR,,,,,,,,,,,,,0.0,0.21452702702702703,2025-09-03T08:00:25.872997,2025_01_CAR_JAX,2025-09-07,Away
259327,1,Bhayshul Tuten,RB,JAX,,,,,,,,,,,,,0.21452702702702703,0.0,2025-09-03T08:00:25.872997,2025_01_CAR_JAX,2025-09-07,Home
259334,1,Isaac TeSlaa,WR,DET,,,,,,,,17.945000000000004,,,,,0.0,0.21452702702702703,2025-09-03T08:00:25.872997,2025_01_DET_GB,2025-09-07,Away
259331,1,Tre Tucker,WR,LV,,,,,,,,,,,,,0.0,0.21452702702702703,2025-09-03T08:00:25.872997,2025_01_LV_NE,2025-09-07,Away
259330,1,Harold Fannin Jr.,TE,CLE,,,,,,,,,,,,,0.0,0.21452702702702703,2025-09-03T08:00:25.872997,2025_01_CIN_CLE,2025-09-07,Home
259337,1,Jalen Nailor,WR,MIN,,,,,,,,,,,,,0.0,0.21452702702702703,2025-09-03T08:00:25.872997,2025_01_MIN_CHI,2025-09-08,Away
259325,1,Calvin Austin III,WR,PIT,,,,,,,,23.765000000000004,1.7249999999999999,,,,0.0,0.23519394512771996,2025-09-03T08:00:25.872997,2025_01_PIT_NYJ,2025-09-07,Away
259330,1,Jamari Thrash,WR,CLE,,,,,,,,,,,,,0.0,0.23519394512771996,2025-09-03T08:00:25.872997,2025_01_CIN_CLE,2025-09-07,Home
259332,1,AJ Barner,TE,SEA,,,,,,,,,,,,,0.0,0.23519394512771996,2025-09-03T08:00:25.872997,2025_01_SF_SEA,2025-09-07,Home
259325,1,Pat Freiermuth,TE,PIT,,,,,,,,27.5,3.2624999999999997,,,,0.0,0.23519394512771996,2025-09-03T08:00:25.872997,2025_01_PIT_NYJ,2025-09-07,Away
259331,1,Dont'e Thornton Jr.,WR,LV,,,,,,,,,,,,,0.0,0.23519394512771996,2025-09-03T08:00:25.872997,2025_01_LV_NE,2025-09-07,Away
259337,1,Colston Loveland,TE,CHI,,,,,,,,28.5,3.2750000000000004,,,,0.0,0.23519394512771996,2025-09-03T08:00:25.872997,2025_01_MIN_CHI,2025-09-08,Home
259324,1,Ray-Ray McCloud,WR,ATL,,,,,,,,,,,,,0.0,0.23519394512771996,2025-09-03T08:00:25.872997,2025_01_TB_ATL,2025-09-07,Home
259327,1,Parker Washington,WR,JAX,,,,,,,,13.5,1.3724999999999996,,,,0.0,0.23519394512771996,2025-09-03T08:00:25.872997,2025_01_CAR_JAX,2025-09-07,Home
259336,1,Joshua Palmer,WR,BUF,,,,,,,,,,,,,0.0,0.23519394512771996,2025-09-03T08:00:25.872997,2025_01_BAL_BUF,2025-09-07,Home
259327,1,Dyami Brown,WR,JAX,,,,,,,,23.734999999999992,1.3249999999999997,,,,0.0,0.23519394512771996,2025-09-03T08:00:25.872997,2025_01_CAR_JAX,2025-09-07,Home
259337,1,Olamide Zaccheaus,WR,CHI,,,,,,,,,,,,,0.0,0.23519394512771996,2025-09-03T08:00:25.872997,2025_01_MIN_CHI,2025-09-08,Home
259326,1,Malik Washington,WR,MIA,,,,,,,,,,,,,0.0,0.23519394512771996,2025-09-03T08:00:25.872997,2025_01_MIA_IND,2025-09-07,Away
259324,1,Sterling Shepard,WR,TB,,,,,,,,,,,,,0.0,0.23519394512771996,2025-09-03T08:00:25.872997,2025_01_TB_ATL,2025-09-07,Away
259325,1,Jonnu Smith,TE,PIT,,,,,,,,26.76499999999999,2.1000000000000005,,,,0.0,0.23519394512771996,2025-09-03T08:00:25.872997,2025_01_PIT_NYJ,2025-09-07,Away
259336,1,DeAndre Hopkins,WR,BAL,,,,,,,,,,,,,0.0,0.23519394512771996,2025-09-03T08:00:25.872997,2025_01_BAL_BUF,2025-09-07,Away
259328,1,Wan'Dale Robinson,WR,NYG,,,,,,,,37.5,3.7574999999999994,,,,0.0,0.23519394512771996,2025-09-03T08:00:25.872997,2025_01_NYG_WAS,2025-09-07,Away
259327,1,Trevor Lawrence,QB,JAX,241.89499999999992,21.375000000000007,1.4250000000000005,32.83,0.5650000000000001,14.5,,,,,,,0.23519394512771996,0.0,2025-09-03T08:00:25.872997,2025_01_CAR_JAX,2025-09-07,Home
259328,1,Jaylin Lane,WR,WAS,,,,,,,,,,,,,0.0,0.23519394512771996,2025-09-03T08:00:25.872997,2025_01_NYG_WAS,2025-09-07,Home
259323,1,Quentin Johnston,WR,LAC,,,,,,,,23.734999999999992,1.9,,,,0.0,0.26217807211184696,2025-09-03T08:00:25.872997,2025_01_KC_LAC,2025-09-05,Home
259323,1,Noah Gray,TE,KC,,,,,,,,20.5,2.0999999999999996,,,,0.0,0.26217807211184696,2025-09-03T08:00:25.872997,2025_01_KC_LAC,2025-09-05,Away
259328,1,Noah Brown,WR,WAS,,,,,,,,,,,,,0.0,0.26217807211184696,2025-09-03T08:00:25.872997,2025_01_NYG_WAS,2025-09-07,Home
259335,1,Dalton Schultz,TE,HOU,,,,,,,,23.5,2.5,,,,0.0,0.26217807211184696,2025-09-03T08:00:25.872997,2025_01_HOU_LA,2025-09-07,Away
259328,1,Theo Johnson,TE,NYG,,,,,,,,23.5,2.0250000000000004,,,,0.0,0.26217807211184696,2025-09-03T08:00:25.872997,2025_01_NYG_WAS,2025-09-07,Away
259329,1,Rashid Shaheed,WR,NO,,,,,,,,40.684999999999995,2.1000000000000005,,,,0.0,0.26217807211184696,2025-09-03T08:00:25.872997,2025_01_ARI_NO,2025-09-07,Home
259329,1,Trey Palmer,WR,NO,,,,,,,,,,,,,0.0,0.26217807211184696,2025-09-03T08:00:25.872997,2025_01_ARI_NO,2025-09-07,Home
259332,1,Zach Charbonnet,RB,SEA,,,,,,30.5,7.5074999999999985,,,,,,0.26217807211184696,0.0,2025-09-03T08:00:25.872997,2025_01_SF_SEA,2025-09-07,Home
259328,1,Darius Slayton,WR,NYG,,,,,,,,25.754999999999992,2.0625,,,,0.0,0.26217807211184696,2025-09-03T08:00:25.872997,2025_01_NYG_WAS,2025-09-07,Away
259326,1,Alec Pierce,WR,IND,,,,,,,,,,,,,0.0,0.26217807211184696,2025-09-03T08:00:25.872997,2025_01_MIA_IND,2025-09-07,Home
259327,1,Brenton Strange,TE,JAX,,,,,,,,27.93,3.4125,,,,0.0,0.26217807211184696,2025-09-03T08:00:25.872997,2025_01_CAR_JAX,2025-09-07,Home
259331,1,Drake Maye,QB,NE,214.5,20.5,1.08,27.8775,0.47500000000000014,29.20500000000001,4.5375000000000005,,,,,,0.26217807211184696,0.0,2025-09-03T08:00:25.872997,2025_01_LV_NE,2025-09-07,Home
259333,1,Bo Nix,QB,DEN,208.39500000000007,23.165000000000003,1.7475000000000003,31.5,0.41250000000000003,18.87,4.18,,,,,,0.26217807211184696,0.0,2025-09-03T08:00:25.872997,2025_01_TEN_DEN,2025-09-07,Home
259323,1,Kareem Hunt,RB,KC,,,,,,18.525000000000006,5.032499999999999,,,,,,0.26217807211184696,0.0,2025-09-03T08:00:25.872997,2025_01_KC_LAC,2025-09-05,Away
259335,1,Tutu Atwell,WR,LA,,,,,,,,22.275000000000006,1.45,,,,0.0,0.26217807211184696,2025-09-03T08:00:25.872997,2025_01_HOU_LA,2025-09-07,Home
259330,1,Andrei Iosivas,WR,CIN,,,,,,,,21.5,1.3249999999999997,,,,0.0,0.26217807211184696,2025-09-03T08:00:25.872997,2025_01_CIN_CLE,2025-09-07,Away
259328,1,Jacory Croskey-Merritt,RB,WAS,,,,,,19.43,,,,,,,0.2805956174940132,0.0,2025-09-03T08:00:25.872997,2025_01_NYG_WAS,2025-09-07,Home
259335,1,Tyler Higbee,TE,LA,,,,,,,,22.5,2.5,,,,0.0,0.2805956174940132,2025-09-03T08:00:25.872997,2025_01_HOU_LA,2025-09-07,Home
259331,1,DeMario Douglas,WR,NE,,,,,,,,31.18500000000001,2.835000000000001,,,,0.0,0.2805956174940132,2025-09-03T08:00:25.872997,2025_01_LV_NE,2025-09-07,Home
259323,1,Keenan Allen,WR,LAC,,,,,,,,35.5,3.534999999999999,,,,0.0,0.2805956174940132,2025-09-03T08:00:25.872997,2025_01_KC_LAC,2025-09-05,Home
259335,1,Dameon Pierce,RB,HOU,,,,,,,,,,,,,0.2805956174940132,0.0,2025-09-03T08:00:25.872997,2025_01_HOU_LA,2025-09-07,Away
259324,1,Cade Otton,TE,TB,,,,,,,,,,,,,0.0,0.29826446280991736,2025-09-03T08:00:25.872997,2025_01_TB_ATL,2025-09-07,Away
259337,1,Adam Thielen,WR,MIN,,,,,,,,32.5,2.2575000000000003,,,,0.0,0.29826446280991736,2025-09-03T08:00:25.872997,2025_01_MIN_CHI,2025-09-08,Away
259324,1,Payne Durham,TE,TB,,,,,,,,,,,,,0.0,0.29826446280991736,2025-09-03T08:00:25.872997,2025_01_TB_ATL,2025-09-07,Away
259327,1,Rico Dowdle,RB,CAR,,,,,,23.765000000000004,,,,,,,0.29826446280991736,0.0,2025-09-03T08:00:25.872997,2025_01_CAR_JAX,2025-09-07,Away
259329,1,Trey Benson,RB,ARI,,,,,,25.5,,,,,,,0.29826446280991736,0.0,2025-09-03T08:00:25.872997,2025_01_ARI_NO,2025-09-07,Away
259324,1,Rachaad White,RB,TB,,,,,,,,,,,,,0.29826446280991736,0.0,2025-09-03T08:00:25.872997,2025_01_TB_ATL,2025-09-07,Away
259337,1,Roschon Johnson,RB,CHI,,,,,,,,,,,,,0.29826446280991736,0.0,2025-09-03T08:00:25.872997,2025_01_MIN_CHI,2025-09-08,Home
259330,1,Mike Gesicki,TE,CIN,,,,,,,,19.5,1.9999999999999998,,,,0.0,0.29826446280991736,2025-09-03T08:00:25.872997,2025_01_CIN_CLE,2025-09-07,Away
259334,1,Dontayvion Wicks,WR,GB,,,,,,,,,,,,,0.0,0.29826446280991736,2025-09-03T08:00:25.872997,2025_01_DET_GB,2025-09-07,Home
259328,1,Cam Skattebo,RB,NYG,,,,,,,,,,,,,0.29826446280991736,0.0,2025-09-03T08:00:25.872997,2025_01_NYG_WAS,2025-09-07,Away
259322,1,Jake Ferguson,TE,DAL,,,,,,,,36.0125,4.2,,,,0.0,0.29826446280991736,2025-09-03T08:00:25.872997,2025_01_DAL_PHI,2025-09-04,Away
259322,1,Dallas Goedert,TE,PHI,,,,,,,,36.96,3.534999999999999,,,,0.0,0.32927927927927925,2025-09-03T08:00:25.872997,2025_01_DAL_PHI,2025-09-04,Home
259326,1,Jaylen Wright,RB,MIA,,,,,,,,,,,,,0.32927927927927925,0.0,2025-09-03T08:00:25.872997,2025_01_MIA_IND,2025-09-07,Away
259324,1,Kyle Pitts,TE,ATL,,,,,,,,39.5,3.2024999999999992,,,,0.0,0.32927927927927925,2025-09-03T08:00:25.872997,2025_01_TB_ATL,2025-09-07,Home
259330,1,Cedric Tillman,WR,CLE,,,,,,,,39.5,2.4674999999999994,,,,0.0,0.32927927927927925,2025-09-03T08:00:25.872997,2025_01_CIN_CLE,2025-09-07,Home
259326,1,Tyler Warren,TE,IND,,,,,,,,,,,,,0.0,0.32927927927927925,2025-09-03T08:00:25.872997,2025_01_MIA_IND,2025-09-07,Home
259326,1,Josh Downs,WR,IND,,,,,,,,,,,,,0.0,0.32927927927927925,2025-09-03T08:00:25.872997,2025_01_MIA_IND,2025-09-07,Home
259325,1,Kaleb Johnson,RB,PIT,,,,,,18.915000000000003,5.5,,,,,,0.3403103468241561,0.0,2025-09-03T08:00:25.872997,2025_01_PIT_NYJ,2025-09-07,Away
259324,1,Darnell Mooney,WR,ATL,,,,,,,,,,,,,0.0,0.3403103468241561,2025-09-03T08:00:25.872997,2025_01_TB_ATL,2025-09-07,Home
259332,1,Cooper Kupp,WR,SEA,,,,,,,,38.5,3.674999999999999,,,,0.0,0.3403103468241561,2025-09-03T08:00:25.872997,2025_01_SF_SEA,2025-09-07,Home
259325,1,Braelon Allen,RB,NYJ,,,,,,30.5,,,,,,,0.35117083136885113,0.0,2025-09-03T08:00:25.872997,2025_01_PIT_NYJ,2025-09-07,Home
259324,1,Tyler Allgeier,RB,ATL,,,,,,22.724999999999994,6.9575000000000005,,,,,,0.35117083136885113,0.0,2025-09-03T08:00:25.872997,2025_01_TB_ATL,2025-09-07,Home
259327,1,Xavier Legette,WR,CAR,,,,,,,,37.5,2.9224999999999994,,,,0.0,0.35117083136885113,2025-09-03T08:00:25.872997,2025_01_CAR_JAX,2025-09-07,Away
259333,1,Marvin Mims Jr.,WR,DEN,,,,,,,,35.250000000000014,2.1525000000000003,,,,0.0,0.35117083136885113,2025-09-03T08:00:25.872997,2025_01_TEN_DEN,2025-09-07,Home
259333,1,Calvin Ridley,WR,TEN,,,,,,,,52.43,3.5999999999999996,,,,0.0,0.35117083136885113,2025-09-03T08:00:25.872997,2025_01_TEN_DEN,2025-09-07,Away
259335,1,Christian Kirk,WR,HOU,,,,,,,,45.5,3.5,,,,0.0,0.35117083136885113,2025-09-03T08:00:25.872997,2025_01_HOU_LA,2025-09-07,Away
259326,1,Ollie Gordon II,RB,MIA,,,,,,,,,,,,,0.35117083136885113,0.0,2025-09-03T08:00:25.872997,2025_01_MIA_IND,2025-09-07,Away
259336,1,Rashod Bateman,WR,BAL,,,,,,,,36.75,3.0,,,,0.0,0.3628421665695981,2025-09-03T08:00:25.872997,2025_01_BAL_BUF,2025-09-07,Away
259334,1,Romeo Doubs,WR,GB,,,,,,,,36.13500000000001,,,,,0.0,0.37543129312931295,2025-09-03T08:00:25.872997,2025_01_DET_GB,2025-09-07,Home
259334,1,Sam LaPorta,TE,DET,,,,,,,,38.5,4.0249999999999995,,,,0.0,0.37543129312931295,2025-09-03T08:00:25.872997,2025_01_DET_GB,2025-09-07,Away
259330,1,David Njoku,TE,CLE,,,,,,,,50.98499999999999,5.76,,,,0.0,0.37543129312931295,2025-09-03T08:00:25.872997,2025_01_CIN_CLE,2025-09-07,Home
259334,1,Jayden Reed,WR,GB,,,,,,,,,,,,,0.0,0.37543129312931295,2025-09-03T08:00:25.872997,2025_01_DET_GB,2025-09-07,Home
259325,1,Garrett Wilson,WR,NYJ,,,,,,,,55.5,5.692500000000001,,,,0.0,0.37543129312931295,2025-09-03T08:00:25.872997,2025_01_PIT_NYJ,2025-09-07,Home
259336,1,Khalil Shakir,WR,BUF,,,,,,,,46.86499999999999,,,,,0.0,0.38969298245614037,2025-09-03T08:00:25.872997,2025_01_BAL_BUF,2025-09-07,Home
259331,1,Hunter Henry,TE,NE,,,,,,,,32.17500000000001,2.6075,,,,0.0,0.38969298245614037,2025-09-03T08:00:25.872997,2025_01_LV_NE,2025-09-07,Home
259334,1,Jameson Williams,WR,DET,,,,,,,,52.5,3.7975000000000008,,,,0.0,0.38969298245614037,2025-09-03T08:00:25.872997,2025_01_DET_GB,2025-09-07,Away
259331,1,Jakobi Meyers,WR,LV,,,,,,,,51.5,5.175,,,,0.0,0.38969298245614037,2025-09-03T08:00:25.872997,2025_01_LV_NE,2025-09-07,Away
259337,1,Rome Odunze,WR,CHI,,,,,,,,50.5,3.42,,,,0.0,0.40512032770097284,2025-09-03T08:00:25.872997,2025_01_MIN_CHI,2025-09-08,Home
259322,1,Javonte Williams,RB,DAL,,,,,,34.875,10.5925,10.695,1.5750000000000002,,,,0.40512032770097284,0.0,2025-09-03T08:00:25.872997,2025_01_DAL_PHI,2025-09-04,Away
259336,1,Keon Coleman,WR,BUF,,,,,,,,,,,,,0.0,0.40512032770097284,2025-09-03T08:00:25.872997,2025_01_BAL_BUF,2025-09-07,Home
259326,1,Michael Pittman Jr.,WR,IND,,,,,,,,,,,,,0.0,0.40512032770097284,2025-09-03T08:00:25.872997,2025_01_MIA_IND,2025-09-07,Home
259336,1,Mark Andrews,TE,BAL,,,,,,,,44.944999999999986,2.61,,,,0.0,0.40512032770097284,2025-09-03T08:00:25.872997,2025_01_BAL_BUF,2025-09-07,Away
259337,1,T.J. Hockenson,TE,MIN,,,,,,,,41.085000000000015,3.9149999999999996,,,,0.0,0.40512032770097284,2025-09-03T08:00:25.872997,2025_01_MIN_CHI,2025-09-08,Away
259334,1,Tucker Kraft,TE,GB,,,,,,,,38.5,2.9750000000000005,,,,0.0,0.40512032770097284,2025-09-03T08:00:25.872997,2025_01_DET_GB,2025-09-07,Home
259322,1,George Pickens,WR,DAL,,,,,,,,56.05499999999998,3.0375000000000005,,,,0.0,0.40512032770097284,2025-09-03T08:00:25.872997,2025_01_DAL_PHI,2025-09-04,Away
259334,1,Matthew Golden,WR,GB,,,,,,,,48.5,4.445,,,,0.0,0.40512032770097284,2025-09-03T08:00:25.872997,2025_01_DET_GB,2025-09-07,Home
259329,1,Trey McBride,TE,ARI,,,,,,,,63.5,4.777499999999999,,,,0.0,0.4220211161387632,2025-09-03T08:00:25.872997,2025_01_ARI_NO,2025-09-07,Away
259329,1,Chris Olave,WR,NO,,,,,,,,49.5,4.117499999999999,,,,0.0,0.4220211161387632,2025-09-03T08:00:25.872997,2025_01_ARI_NO,2025-09-07,Home
259336,1,Zay Flowers,WR,BAL,,,,,,,,56.92500000000002,4.365000000000001,,,,0.0,0.4220211161387632,2025-09-03T08:00:25.872997,2025_01_BAL_BUF,2025-09-07,Away
259325,1,Justin Fields,QB,NYJ,177.99,16.664999999999996,0.7025,27.824999999999992,0.5,42.5,8.16,,,,,,0.4220211161387632,0.0,2025-09-03T08:00:25.872997,2025_01_PIT_NYJ,2025-09-07,Home
259328,1,Zach Ertz,TE,WAS,,,,,,,,32.5,3.6049999999999995,,,,0.0,0.4220211161387632,2025-09-03T08:00:25.872997,2025_01_NYG_WAS,2025-09-07,Home
259335,1,Nick Chubb,RB,HOU,,,,,,42.5,11.959999999999999,,,,,,0.4220211161387632,0.0,2025-09-03T08:00:25.872997,2025_01_HOU_LA,2025-09-07,Away
259323,1,Marquise Brown,WR,KC,,,,,,,,39.5,3.325000000000001,,,,0.0,0.4220211161387632,2025-09-03T08:00:25.872997,2025_01_KC_LAC,2025-09-05,Away
259326,1,Jaylen Waddle,WR,MIA,,,,,,,,57.5,5.0175,,,,0.0,0.4220211161387632,2025-09-03T08:00:25.872997,2025_01_MIA_IND,2025-09-07,Away
259330,1,Jerry Jeudy,WR,CLE,,,,,,,,58.5,4.8375,,,,0.0,0.4220211161387632,2025-09-03T08:00:25.872997,2025_01_CIN_CLE,2025-09-07,Home
259333,1,Evan Engram,TE,DEN,,,,,,,,34.5,3.1049999999999995,,,,0.0,0.4220211161387632,2025-09-03T08:00:25.872997,2025_01_TEN_DEN,2025-09-07,Home
259329,1,Kyler Murray,QB,ARI,219.28500000000008,21.5,1.1625,31.525000000000006,0.5,27.667500000000004,4.18,,,,,,0.4220211161387632,0.0,2025-09-03T08:00:25.872997,2025_01_ARI_NO,2025-09-07,Away
259336,1,Lamar Jackson,QB,BAL,231.16500000000008,19.424999999999994,1.6575000000000002,28.78499999999999,0.43499999999999994,46.07500000000001,6.885000000000002,,,,,,0.4220211161387632,0.0,2025-09-03T08:00:25.872997,2025_01_BAL_BUF,2025-09-07,Away
259337,1,DJ Moore,WR,CHI,,,,,,,,56.92500000000002,4.73,,,,0.0,0.4406609195402299,2025-09-03T08:00:25.872997,2025_01_MIN_CHI,2025-09-08,Home
259326,1,Daniel Jones,QB,IND,199.5,20.962500000000002,0.7649999999999997,27.645000000000007,0.4050000000000001,21.6,5.9125000000000005,,,,,,0.4406609195402299,0.0,2025-09-03T08:00:25.872997,2025_01_MIA_IND,2025-09-07,Home
259325,1,DK Metcalf,WR,PIT,,,,,,,,54.94500000000002,3.7574999999999994,,,,0.0,0.4406609195402299,2025-09-03T08:00:25.872997,2025_01_PIT_NYJ,2025-09-07,Away
259331,1,Brock Bowers,TE,LV,,,,,,,,64.5,5.0375,,,,0.0,0.4406609195402299,2025-09-03T08:00:25.872997,2025_01_LV_NE,2025-09-07,Away
259323,1,Najee Harris,RB,LAC,,,,,,,,,,,,,0.4406609195402299,0.0,2025-09-03T08:00:25.872997,2025_01_KC_LAC,2025-09-05,Home
259328,1,Deebo Samuel Sr.,WR,WAS,,,,,,,,46.5,4.4275,,,,0.0,0.4406609195402299,2025-09-03T08:00:25.872997,2025_01_NYG_WAS,2025-09-07,Home
259328,1,Chris Rodriguez Jr.,RB,WAS,,,,,,29.5,,,,,,,0.46138528138528145,0.0,2025-09-03T08:00:25.872997,2025_01_NYG_WAS,2025-09-07,Home
259324,1,Emeka Egbuka,WR,TB,,,,,,,,57.91500000000002,4.3999999999999995,,,,0.0,0.46138528138528145,2025-09-03T08:00:25.872997,2025_01_TB_ATL,2025-09-07,Away
259322,1,DeVonta Smith,WR,PHI,,,,,,,,53.95500000000002,4.027499999999999,,,,0.0,0.46138528138528145,2025-09-03T08:00:25.872997,2025_01_DAL_PHI,2025-09-04,Home
259327,1,Travis Hunter,WR,JAX,,,,,,,,47.02500000000001,3.2399999999999998,,,,0.0,0.4846560846560847,2025-09-03T08:00:25.872997,2025_01_CAR_JAX,2025-09-07,Home
259331,1,Stefon Diggs,WR,NE,,,,,,,,45.5,4.365000000000001,,,,0.0,0.4846560846560847,2025-09-03T08:00:25.872997,2025_01_LV_NE,2025-09-07,Home
259323,1,Travis Kelce,TE,KC,,,,,,,,46.5,3.96,,,,0.0,0.4846560846560847,2025-09-03T08:00:25.872997,2025_01_KC_LAC,2025-09-05,Away
259337,1,Jordan Mason,RB,MIN,,,,,,42.07500000000002,,,,,,,0.4846560846560847,0.0,2025-09-03T08:00:25.872997,2025_01_MIN_CHI,2025-09-08,Away
259337,1,D'Andre Swift,RB,CHI,,,,,,53.5,13.23,17.5,2.0874999999999995,,,,0.4846560846560847,0.0,2025-09-03T08:00:25.872997,2025_01_MIN_CHI,2025-09-08,Home
259328,1,Jayden Daniels,QB,WAS,228.5,20.855000000000004,1.5,31.81499999999999,0.4425,43.35,9.009999999999998,,,,,,0.4846560846560847,0.0,2025-09-03T08:00:25.872997,2025_01_NYG_WAS,2025-09-07,Home
259327,1,Tetairoa McMillan,WR,CAR,,,,,,,,62.225000000000016,4.3999999999999995,,,,0.0,0.4846560846560847,2025-09-03T08:00:25.872997,2025_01_CAR_JAX,2025-09-07,Away
259325,1,Breece Hall,RB,NYJ,,,,,,47.02500000000001,11.875000000000004,19.694999999999993,3.2,,,,0.4846560846560847,0.0,2025-09-03T08:00:25.872997,2025_01_PIT_NYJ,2025-09-07,Home
259323,1,Ladd McConkey,WR,LAC,,,,,,,,71.5,5.774999999999999,,,,0.0,0.4846560846560847,2025-09-03T08:00:25.872997,2025_01_KC_LAC,2025-09-05,Home
259330,1,Dylan Sampson,RB,CLE,,,,,,,,,,,,,0.4846560846560847,0.0,2025-09-03T08:00:25.872997,2025_01_CIN_CLE,2025-09-07,Home
259328,1,Austin Ekeler,RB,WAS,,,,,,25.5,6.045,23.1125,3.0375,,,,0.4846560846560847,0.0,2025-09-03T08:00:25.872997,2025_01_NYG_WAS,2025-09-07,Home
259333,1,RJ Harvey,RB,DEN,,,,,,34.5,8.075000000000003,12.624999999999996,1.3625,,,,0.5052631578947369,0.0,2025-09-03T08:00:25.872997,2025_01_TEN_DEN,2025-09-07,Home
259337,1,Aaron Jones Sr.,RB,MIN,,,,,,48.98500000000001,11.437499999999998,17.5,2.6875,,,,0.5052631578947369,0.0,2025-09-03T08:00:25.872997,2025_01_MIN_CHI,2025-09-08,Away
259325,1,Jaylen Warren,RB,PIT,,,,,,55.04499999999998,12.999999999999998,19.305000000000007,2.2575000000000003,,,,0.5052631578947369,0.0,2025-09-03T08:00:25.872997,2025_01_PIT_NYJ,2025-09-07,Away
259328,1,Tyrone Tracy Jr.,RB,NYG,,,,,,54.990000000000016,15.389999999999999,11.5,0.8499999999999999,,,,0.5052631578947369,0.0,2025-09-03T08:00:25.872997,2025_01_NYG_WAS,2025-09-07,Away
259322,1,A.J. Brown,WR,PHI,,,,,,,,70.19499999999998,3.96,,,,0.0,0.5052631578947369,2025-09-03T08:00:25.872997,2025_01_DAL_PHI,2025-09-04,Home
259327,1,Travis Etienne Jr.,RB,JAX,,,,,,36.96,9.025000000000002,13.634999999999996,1.9375,,,,0.5052631578947369,0.0,2025-09-03T08:00:25.872997,2025_01_CAR_JAX,2025-09-07,Home
259334,1,David Montgomery,RB,DET,,,,,,42.07500000000002,12.337499999999999,9.025000000000002,,,,,0.5052631578947369,0.0,2025-09-03T08:00:25.872997,2025_01_DET_GB,2025-09-07,Away
259331,1,Rhamondre Stevenson,RB,NE,,,,,,42.07500000000002,9.2,,,,,,0.5277777777777778,0.0,2025-09-03T08:00:25.872997,2025_01_LV_NE,2025-09-07,Home
259332,1,Ricky Pearsall,WR,SF,,,,,,,,,,,,,0.0,0.5277777777777778,2025-09-03T08:00:25.872997,2025_01_SF_SEA,2025-09-07,Away
259329,1,Marvin Harrison Jr.,WR,ARI,,,,,,,,61.5,4.59,,,,0.0,0.5277777777777778,2025-09-03T08:00:25.872997,2025_01_ARI_NO,2025-09-07,Away
259332,1,Jauan Jennings,WR,SF,,,,,,,,,,,,,0.0,0.5277777777777778,2025-09-03T08:00:25.872997,2025_01_SF_SEA,2025-09-07,Away
259328,1,Malik Nabers,WR,NYG,,,,,,,,75.5,5.199999999999999,,,,0.0,0.5277777777777778,2025-09-03T08:00:25.872997,2025_01_NYG_WAS,2025-09-07,Away
259330,1,Jerome Ford,RB,CLE,,,,,,,,,,,,,0.5277777777777778,0.0,2025-09-03T08:00:25.872997,2025_01_CIN_CLE,2025-09-07,Home
259323,1,Omarion Hampton,RB,LAC,,,,,,,,,,,,,0.5277777777777778,0.0,2025-09-03T08:00:25.872997,2025_01_KC_LAC,2025-09-05,Home
259332,1,George Kittle,TE,SF,,,,,,,,62.5,5.5125,,,,0.0,0.5277777777777778,2025-09-03T08:00:25.872997,2025_01_SF_SEA,2025-09-07,Away
259327,1,Tank Bigsby,RB,JAX,,,,,,43.06500000000001,9.397499999999997,,,,,,0.5277777777777778,0.0,2025-09-03T08:00:25.872997,2025_01_CAR_JAX,2025-09-07,Home
259323,1,Isiah Pacheco,RB,KC,,,,,,47.5,12.8225,8.5,2.0324999999999998,,,,0.5277777777777778,0.0,2025-09-03T08:00:25.872997,2025_01_KC_LAC,2025-09-05,Away
259332,1,Jaxon Smith-Njigba,WR,SEA,,,,,,,,61.10499999999998,4.317499999999999,,,,0.0,0.5598484848484848,2025-09-03T08:00:25.872997,2025_01_SF_SEA,2025-09-07,Home
259335,1,Nico Collins,WR,HOU,,,,,,,,76.5,5.554999999999998,,,,0.0,0.5598484848484848,2025-09-03T08:00:25.872997,2025_01_HOU_LA,2025-09-07,Away
259334,1,Amon-Ra St. Brown,WR,DET,,,,,,,,64.50500000000001,5.525,,,,0.0,0.5598484848484848,2025-09-03T08:00:25.872997,2025_01_DET_GB,2025-09-07,Away
259331,1,TreVeyon Henderson,RB,NE,,,,,,41.085000000000015,9.974999999999998,21.825000000000003,3.2,,,,0.5598484848484848,0.0,2025-09-03T08:00:25.872997,2025_01_LV_NE,2025-09-07,Home
259322,1,CeeDee Lamb,WR,DAL,,,,,,,,71.77500000000002,5.654999999999999,,,,0.0,0.5598484848484848,2025-09-03T08:00:25.872997,2025_01_DAL_PHI,2025-09-04,Away
259333,1,Tony Pollard,RB,TEN,,,,,,62.11499999999998,15.5,13.775000000000004,3.025,,,,0.5598484848484848,0.0,2025-09-03T08:00:25.872997,2025_01_TEN_DEN,2025-09-07,Away
259335,1,Puka Nacua,WR,LA,,,,,,,,71.77500000000002,4.68,,,,0.0,0.5598484848484848,2025-09-03T08:00:25.872997,2025_01_HOU_LA,2025-09-07,Home
259335,1,Davante Adams,WR,LA,,,,,,,,55.93500000000002,5.6475,,,,0.0,0.5598484848484848,2025-09-03T08:00:25.872997,2025_01_HOU_LA,2025-09-07,Home
259333,1,Courtland Sutton,WR,DEN,,,,,,,,57.91500000000002,4.8375,,,,0.0,0.5903381642512078,2025-09-03T08:00:25.872997,2025_01_TEN_DEN,2025-09-07,Home
259337,1,Justin Jefferson,WR,MIN,,,,,,,,79.28499999999997,4.777499999999999,,,,0.0,0.5903381642512078,2025-09-03T08:00:25.872997,2025_01_MIN_CHI,2025-09-08,Away
259326,1,Tyreek Hill,WR,MIA,,,,,,,,70.19499999999998,5.829999999999998,,,,0.0,0.5903381642512078,2025-09-03T08:00:25.872997,2025_01_MIA_IND,2025-09-07,Away
259327,1,Brian Thomas Jr.,WR,JAX,,,,,,,,75.73500000000003,5.032499999999999,,,,0.0,0.5903381642512078,2025-09-03T08:00:25.872997,2025_01_CAR_JAX,2025-09-07,Home
259328,1,Terry McLaurin,WR,WAS,,,,,,,,58.5,5.0175,,,,0.0,0.5903381642512078,2025-09-03T08:00:25.872997,2025_01_NYG_WAS,2025-09-07,Home
259323,1,Xavier Worthy,WR,KC,,,,,,3.9825,,63.5,4.675000000000001,,,,0.0,0.5977272727272727,2025-09-03T08:00:25.872997,2025_01_KC_LAC,2025-09-05,Away
259330,1,Tee Higgins,WR,CIN,,,,,,,,62.5,4.2625,,,,0.0,0.625974025974026,2025-09-03T08:00:25.872997,2025_01_CIN_CLE,2025-09-07,Away
259324,1,Drake London,WR,ATL,,,,,,,,77.26499999999997,5.199999999999999,,,,0.0,0.625974025974026,2025-09-03T08:00:25.872997,2025_01_TB_ATL,2025-09-07,Home
259332,1,Kenneth Walker III,RB,SEA,,,,,,60.5,16.022500000000004,13.365000000000004,,,,,0.625974025974026,0.0,2025-09-03T08:00:25.872997,2025_01_SF_SEA,2025-09-07,Home
259324,1,Mike Evans,WR,TB,,,,,,,,70.32500000000002,6.0775000000000015,,,,0.0,0.6633699633699633,2025-09-03T08:00:25.872997,2025_01_TB_ATL,2025-09-07,Away
259336,1,James Cook,RB,BUF,,,,,,55.04499999999998,13.23,10.5925,,,,,0.7037037037037037,0.0,2025-09-03T08:00:25.872997,2025_01_BAL_BUF,2025-09-07,Home
259327,1,Chuba Hubbard,RB,CAR,,,,,,60.88500000000002,15.524999999999999,9.594999999999997,1.225,,,,0.748133971291866,0.0,2025-09-03T08:00:25.872997,2025_01_CAR_JAX,2025-09-07,Away
259329,1,Alvin Kamara,RB,NO,,,,,,56.5,13.267499999999998,28.21500000000001,3.9825,,,,0.748133971291866,0.0,2025-09-03T08:00:25.872997,2025_01_ARI_NO,2025-09-07,Home
259334,1,Jahmyr Gibbs,RB,DET,,,,,,67.5,12.96,23.97,3.475,,,,0.748133971291866,0.0,2025-09-03T08:00:25.872997,2025_01_DET_GB,2025-09-07,Away
259336,1,Josh Allen,QB,BUF,238.86499999999992,21.157500000000002,1.5899999999999996,31.11,0.4474999999999999,31.18500000000001,6.889999999999998,,,,,,0.801010101010101,0.0,2025-09-03T08:00:25.872997,2025_01_BAL_BUF,2025-09-07,Home
259331,1,Ashton Jeanty,RB,LV,,,,,,69.79500000000002,15.510000000000005,17.674999999999994,2.45,,,,0.801010101010101,0.0,2025-09-03T08:00:25.872997,2025_01_LV_NE,2025-09-07,Away
259326,1,De'Von Achane,RB,MIA,,,,,,60.88500000000002,13.5,,4.117499999999999,,,,0.8604575163398693,0.0,2025-09-03T08:00:25.872997,2025_01_MIA_IND,2025-09-07,Away
259335,1,Kyren Williams,RB,LA,,,,,,68.5,17.7375,10.069999999999997,2.205,,,,0.8604575163398693,0.0,2025-09-03T08:00:25.872997,2025_01_HOU_LA,2025-09-07,Home
259330,1,Ja'Marr Chase,WR,CIN,,,,,,,,83.65500000000003,6.6949999999999985,,,,0.0,0.8604575163398693,2025-09-03T08:00:25.872997,2025_01_CIN_CLE,2025-09-07,Away
259329,1,James Conner,RB,ARI,,,,,,68.5,15.675000000000004,15.5,2.524999999999999,,,,0.9305555555555556,0.0,2025-09-03T08:00:25.872997,2025_01_ARI_NO,2025-09-07,Away
259324,1,Bucky Irving,RB,TB,,,,,,70.5,16.24,20.5,2.1525000000000003,,,,0.9305555555555556,0.0,2025-09-03T08:00:25.872997,2025_01_TB_ATL,2025-09-07,Away
259322,1,Jalen Hurts,QB,PHI,203.77500000000006,16.3725,1.1024999999999998,29.5475,0.2825,37.874999999999986,8.075000000000003,,,,,,0.9305555555555556,0.0,2025-09-03T08:00:25.872997,2025_01_DAL_PHI,2025-09-04,Home
259336,1,Derrick Henry,RB,BAL,,,,,,82.5,16.275000000000002,,,,,,0.9305555555555556,0.0,2025-09-03T08:00:25.872997,2025_01_BAL_BUF,2025-09-07,Away
259332,1,Christian McCaffrey,RB,SF,,,,,,72.5,16.169999999999998,34.84499999999999,3.6450000000000005,,,,0.9305555555555556,0.0,2025-09-03T08:00:25.872997,2025_01_SF_SEA,2025-09-07,Away
259330,1,Chase Brown,RB,CIN,,,,,,68.17499999999998,14.932500000000001,19.694999999999993,3.2375000000000003,,,,0.9305555555555556,0.0,2025-09-03T08:00:25.872997,2025_01_CIN_CLE,2025-09-07,Away
259334,1,Josh Jacobs,RB,GB,,,,,,71.77500000000002,18.974999999999998,15.81,1.1750000000000003,,,,0.9305555555555556,0.0,2025-09-03T08:00:25.872997,2025_01_DET_GB,2025-09-07,Home
259324,1,Bijan Robinson,RB,ATL,,,,,,77.5,15.05,23.5,3.0449999999999995,,,,1.019047619047619,0.0,2025-09-03T08:00:25.872997,2025_01_TB_ATL,2025-09-07,Home
259326,1,Jonathan Taylor,RB,IND,,,,,,81.5,18.8125,13.9375,2.16,,,,1.019047619047619,0.0,2025-09-03T08:00:25.872997,2025_01_MIA_IND,2025-09-07,Home
259322,1,Saquon Barkley,RB,PHI,,,,,,93.55500000000004,17.842499999999998,13.634999999999996,1.3625,,,,1.019047619047619,0.0,2025-09-03T08:00:25.872997,2025_01_DAL_PHI,2025-09-04,Home
259323,1,Khalil Mack,OLB,LAC,,,,,,,,,,1.7249999999999999,0.17249999999999993,,0.0,0.0,2025-09-03T08:00:25.872997,2025_01_KC_LAC,2025-09-05,Home
259323,1,Drue Tranquill,LB,KC,,,,,,,,,,7.2475,,,0.0,0.0,2025-09-03T08:00:25.872997,2025_01_KC_LAC,2025-09-05,Away
259323,1,Derwin James Jr.,S,LAC,,,,,,,,,,6.215000000000001,-0.31999999999999995,,0.0,0.0,2025-09-03T08:00:25.872997,2025_01_KC_LAC,2025-09-05,Home
259323,1,Nick Bolton,LB,KC,,,,,,,,,,7.475,,,0.0,0.0,2025-09-03T08:00:25.872997,2025_01_KC_LAC,2025-09-05,Away
259322,1,Kenneth Murray,LB,DAL,,,,,,,,,,8.662499999999998,,,0.0,0.0,2025-09-03T08:00:25.872997,2025_01_DAL_PHI,2025-09-04,Away
259323,1,Daiyan Henley,LB,LAC,,,,,,,,,,9.137500000000001,,,0.0,0.0,2025-09-03T08:00:25.872997,2025_01_KC_LAC,2025-09-05,Home
259322,1,Cooper DeJean,DB,PHI,,,,,,,,,,3.9825,,,0.0,0.0,2025-09-03T08:00:25.872997,2025_01_DAL_PHI,2025-09-04,Home
259323,1,Kristian Fulton,CB,KC,,,,,,,,,,4.34,,,0.0,0.0,2025-09-03T08:00:25.872997,2025_01_KC_LAC,2025-09-05,Away
259322,1,Jalen Carter,DT,PHI,,,,,,,,,,1.7624999999999997,0.28500000000000003,,0.0,0.0,2025-09-03T08:00:25.872997,2025_01_DAL_PHI,2025-09-04,Home
259322,1,Quinyon Mitchell,CB,PHI,,,,,,,,,,3.1324999999999994,,,0.0,0.0,2025-09-03T08:00:25.872997,2025_01_DAL_PHI,2025-09-04,Home
259323,1,Donte Jackson,CB,LAC,,,,,,,,,,2.6075,,,0.0,0.0,2025-09-03T08:00:25.872997,2025_01_KC_LAC,2025-09-05,Home
259322,1,Zack Baun,LB,PHI,,,,,,,,,,9.075,-0.6800000000000002,,0.0,0.0,2025-09-03T08:00:25.872997,2025_01_DAL_PHI,2025-09-04,Home
259323,1,Alohi Gilman,S,LAC,,,,,,,,,,4.0975,,,0.0,0.0,2025-09-03T08:00:25.872997,2025_01_KC_LAC,2025-09-05,Home
259323,1,Tarheeb Still,CB,LAC,,,,,,,,,,4.275000000000001,,,0.0,0.0,2025-09-03T08:00:25.872997,2025_01_KC_LAC,2025-09-05,Home
259322,1,Reed Blankenship,S,PHI,,,,,,,,,,5.170000000000002,,,0.0,0.0,2025-09-03T08:00:25.872997,2025_01_DAL_PHI,2025-09-04,Home
259322,1,Nolan Smith Jr.,LB,PHI,,,,,,,,,,2.8874999999999993,0.5,,0.0,0.0,2025-09-03T08:00:25.872997,2025_01_DAL_PHI,2025-09-04,Home
259323,1,Trent McDuffie,CB,KC,,,,,,,,,,4.672499999999999,,,0.0,0.0,2025-09-03T08:00:25.872997,2025_01_KC_LAC,2025-09-05,Away
259323,1,Tuli Tuipulotu,OLB,LAC,,,,,,,,,,,0.14750000000000002,,0.0,0.0,2025-09-03T08:00:25.872997,2025_01_KC_LAC,2025-09-05,Home
259322,1,Jalyx Hunt,OLB,PHI,,,,,,,,,,,0.25249999999999995,,0.0,0.0,2025-09-03T08:00:25.872997,2025_01_DAL_PHI,2025-09-04,Home
259323,1,Mike Danna,DE,KC,,,,,,,,,,,0.09499999999999997,,0.0,0.0,2025-09-03T08:00:25.872997,2025_01_KC_LAC,2025-09-05,Away
259323,1,Bud Dupree,OLB,LAC,,,,,,,,,,,0.015000000000000069,,0.0,0.0,2025-09-03T08:00:25.872997,2025_01_KC_LAC,2025-09-05,Home
259322,1,Osa Odighizuwa,DT,DAL,,,,,,,,,,,0.16999999999999998,,0.0,0.0,2025-09-03T08:00:25.872997,2025_01_DAL_PHI,2025-09-04,Away
259323,1,Chris Jones,DT,KC,,,,,,,,,,,0.43499999999999994,,0.0,0.0,2025-09-03T08:00:25.872997,2025_01_KC_LAC,2025-09-05,Away
259322,1,Dante Fowler Jr.,DE,DAL,,,,,,,,,,,0.195,,0.0,0.0,2025-09-03T08:00:25.872997,2025_01_DAL_PHI,2025-09-04,Away
259323,1,George Karlaftis,DE,KC,,,,,,,,,,,0.51,,0.0,0.0,2025-09-03T08:00:25.872997,2025_01_KC_LAC,2025-09-05,Away
